title,directors,year,genre,runtime,theater,screen_date,screen_times,wiki_id,wiki_title,match_method,wiki_language,language_group
Blue Giant,Yuzuru Tachikawa,,Thriller,0 days 02:00:00,Museum of Fine Arts,2024-03-30,7:00 PM,,,unresolved,,Unknown
Perfect Days,Wim Wenders,,Thriller,0 days 02:03:00,Museum of Fine Arts,2024-04-05,7:00 PM,,,unresolved,,Unknown
Ghost Dog: The Way of the Samurai,Jim Jarmusch,1999,Crime,0 days 01:56:00,The Brattle,2024-05-24,"4:00 PM, 9:00 PM",471352,Ghost Dog: The Way of the Samurai,exact_title,English; French,English listed
Stray Dog,Akira Kurosawa,1949,Crime,0 days 02:02:00,The Brattle,2024-05-24,6:30 PM,867905,Stray Dog (film),exact_film,Japanese,No English listed
Big Trouble in Little China,John Carpenter,1986,Comedy,0 days 01:40:00,Coolidge Corner Theatre,2024-05-24,11:59 PM,697113,Big Trouble in Little China,exact_title,English,English listed
Ring,Hideo Nakata,1998,Horror,0 days 01:36:00,Somerville Theatre,2024-05-25,11:59 PM,180785,Ring (film),exact_year,Japanese,No English listed
Black Rain,Ridley Scott,1989,Drama,0 days 02:05:00,Coolidge Corner Theatre,2024-05-25,11:59 PM,,,unresolved,,Unknown
Stop Making Sense,Jonathan Demme,1984,Documentary,0 days 01:28:00,The Brattle,2024-05-25,10:00 PM,,,unresolved,,Unknown
Thomasine & Bushrod,Gordon Parks Jr.,1974,Western,0 days 01:35:00,The Brattle,2024-05-25,7:00 PM,,,unresolved,,Unknown
Kind Hearts and Coronets,Robert Hamer,1949,Comedy,0 days 01:44:00,The Brattle,2024-05-25,2:30 PM,,,unresolved,,Unknown
Poetry,Lee Chang-dong,2010,Drama,0 days 02:19:00,Museum of Fine Arts,2024-05-25,2:30 PM,26964199,Poetry (film),exact_film,Korean,No English listed
Young Frankenstein,Mel Brooks,1974,Comedy,0 days 01:46:00,The Brattle,2024-05-25,12:00 PM,442647,Young Frankenstein,exact_film,English,English listed
Jour de Fête,Jacques Tati,1949,Comedy,0 days 01:26:00,The Brattle,2024-05-25,4:45 PM,,,unresolved,,Unknown
On the Town,"Stanley Donen, Gene Kelly",1949,Music,0 days 01:38:00,The Brattle,2024-05-26,"12:00 PM, 4:30 PM",12816415,On the Town (film),exact_film,English,English listed
The Taking of Pelham One Two Three,Joseph Sargent,1974,Crime,0 days 01:44:00,The Brattle,2024-05-26,"2:15 PM, 6:45 PM",955409,The Taking of Pelham One Two Three (1974 film),exact_year,English; Spanish; Japanese,English listed
Audition,Takashi Miike,1999,Horror,0 days 01:55:00,The Brattle,2024-05-26,9:00 PM,587265,Audition (1999 film),exact_year,Japanese,No English listed
In a Lonely Place,Nicholas Ray,1950,Drama,0 days 01:34:00,Somerville Theatre,2024-05-27,9:00 PM,812818,In a Lonely Place,exact_title,English,English listed
Spider-Man: Far From Home,Jon Watts,2019,Action,0 days 02:09:00,Coolidge Corner Theatre,2024-05-27,9:30 PM,,,unresolved,,Unknown
"Sorry, Wrong Number",Anatole Litvak,1948,Thriller,0 days 01:29:00,Somerville Theatre,2024-05-27,7:15 PM,183828,"Sorry, Wrong Number",exact_film,English,English listed
All About My Mother,Pedro Almodóvar,1999,Comedy,0 days 01:41:00,The Brattle,2024-05-27,"2:30 PM, 7:15 PM",61664,All About My Mother,exact_title,Plainlist|; Spanish; Catalan; English,English listed
Female Trouble,John Waters,1974,Comedy,0 days 01:37:00,The Brattle,2024-05-27,"4:45 PM, 9:30 PM",1328186,Female Trouble,exact_title,English,English listed
Kind Hearts and Coronets,Robert Hamer,1949,Comedy,0 days 01:44:00,The Brattle,2024-05-27,12:00 PM,,,unresolved,,Unknown
Heathers,Michael Lehmann,1989,Comedy,0 days 01:43:00,Coolidge Corner Theatre,2024-05-27,7:00 PM,13901,Heathers,exact_title,English,English listed
Late Spring,Yasujirō Ozu,1949,Drama,0 days 01:50:00,The Brattle,2024-05-28,6:00 PM,,,unresolved,,Unknown
Whisper of the Heart,Yoshifumi Kondo,1995,Animation,0 days 01:51:00,Coolidge Corner Theatre,2024-05-28,7:00 PM,25382451,Whisper of the Heart,exact_film,Japanese,No English listed
Beau Travail,Claire Denis,2000,Drama,0 days 01:32:00,The Brattle,2024-05-28,8:30 PM,415881,Beau Travail,exact_title,French; Italian; Russian,No English listed
A Woman Under the Influence,John Cassavetes,1974,Drama,0 days 02:35:00,The Brattle,2024-05-29,"4:00 PM, 7:30 PM",76643,A Woman Under the Influence,exact_title,English,English listed
The Wind Rises,Hayao Miyazaki,2013,Drama,0 days 02:06:00,Coolidge Corner Theatre,2024-05-29,7:00 PM,,,unresolved,,Unknown
But I'm a Cheerleader,Jamie Babbit,2000,Comedy,0 days 01:25:00,The Brattle,2024-05-30,"5:00 PM, 7:00 PM",770156,But I'm a Cheerleader,exact_title,English,English listed
Train to Busan,Yeon Sang-ho,2016,Horror,0 days 01:58:00,Museum of Fine Arts,2024-05-30,7:00 PM,,,unresolved,,Unknown
Freaky Friday,Mark Waters,2003,Comedy,0 days 01:37:00,Coolidge Corner Theatre,2024-05-30,7:15 PM,2236324,Freaky Friday (2003 film),exact_year,English,English listed
Martial Law,Steve Cohen,1990,Action,0 days 01:29:00,Coolidge Corner Theatre,2024-05-31,11:59 PM,18791040,Martial Law (1991 film),exact_year,English,English listed
Return to Reason: Four Films by Man Ray,Man Ray,2024,Drama,0 days 01:10:00,The Brattle,2024-05-31,"4:30 PM, 9:00 PM",,,unresolved,,Unknown
Snowpiercer,Bong Joon-ho,2013,Action,0 days 02:07:00,Museum of Fine Arts,2024-05-31,7:00 PM,35816879,Snowpiercer,exact_film,Plainlist|; English; Korean,English listed
Black Tight Killers,Yasuharu Hasebe,1966,Drama,0 days 01:27:00,Somerville Theatre,2024-06-01,11:59 PM,26249449,Black Tight Killers,exact_title,Japanese,No English listed
Darkman,Sam Raimi,1990,Action,0 days 01:35:00,Coolidge Corner Theatre,2024-06-01,11:59 PM,1839695,Darkman,exact_title,English,English listed
Nam June Paik: Moon Is the Oldest TV,Amanda Kim,2023,Documentary,0 days 01:50:00,Museum of Fine Arts,2024-06-01,2:30 PM,,,unresolved,,Unknown
Minari,Lee Isaac Chung,2021,Drama,0 days 01:55:00,Museum of Fine Arts,2024-06-02,2:30 PM,61276724,Minari,exact_film,Plainlist|; Korean; English,English listed
12 Angry Men,Sidney Lumet,1957,Drama,0 days 01:37:00,Coolidge Corner Theatre,2024-06-03,7:00 PM,92605,12 Angry Men,exact_year,English,English listed
Opponent,Milad Alami,2023,Drama,0 days 01:59:00,West Newton Cinema,2024-06-03,7:30 PM,74552614,Opponent (film),exact_film,Swedish; Persian,No English listed
Spider-Man: No Way Home,Jon Watts,2021,Action,0 days 02:28:00,Coolidge Corner Theatre,2024-06-03,9:30 PM,,,unresolved,,Unknown
Candyman,Bernard Rose,1992,Drama,0 days 01:40:00,The Brattle,2024-06-04,"4:45 PM, 9:15 PM",1256990,Candyman (1992 film),exact_year,English,English listed
Poison,Todd Haynes,1991,Horror,0 days 01:25:00,Coolidge Corner Theatre,2024-06-04,7:00 PM,7444907,Poison (1991 film),exact_year,English,English listed
Get Out,Jordan Peele,2017,Mystery,0 days 01:44:00,The Brattle,2024-06-04,7:00 PM,48526729,Get Out,exact_year,English,English listed
Wayne's World,Penelope Spheeris,1992,Comedy,0 days 01:35:00,The Speedway,2024-06-05,8:00 PM,77744,Wayne's World (film),exact_film,English,English listed
Rosemary's Baby,Roman Polanski,1968,Drama,0 days 02:18:00,The Brattle,2024-06-05,7:00 PM,9830229,Rosemary's Baby (film),exact_film,English,English listed
Get Out,Jordan Peele,2017,Mystery,0 days 01:44:00,The Brattle,2024-06-05,"4:45 PM, 9:45 PM",48526729,Get Out,exact_year,English,English listed
Prince: Sign O' the Times,Prince,1987,Music,0 days 01:24:00,The Brattle,2024-06-06,"4:30 PM, 9:00 PM",,,unresolved,,Unknown
Purple Rain,Albert Magnoli,1984,Drama,0 days 01:51:00,The Brattle,2024-06-06,6:30 PM,226331,Purple Rain (film),exact_film,English,English listed
Past Lives,Celine Song,2023,Drama,0 days 01:46:00,Museum of Fine Arts,2024-06-06,7:00 PM,72724981,Past Lives (film),exact_film,Plainlist|; English; Korean,English listed
Nostalgia,Andrei Tarkovsky,1983,Drama,0 days 02:05:00,The Brattle,2024-06-07,"4:00 PM, 7:00 PM",,,unresolved,,Unknown
School Daze,Spike Lee,1988,Comedy,0 days 02:01:00,Museum of Fine Arts,2024-06-07,7:00 PM,,,unresolved,,Unknown
Teenage Mutant Ninja Turtles,Steve Barron,1990,SciFi,0 days 01:33:00,Coolidge Corner Theatre,2024-06-07,11:59 PM,2323962,Teenage Mutant Ninja Turtles (1990 film),exact_year,English,English listed
Dick Tracy,Warren Beatty,1990,Adventure,0 days 01:45:00,Coolidge Corner Theatre,2024-06-08,11:59 PM,725984,Dick Tracy (1990 film),exact_year,English,English listed
Nostalgia,Andrei Tarkovsky,1983,Drama,0 days 02:05:00,The Brattle,2024-06-08,"4:00 PM, 7:00 PM",,,unresolved,,Unknown
Road to Boston,Kang Je-kyu,2023,Drama,0 days 01:53:00,Museum of Fine Arts,2024-06-08,2:30 PM,,,unresolved,,Unknown
Nostalgia,Andrei Tarkovsky,1983,Drama,0 days 02:05:00,The Brattle,2024-06-09,"12:30 PM, 3:30 PM, 6:30 PM",,,unresolved,,Unknown
My Own Private Idaho,Gus Van Sant,1991,Drama,0 days 01:44:00,Coolidge Corner Theatre,2024-06-09,2:00 PM,,,unresolved,,Unknown
"Kim Ji-young, Born 1982",Kim Do-young,2019,Drama,0 days 01:59:00,Museum of Fine Arts,2024-06-09,2:30 PM,64033010,"Kim Ji-young, Born 1982 (film)",exact_film,Korean,No English listed
Nostalgia,Andrei Tarkovsky,1983,Drama,0 days 02:05:00,The Brattle,2024-06-10,"5:00 PM, 8:00 PM",,,unresolved,,Unknown
Rear Window,Alfred Hitchcock,1954,Thriller,0 days 01:55:00,Coolidge Corner Theatre,2024-06-10,7:00 PM,74577,Rear Window,exact_year,English,English listed
Funny Games,Michael Haneke,1997,Drama,0 days 01:49:00,The Brattle,2024-06-11,"4:30 PM, 9:30 PM",3870912,Funny Games (1997 film),exact_year,German; French,No English listed
Us,Jordan Peele,2019,Horror,0 days 01:56:00,The Brattle,2024-06-11,7:00 PM,57371131,Us (2019 film),exact_year,English,English listed
Young Soul Rebels,Isaac Julien,1991,Drama,0 days 01:45:00,Coolidge Corner Theatre,2024-06-11,7:00 PM,,,unresolved,,Unknown
The Shining,Stanley Kubrick,1980,Horror,0 days 02:24:00,The Brattle,2024-06-12,6:00 PM,1186616,The Shining (film),exact_film,English,English listed
Us,Jordan Peele,2019,Horror,0 days 01:56:00,The Brattle,2024-06-12,9:00 PM,57371131,Us (2019 film),exact_year,English,English listed
The Shining,Stanley Kubrick,1980,Horror,0 days 02:24:00,The Brattle,2024-06-13,6:00 PM,1186616,The Shining (film),exact_film,English,English listed
Selena,Gregory Nava,1997,Drama,0 days 02:07:00,Coolidge Corner Theatre,2024-06-13,7:00 PM,275547,Selena (film),exact_film,plainlist|; English; Spanish,English listed
The Apple,Menahem Golan,1980,Fantasy,0 days 01:32:00,Capitol Theatre,2024-06-13,7:00 PM,5461234,The Apple (1980 film),exact_year,English,English listed
Spa Night,Andrew Ahn,2016,Drama,0 days 01:36:00,Museum of Fine Arts,2024-06-13,7:30 PM,,,unresolved,,Unknown
Us,Jordan Peele,2019,Horror,0 days 01:56:00,The Brattle,2024-06-13,9:00 PM,57371131,Us (2019 film),exact_year,English,English listed
V for Vendetta,James McTeigue,2006,Action,0 days 02:12:00,Coolidge Corner Theatre,2024-06-14,11:59 PM,1891886,V for Vendetta (film),exact_year,English,English listed
Parasite,Bong Joon-ho,2019,Comedy,0 days 02:13:00,Museum of Fine Arts,2024-06-14,7:00 PM,56746570,Parasite (2019 film),exact_year,Korean,No English listed
Never Open That Door,Carlos Hugo Christensen,1952,Drama,0 days 01:20:00,The Brattle,2024-06-14,7:00 PM,,,unresolved,,Unknown
Street of Chance,Jack Hively,1942,Drama,0 days 01:14:00,The Brattle,2024-06-14,5:00 PM,3577967,Street of Chance (1942 film),exact_year,English,English listed
Across the Bridge,Ken Annakin,1957,Drama,0 days 01:43:00,The Brattle,2024-06-15,12:00 PM,24817139,Across the Bridge (film),exact_film,English,English listed
Zero Focus,Yoshitaro Nomura,1961,Drama,0 days 01:35:00,The Brattle,2024-06-15,2:30 PM,,,unresolved,,Unknown
Anselm,Wim Wenders,2023,Documentary,0 days 01:33:00,Museum of Fine Arts,2024-06-15,2:30 PM,73588916,Anselm (film),exact_film,German,No English listed
Black Tuesday,Hugo Fregonese,1954,Crime,0 days 01:20:00,The Brattle,2024-06-15,5:00 PM,2321684,Black Tuesday (film),exact_year,English,English listed
Hardly a Criminal,Hugo Fregonese,1949,Crime,0 days 01:28:00,The Brattle,2024-06-15,7:00 PM,8959508,Hardly a Criminal,exact_title,Spanish,No English listed
Watchmen,Zack Snyder,2009,Action,0 days 02:43:00,Coolidge Corner Theatre,2024-06-15,11:30 PM,5016250,Watchmen (2009 film),exact_year,English,English listed
Smog,Franco Rossi,1962,Drama,0 days 01:32:00,The Brattle,2024-06-16,4:30 PM,81148333,Smog (film),exact_year,Italian,No English listed
City of Fear,Irving Lerner,1959,Thriller,0 days 01:21:00,The Brattle,2024-06-16,7:00 PM,35107447,City of Fear (1959 film),exact_year,English,English listed
Union Station,Rudolph Maté,1950,Drama,0 days 01:21:00,The Brattle,2024-06-16,12:00 PM,4150566,Union Station (film),exact_film,English,English listed
Cairo Station,Youssef Chahine,1958,Crime,0 days 01:26:00,The Brattle,2024-06-16,2:00 PM,25626519,Cairo Station,exact_film,Egyptian Arabic,No English listed
Elevator to the Gallows,Louis Malle,1958,Crime,0 days 01:31:00,The Brattle,2024-06-17,"5:00 PM, 7:15 PM",3837141,Elevator to the Gallows,exact_title,French,No English listed
Field of Dreams,Phil Alden Robinson,1989,Drama,0 days 01:47:00,Coolidge Corner Theatre,2024-06-17,7:00 PM,129524,Field of Dreams,exact_film,English,English listed
Buck and the Preacher,Sidney Poitier,1972,Action,0 days 01:42:00,The Brattle,2024-06-18,4:00 PM,18764211,Buck and the Preacher,exact_title,English,English listed
Nope,Jordan Peele,2022,Horror,0 days 02:10:00,The Brattle,2024-06-18,6:15 PM,66260186,Nope (film),exact_film,English,English listed
Edward II,Derek Jarman,1991,History,0 days 01:30:00,Coolidge Corner Theatre,2024-06-18,7:00 PM,1306645,Edward II (film),exact_film,English,English listed
Neon Genesis Evangelion: The End of Evangelion,"Hideaki Anno, Kazuya Tsurumaki",1997,Animation,0 days 01:27:00,The Brattle,2024-06-18,9:00 PM,,,unresolved,,Unknown
Neon Genesis Evangelion: The End of Evangelion,"Hideaki Anno, Kazuya Tsurumaki",1997,Animation,0 days 01:27:00,The Brattle,2024-06-19,9:00 PM,,,unresolved,,Unknown
Buck and the Preacher,Sidney Poitier,1972,Action,0 days 01:42:00,The Brattle,2024-06-19,4:00 PM,18764211,Buck and the Preacher,exact_title,English,English listed
Nope,Jordan Peele,2022,Horror,0 days 02:10:00,The Brattle,2024-06-19,6:15 PM,66260186,Nope (film),exact_film,English,English listed
Nope,Jordan Peele,2022,Horror,0 days 02:10:00,The Brattle,2024-06-20,8:45 PM,66260186,Nope (film),exact_film,English,English listed
Signs,M. Night Shyamalan,2002,Drama,0 days 01:46:00,The Brattle,2024-06-20,"4:00 PM, 6:30 PM",72453,Signs (film),exact_year,English,English listed
Ravenous,Antonia Bird,1999,Adventure,0 days 01:41:00,The Brattle,2024-06-21,8:30 PM,874208,Ravenous (1999 film),exact_year,English,English listed
2001: A Space Odyssey,Stanley Kubrick,1968,SciFi,0 days 02:29:00,Somerville Theatre,2024-06-21,8:00 PM,23941708,2001: A Space Odyssey,exact_film,English,English listed
Fallen Leaves,Aki Kaurismäki,2023,Romance,0 days 01:21:00,The Brattle,2024-06-21,"4:30 PM, 6:30 PM",73726755,Fallen Leaves (film),exact_film,Finnish,No English listed
Cool World,Ralph Bakshi,1992,Animation,0 days 01:42:00,Coolidge Corner Theatre,2024-06-21,11:59 PM,600194,Cool World,exact_title,English,English listed
Love Lies Bleeding,Rose Glass,2024,Crime,0 days 01:44:00,The Brattle,2024-06-22,"3:30 PM, 7:45 PM",70547951,Love Lies Bleeding (2024 film),exact_year,English,English listed
Drive-Away Dolls,Ethan Coen,2024,Comedy,0 days 01:24:00,The Brattle,2024-06-22,"5:45 PM, 10:00 PM",70448628,Drive-Away Dolls,exact_title,English,English listed
Mystery Men,Kinka Usher,1999,Adventure,0 days 02:01:00,Coolidge Corner Theatre,2024-06-22,11:59 PM,295757,Mystery Men,exact_film,English,English listed
Ben-Hur,William Wyler,1959,History,0 days 03:42:00,Somerville Theatre,2024-06-22,2:00 PM,1343342,Ben-Hur (1959 film),exact_year,English,English listed
Grand Prix,John Frankenheimer,1966,Action,0 days 02:56:00,Somerville Theatre,2024-06-22,7:00 PM,970846,Grand Prix (1966 film),exact_year,English,English listed
Inside the Yellow Cocoon Shell,Phạm Thiên Ân,2023,Drama,0 days 02:59:00,The Brattle,2024-06-22,12:00 PM,,,unresolved,,Unknown
Scanners,David Cronenberg,1981,SciFi,0 days 01:43:00,Somerville Theatre,2024-06-22,11:59 PM,378213,Scanners,exact_film,English,English listed
8 Days in August,Samuel Perriard,2024,Comedy,0 days 01:30:00,Coolidge Corner Theatre,2024-06-23,11:00 AM,,,unresolved,,Unknown
Perfect Days,Wim Wenders,2023,Drama,0 days 02:04:00,The Brattle,2024-06-23,"3:30 PM, 6:15 PM, 9:00 PM",,,unresolved,,Unknown
In the Line of Fire,Wolfgang Petersen,1993,Action,0 days 02:08:00,Somerville Theatre,2024-06-23,6:30 PM,,,unresolved,,Unknown
Raintree County,Edward Dmytryk,1957,Drama,0 days 03:08:00,Somerville Theatre,2024-06-23,2:00 PM,18549292,Raintree County (film),exact_film,English,English listed
Inside the Yellow Cocoon Shell,Phạm Thiên Ân,2023,Drama,0 days 02:59:00,The Brattle,2024-06-23,12:00 PM,,,unresolved,,Unknown
From Here to Eternity,Fred Zinnemann,1953,War,0 days 01:58:00,Embassy Theater,2024-06-24,7:15 PM,42293,From Here to Eternity,exact_title,English,English listed
Late Night with the Devil,"Cameron Cairnes, Colin Cairnes",2024,Horror,0 days 01:33:00,The Brattle,2024-06-24,"5:00 PM, 9:00 PM",,,unresolved,,Unknown
Immaculate,Michael Mohan,2024,Horror,0 days 01:29:00,The Brattle,2024-06-24,7:00 PM,73069391,Immaculate (2024 film),exact_year,unbulleted list|; English,English listed
Invasion of the Body Snatchers,Don Siegel,1956,SciFi,0 days 01:20:00,Coolidge Corner Theatre,2024-06-24,7:00 PM,74394,Invasion of the Body Snatchers,exact_year,English,English listed
Nowhere,Gregg Araki,1997,Comedy,0 days 01:23:00,Coolidge Corner Theatre,2024-06-25,7:00 PM,1223386,Nowhere (1997 film),exact_year,English,English listed
Sometimes I Think About Dying,Rachel Lambert,2024,Romance,0 days 01:31:00,The Brattle,2024-06-25,7:00 PM,,,unresolved,,Unknown
How to Have Sex,Molly Manning Walker,2023,Drama,0 days 01:31:00,The Brattle,2024-06-25,"5:00 PM, 9:00 PM",73659676,How to Have Sex,exact_title,English,English listed
Cléo from 5 to 7,Agnès Varda,1962,Drama,0 days 01:30:00,Coolidge Corner Theatre,2024-06-26,7:00 PM,3644380,Cléo from 5 to 7,exact_title,French,No English listed
Tótem,Lila Avilés,2023,Drama,0 days 01:35:00,The Brattle,2024-06-26,"4:45 PM, 7:00 PM",73002607,Tótem (film),exact_film,Spanish,No English listed
The Beast,Bertrand Bonello,2024,Drama,0 days 02:27:00,The Brattle,2024-06-27,8:00 PM,,,unresolved,,Unknown
Charlie's Angels,McG,2000,Action,0 days 01:38:00,Coolidge Corner Theatre,2024-06-27,7:00 PM,342692,Charlie's Angels (2000 film),exact_year,English,English listed
La Chimera,Alice Rohrwacher,2023,Adventure,0 days 02:13:00,The Brattle,2024-06-27,5:15 PM,,,unresolved,,Unknown
300,Zack Snyder,2007,Action,0 days 01:56:00,Coolidge Corner Theatre,2024-06-28,11:59 PM,2465797,300 (film),exact_year,English,English listed
Sin City,"Robert Rodriguez, Frank Miller",2005,Thriller,0 days 02:04:00,Coolidge Corner Theatre,2024-06-29,11:59 PM,1336308,Sin City (film),exact_year,English,English listed
Re-Animator,Stuart Gordon,1985,SciFi,0 days 01:26:00,Somerville Theatre,2024-06-29,11:59 PM,,,unresolved,,Unknown
Go Fish,Rose Troche,1994,Drama,0 days 01:23:00,Coolidge Corner Theatre,2024-06-30,2:00 PM,6721185,Go Fish (film),exact_film,English,English listed
Mask,Peter Bogdanovich,1985,Drama,0 days 02:00:00,Embassy Theater,2024-06-30,2:00 PM,442333,Mask (1985 film),exact_year,English,English listed
The Brain That Wouldn't Die,Joseph Green,1962,Horror,0 days 01:22:00,Somerville Theatre,2024-06-30,1:40 PM,,,unresolved,,Unknown
Dracula vs. Frankenstein,Al Adamson,1971,Horror,0 days 01:31:00,Somerville Theatre,2024-06-30,12:00 PM,9267531,Dracula vs. Frankenstein,exact_title,English,English listed
Speed,Jan de Bont,1994,Action,0 days 01:56:00,Coolidge Corner Theatre,2024-07-01,7:00 PM,99123,Speed (1994 film),exact_year,English,English listed
Mask,Peter Bogdanovich,1985,Drama,0 days 02:00:00,Embassy Theater,2024-07-01,7:00 PM,442333,Mask (1985 film),exact_year,English,English listed
Pearl,Ti West,2022,Horror,0 days 01:42:00,The Brattle,2024-07-02,"5:00 PM, 9:30 PM",70324820,Pearl (2022 film),exact_year,English,English listed
Godzilla,Ishirō Honda,1954,Thriller,0 days 01:36:00,Coolidge Corner Theatre,2024-07-02,7:00 PM,12004,Godzilla (1954 film),exact_year,Japanese,No English listed
X,Ti West,2022,Horror,0 days 01:46:00,The Brattle,2024-07-02,7:15 PM,66437544,X (2022 film),exact_year,English,English listed
Jaws,Steven Spielberg,1975,Horror,0 days 02:04:00,The Brattle,2024-07-03,"3:00 PM, 6:00 PM, 9:00 PM",74830,Jaws (film),exact_year,English,English listed
Jaws,Steven Spielberg,1975,Horror,0 days 02:04:00,The Brattle,2024-07-04,"1:00 PM, 4:00 PM, 7:00 PM",74830,Jaws (film),exact_year,English,English listed
Blow Out,Brian De Palma,1981,Thriller,0 days 01:48:00,Coolidge Corner Theatre,2024-07-04,7:00 PM,1317987,Blow Out,exact_title,English,English listed
X,Ti West,2022,Horror,0 days 01:46:00,Coolidge Corner Theatre,2024-07-05,"11:59 PM, 11:59 PM",66437544,X (2022 film),exact_year,English,English listed
Serial Mom,John Waters,1994,Comedy,0 days 01:34:00,Coolidge Corner Theatre,2024-07-05,11:59 PM,,,unresolved,,Unknown
The Honeymoon Killers,Leonard Kastle,1970,Crime,0 days 01:48:00,Coolidge Corner Theatre,2024-07-06,11:59 PM,,,unresolved,,Unknown
Fright Night,Tom Holland,1985,Comedy,0 days 01:47:00,Somerville Theatre,2024-07-06,8:00 PM,1123132,Fright Night,exact_year,English,English listed
Pearl,Ti West,2022,Horror,0 days 01:42:00,Coolidge Corner Theatre,2024-07-06,11:59 PM,70324820,Pearl (2022 film),exact_year,English,English listed
Some Like It Hot,Billy Wilder,1959,Comedy,0 days 02:02:00,Coolidge Corner Theatre,2024-07-08,7:00 PM,76366,Some Like It Hot,exact_film,English,English listed
Mothra vs. Godzilla,Ishirō Honda,1964,Drama,0 days 01:29:00,Coolidge Corner Theatre,2024-07-09,7:00 PM,,,unresolved,,Unknown
The Rock,Michael Bay,1996,Action,0 days 02:17:00,Coolidge Corner Theatre,2024-07-10,8:00 PM,29785,The Rock (film),exact_year,English,English listed
Rock 'n' Roll High School,Allan Arkush,1979,Comedy,0 days 01:33:00,Coolidge Corner Theatre,2024-07-11,7:00 PM,,,unresolved,,Unknown
Strait-Jacket,William Castle,1964,Drama,0 days 01:33:00,Coolidge Corner Theatre,2024-07-12,11:59 PM,,,unresolved,,Unknown
Friday the 13th,Sean S. Cunningham,1980,Horror,0 days 01:35:00,Coolidge Corner Theatre,2024-07-13,11:59 PM,168958,Friday the 13th (1980 film),exact_year,English,English listed
City of God,"Fernando Meirelles, Kátia Lund",2002,Drama,0 days 02:10:00,Coolidge Corner Theatre,2024-07-15,7:00 PM,461322,City of God (2002 film),exact_year,Portuguese,No English listed
Destroy All Monsters,Ishirō Honda,1968,SciFi,0 days 01:29:00,Coolidge Corner Theatre,2024-07-16,7:00 PM,11994,Destroy All Monsters,exact_title,Japanese,No English listed
Cruel Intentions,Roger Kumble,1999,Drama,0 days 01:38:00,Coolidge Corner Theatre,2024-07-18,7:00 PM,93559,Cruel Intentions,exact_title,English,English listed
Desperately Seeking Susan,Susan Seidelman,1985,Drama,0 days 01:44:00,The Brattle,2024-07-18,7:30 PM,2019025,Desperately Seeking Susan,exact_title,English,English listed
All About Evil,Joshua Grannell,2010,Horror,0 days 01:38:00,Coolidge Corner Theatre,2024-07-19,11:59 PM,27649189,All About Evil,exact_title,English,English listed
Robot Dreams,Pablo Berger,2023,Animation,0 days 01:42:00,The Brattle,2024-07-20,6:30 PM,74621258,Robot Dreams (film),exact_film,,Unknown
Office Killer,Cindy Sherman,1997,Horror,0 days 01:22:00,Coolidge Corner Theatre,2024-07-20,11:59 PM,,,unresolved,,Unknown
Godzilla vs. Hedorah,Yoshimitsu Banno,1971,Action,0 days 01:25:00,Coolidge Corner Theatre,2024-07-23,7:00 PM,570231,Godzilla vs. Hedorah,exact_title,Japanese,No English listed
Dirty Dancing,Emile Ardolino,1987,Drama,0 days 01:40:00,Coolidge Corner Theatre,2024-07-25,7:00 PM,680361,Dirty Dancing,exact_year,English,English listed
Bride of Chucky,Ronny Yu,1998,Comedy,0 days 01:29:00,Coolidge Corner Theatre,2024-07-26,11:59 PM,30865068,Bride of Chucky,exact_title,English,English listed
Jennifer's Body,Karyn Kusama,2009,Horror,0 days 01:47:00,Coolidge Corner Theatre,2024-07-27,11:59 PM,15713038,Jennifer's Body,exact_film,English,English listed
Total Recall,Paul Verhoeven,1990,Action,0 days 01:53:00,Coolidge Corner Theatre,2024-07-29,7:00 PM,55325,Total Recall (1990 film),exact_year,English,English listed
Terror of Mechagodzilla,Ishirō Honda,1975,SciFi,0 days 01:23:00,Coolidge Corner Theatre,2024-07-30,7:00 PM,,,unresolved,,Unknown
World of Tomorrow,Don Hertzfeldt,2015,Animation,0 days 00:17:00,The Brattle,2024-08-03,"12:00 PM, 9:30 PM",47257088,World of Tomorrow (film),exact_film,English,English listed
Menus-Plaisirs - Les Troisgros,Frederick Wiseman,2023,Documentary,0 days 04:00:00,Museum of Fine Arts,2024-08-03,12:30 PM,76603481,Menus-Plaisirs – Les Troisgros,exact_year,French,No English listed
If Beale Street Could Talk,Barry Jenkins,2018,Romance,0 days 02:00:00,The Brattle,2024-08-03,2:30 PM,54515886,If Beale Street Could Talk (film),exact_film,English,English listed
I Heard It Through the Grapevine,"Dick Fontaine, Pat Hartley",1982,Documentary,0 days 01:32:00,The Brattle,2024-08-03,5:00 PM,80145027,I Heard It Through the Grapevine (film),exact_film,English,English listed
I Am Not Your Negro,Raoul Peck,2017,Documentary,0 days 01:33:00,The Brattle,2024-08-03,7:00 PM,51708233,I Am Not Your Negro,exact_title,English,English listed
Reign of Fire,Rob Bowman,2002,Adventure,0 days 01:41:00,Coolidge Corner Theatre,2024-08-03,11:59 PM,164698,Reign of Fire (film),exact_film,English,English listed
Klute,Alan J. Pakula,1971,Thriller,0 days 01:54:00,Somerville Theatre,2024-08-03,11:59 PM,223902,Klute,exact_title,English,English listed
"Jeanne Dielman, 23, quai du Commerce, 1080 Bruxelles",Chantal Akerman,1976,Drama,0 days 03:22:00,The Brattle,2024-08-04,6:30 PM,,,unresolved,,Unknown
I Am Not Your Negro,Raoul Peck,2017,Documentary,0 days 01:33:00,The Brattle,2024-08-04,4:15 PM,51708233,I Am Not Your Negro,exact_title,English,English listed
I Heard It Through the Grapevine,"Dick Fontaine, Pat Hartley",1982,Documentary,0 days 01:32:00,The Brattle,2024-08-04,2:15 PM,80145027,I Heard It Through the Grapevine (film),exact_film,English,English listed
World of Tomorrow,Don Hertzfeldt,2015,Animation,0 days 00:17:00,The Brattle,2024-08-04,12:00 PM,47257088,World of Tomorrow (film),exact_film,English,English listed
Tommy,Ken Russell,1975,Drama,0 days 01:51:00,The Brattle,2024-08-05,6:30 PM,1221714,Tommy (1975 film),exact_year,English,English listed
Being John Malkovich,Spike Jonze,1999,Comedy,0 days 01:53:00,Coolidge Corner Theatre,2024-08-05,7:00 PM,349941,Being John Malkovich,exact_title,English,English listed
Wattstax,Mel Stuart,1973,Music,0 days 01:38:00,The Brattle,2024-08-06,"4:15 PM, 8:45 PM",,,unresolved,,Unknown
Let the Good Times Roll,"Sidney Levin, Robert Abel",1973,Documentary,0 days 01:39:00,The Brattle,2024-08-06,6:30 PM,33265976,Let the Good Times Roll (film),exact_year,English,English listed
Election,Alexander Payne,1999,Comedy,0 days 01:43:00,Coolidge Corner Theatre,2024-08-06,7:00 PM,689969,Election (1999 film),exact_year,English,English listed
Toni Erdmann,Maren Ade,2016,Comedy,0 days 02:42:00,Goethe-Institut,2024-08-07,8:00 PM,,,unresolved,,Unknown
Scooby-Doo,Raja Gosnell,2002,Mystery,0 days 01:27:00,The Speedway,2024-08-07,8:00 PM,1072075,Scooby-Doo (film),exact_year,English,English listed
The Bling Ring,Sofia Coppola,2013,Drama,0 days 01:30:00,The Brattle,2024-08-07,"5:00 PM, 9:15 PM",36495174,The Bling Ring,exact_film,English,English listed
Somewhere,Sofia Coppola,2010,Drama,0 days 01:38:00,The Brattle,2024-08-07,7:00 PM,23734853,Somewhere (film),exact_year,English,English listed
Dog Day Afternoon,Sidney Lumet,1975,Crime,0 days 02:05:00,The Brattle,2024-08-08,"3:30 PM, 8:30 PM",101914,Dog Day Afternoon,exact_title,English,English listed
In the Heat of the Night,Norman Jewison,1967,Crime,0 days 01:49:00,The Brattle,2024-08-08,6:00 PM,1715414,In the Heat of the Night (film),exact_film,English,English listed
The Taking of Pelham One Two Three,Joseph Sargent,1974,Crime,0 days 01:44:00,Coolidge Corner Theatre,2024-08-08,7:00 PM,955409,The Taking of Pelham One Two Three (1974 film),exact_year,English; Spanish; Japanese,English listed
Wet Hot American Summer,David Wain,2001,Comedy,0 days 01:37:00,Capitol Theatre,2024-08-08,7:30 PM,,,unresolved,,Unknown
Saboteur,Alfred Hitchcock,1942,Thriller,0 days 01:48:00,The Brattle,2024-08-09,"3:30 PM, 8:30 PM",1576720,Saboteur (film),exact_year,English,English listed
Rebecca,Alfred Hitchcock,1940,Mystery,0 days 02:10:00,The Brattle,2024-08-09,6:00 PM,1259785,Rebecca (1940 film),exact_year,English,English listed
Dragonslayer,Matthew Robbins,1981,Fantasy,0 days 01:48:00,Coolidge Corner Theatre,2024-08-09,11:59 PM,887388,Dragonslayer (1981 film),exact_year,English,English listed
Knowing,Alex Proyas,2009,Action,0 days 02:01:00,Somerville Theatre,2024-08-10,11:59 PM,17544255,Knowing (film),exact_film,English,English listed
The Church,Michele Soavi,1989,Horror,0 days 01:42:00,Coolidge Corner Theatre,2024-08-10,11:59 PM,11680456,The Church (1989 film),exact_year,,Unknown
North by Northwest,Alfred Hitchcock,1959,Mystery,0 days 02:16:00,The Brattle,2024-08-10,"12:30 PM, 6:15 PM",73412,North by Northwest,exact_film,English,English listed
Vertigo,Alfred Hitchcock,1958,Mystery,0 days 02:09:00,The Brattle,2024-08-10,"3:30 PM, 9:00 PM",76617,Vertigo (film),exact_year,English,English listed
To Catch a Thief,Alfred Hitchcock,1955,Mystery,0 days 01:46:00,The Brattle,2024-08-11,"12:30 PM, 5:45 PM",239009,To Catch a Thief,exact_film,Plainlist|; English; French,English listed
Sherlock Jr.,Buster Keaton,1924,Action,0 days 00:45:00,West Newton Cinema,2024-08-11,1:00 PM,,,unresolved,,Unknown
Our Hospitality,"Buster Keaton, John G. Blystone",1923,Comedy,0 days 01:13:00,West Newton Cinema,2024-08-11,1:30 PM,,,unresolved,,Unknown
All About My Mother,Pedro Almodóvar,1999,Comedy,0 days 01:41:00,Coolidge Corner Theatre,2024-08-11,2:00 PM,61664,All About My Mother,exact_title,Plainlist|; Spanish; Catalan; English,English listed
North by Northwest,Alfred Hitchcock,1959,Mystery,0 days 02:16:00,The Brattle,2024-08-11,"2:45 PM, 8:00 PM",73412,North by Northwest,exact_film,English,English listed
Dirty Dancing,Emile Ardolino,1987,Drama,0 days 01:40:00,Somerville Theatre,2024-08-12,7:30 PM,680361,Dirty Dancing,exact_year,English,English listed
The Big Lebowski,"Joel Coen, Ethan Coen",1998,Comedy,0 days 01:57:00,Coolidge Corner Theatre,2024-08-12,7:00 PM,,,unresolved,,Unknown
La Bamba,Luis Valdez,1987,Drama,0 days 01:48:00,The Brattle,2024-08-12,"3:45 PM, 8:30 PM",307080,La Bamba (film),exact_year,English,English listed
The Buddy Holly Story,Steve Rash,1978,Drama,0 days 01:54:00,The Brattle,2024-08-12,6:00 PM,,,unresolved,,Unknown
Heavy Metal,Gerald Potterton,1981,Animation,0 days 01:30:00,The Brattle,2024-08-13,"5:00 PM, 9:00 PM",155303,Heavy Metal (film),exact_film,English,English listed
The Insider,Michael Mann,1999,Drama,0 days 02:38:00,Coolidge Corner Theatre,2024-08-13,7:00 PM,142469,The Insider (film),exact_film,English,English listed
American Pop,Ralph Bakshi,1981,Animation,0 days 01:36:00,The Brattle,2024-08-13,7:00 PM,2040976,American Pop,exact_title,English,English listed
No Way Out,Roger Donaldson,1987,Thriller,0 days 01:54:00,Somerville Theatre,2024-08-13,7:30 PM,886560,No Way Out (1987 film),exact_year,English,English listed
Marie Antoinette,Sofia Coppola,2006,Drama,0 days 02:03:00,The Brattle,2024-08-14,8:00 PM,2701261,Marie Antoinette (2006 film),exact_year,English,English listed
Go,Doug Liman,1999,Crime,0 days 01:38:00,Coolidge Corner Theatre,2024-08-14,7:00 PM,585172,Go (1999 film),exact_year,English,English listed
"sex, lies, and videotape",Steven Soderbergh,1989,Drama,0 days 01:41:00,Somerville Theatre,2024-08-14,7:30 PM,,,unresolved,,Unknown
I'm Your Man,Maria Schrader,2021,SciFi,0 days 01:48:00,Goethe-Institut,2024-08-14,8:00 PM,66717120,I'm Your Man (2021 film),exact_year,German,No English listed
Falling Down,Joel Schumacher,1993,Crime,0 days 01:53:00,The Brattle,2024-08-15,"4:00 PM, 9:00 PM",19625929,Falling Down,exact_year,English,English listed
Do the Right Thing,Spike Lee,1989,Drama,0 days 02:00:00,The Brattle,2024-08-15,6:30 PM,73428,Do the Right Thing,exact_title,English,English listed
Bird,Clint Eastwood,1988,Drama,0 days 02:41:00,Coolidge Corner Theatre,2024-08-15,7:00 PM,2378500,Bird (1988 film),exact_year,English,English listed
Moonrise Kingdom,Wes Anderson,2012,Comedy,0 days 01:34:00,Capitol Theatre,2024-08-15,7:30 PM,,,unresolved,,Unknown
Caligula: The Ultimate Cut,Tinto Brass,2023,Drama,0 days 02:53:00,Somerville Theatre,2024-08-16,9:30 PM,,,unresolved,,Unknown
Knightriders,George A. Romero,1981,Action,0 days 02:27:00,Coolidge Corner Theatre,2024-08-16,11:30 PM,2846126,Knightriders,exact_title,English,English listed
Pretty Woman,Garry Marshall,1990,Comedy,0 days 01:59:00,Somerville Theatre,2024-08-16,7:00 PM,156745,Pretty Woman,exact_year,English,English listed
Monty Python and the Holy Grail,"Terry Jones, Terry Gilliam",1975,Adventure,0 days 01:31:00,Coolidge Corner Theatre,2024-08-17,11:59 PM,19701,Monty Python and the Holy Grail,exact_title,English,English listed
Basic Instinct,Paul Verhoeven,1992,Thriller,0 days 02:08:00,Somerville Theatre,2024-08-17,7:00 PM,481649,Basic Instinct,exact_film,English,English listed
Sliver,Phillip Noyce,1993,Drama,0 days 01:48:00,Somerville Theatre,2024-08-17,9:20 PM,11059900,Sliver (film),exact_film,English,English listed
Wings,William A. Wellman,1927,Drama,0 days 02:24:00,Somerville Theatre,2024-08-18,12:30 PM,61046,Wings (1927 film),exact_year,Sound (synchronized); (English intertitles),English listed
Beau Travail,Claire Denis,2000,Drama,0 days 01:32:00,Coolidge Corner Theatre,2024-08-18,2:00 PM,415881,Beau Travail,exact_title,French; Italian; Russian,No English listed
Thelma & Louise,Ridley Scott,1991,Drama,0 days 02:10:00,Somerville Theatre,2024-08-18,7:00 PM,,,unresolved,,Unknown
"The 5,000 Fingers of Dr. T.",Roy Rowland,1953,Family,0 days 01:29:00,The Brattle,2024-08-19,"4:00 PM, 8:30 PM",,,unresolved,,Unknown
Annie,John Huston,1982,Comedy,0 days 02:07:00,The Brattle,2024-08-19,6:00 PM,12823099,Annie (1982 film),exact_year,English,English listed
Poison Ivy,Katt Shea,1992,Thriller,0 days 01:32:00,Somerville Theatre,2024-08-19,7:00 PM,555857,Poison Ivy (1992 film),exact_year,English,English listed
The Crush,Alan Shapiro,1993,Drama,0 days 01:29:00,Somerville Theatre,2024-08-19,8:45 PM,805037,The Crush (1993 film),exact_year,English,English listed
Annie,John Huston,1982,Comedy,0 days 02:07:00,The Brattle,2024-08-20,4:00 PM,12823099,Annie (1982 film),exact_year,English,English listed
School Daze,Spike Lee,1988,Comedy,0 days 02:01:00,The Brattle,2024-08-20,"7:00 PM, 9:30 PM",,,unresolved,,Unknown
The Last Seduction,John Dahl,1994,Thriller,0 days 01:50:00,Somerville Theatre,2024-08-20,7:00 PM,,,unresolved,,Unknown
Jade,William Friedkin,1995,Mystery,0 days 01:35:00,Somerville Theatre,2024-08-20,9:00 PM,4032134,Jade (1995 film),exact_year,English,English listed
You Don't Nomi,Jeffrey McHale,2019,Documentary,0 days 01:32:00,Somerville Theatre,2024-08-21,9:30 PM,,,unresolved,,Unknown
Apollo 13,Ron Howard,1995,Drama,0 days 02:20:00,The Greenway,2024-08-21,8:00 PM,142417,Apollo 13 (film),exact_film,English,English listed
Run Lola Run,Tom Tykwer,1998,Action,0 days 01:21:00,Goethe-Institut,2024-08-21,8:00 PM,,,unresolved,,Unknown
Lost in Translation,Sofia Coppola,2003,Drama,0 days 01:42:00,The Brattle,2024-08-21,"4:30 PM, 7:00 PM, 9:15 PM",369682,Lost in Translation (film),exact_film,English,English listed
Showgirls,Paul Verhoeven,1995,Drama,0 days 02:11:00,Somerville Theatre,2024-08-21,7:00 PM,93760,Showgirls,exact_film,English,English listed
The Texas Chain Saw Massacre,Tobe Hooper,1974,Horror,0 days 01:23:00,The Brattle,2024-08-22,5:00 PM,,,unresolved,,Unknown
Sorcerer,William Friedkin,1977,Thriller,0 days 02:01:00,Coolidge Corner Theatre,2024-08-22,7:00 PM,447139,Sorcerer (film),exact_film,English; French; Spanish; German,English listed
Mamma Mia!,Phyllida Lloyd,2008,Comedy,0 days 01:48:00,Capitol Theatre,2024-08-22,7:30 PM,8425661,Mamma Mia! (film),exact_year,English,English listed
Shoeshine,Vittorio De Sica,1946,Drama,0 days 01:31:00,The Brattle,2024-08-23,4:30 PM,6616873,Shoeshine (film),exact_film,Italian/English,English listed
The Texas Chain Saw Massacre,Tobe Hooper,1974,Horror,0 days 01:23:00,Somerville Theatre,2024-08-23,8:00 PM,,,unresolved,,Unknown
Bad Lieutenant,Abel Ferrara,1992,Crime,0 days 01:36:00,Coolidge Corner Theatre,2024-08-23,11:59 PM,1238102,Bad Lieutenant,exact_year,plainlist|; English; Spanish,English listed
Highlander,Russell Mulcahy,1986,Adventure,0 days 01:56:00,Coolidge Corner Theatre,2024-08-23,11:59 PM,4440277,Highlander (film),exact_film,English,English listed
Dangerous Game,Abel Ferrara,1993,Drama,0 days 01:48:00,Coolidge Corner Theatre,2024-08-24,11:59 PM,8777894,Dangerous Game (1993 film),exact_year,English,English listed
Legend,Ridley Scott,1985,Adventure,0 days 01:34:00,Coolidge Corner Theatre,2024-08-24,11:59 PM,922084,Legend (1985 film),exact_year,English,English listed
Thieves Like Us,Robert Altman,1974,Crime,0 days 02:03:00,The Brattle,2024-08-25,3:00 PM,4539015,Thieves Like Us (film),exact_film,English,English listed
Last Embrace,Jonathan Demme,1979,Thriller,0 days 01:42:00,The Brattle,2024-08-25,6:00 PM,6715066,Last Embrace,exact_title,English,English listed
Inside Man,Spike Lee,2006,Crime,0 days 02:09:00,Coolidge Corner Theatre,2024-08-26,7:00 PM,3592692,Inside Man,exact_year,English,English listed
Across the Universe,Julie Taymor,2007,Drama,0 days 02:13:00,The Brattle,2024-08-26,"6:00 PM, 9:00 PM",4399897,Across the Universe (film),exact_film,English,English listed
Bound,"Lana Wachowski, Lilly Wachowski",1996,Drama,0 days 01:45:00,Somerville Theatre,2024-08-26,7:30 PM,249838,Bound (1996 film),exact_year,English,English listed
Boxing Helena,Jennifer Lynch,1993,Drama,0 days 01:47:00,Somerville Theatre,2024-08-27,9:00 PM,77460,Boxing Helena,exact_title,English,English listed
Walk Hard: The Dewey Cox Story,Jake Kasdan,2007,Comedy,0 days 01:36:00,The Brattle,2024-08-27,8:30 PM,,,unresolved,,Unknown
Crash,David Cronenberg,1996,Drama,0 days 01:40:00,Somerville Theatre,2024-08-27,7:00 PM,2077360,Crash (1996 film),exact_year,English,English listed
Bringing Out the Dead,Martin Scorsese,1999,Drama,0 days 02:01:00,Coolidge Corner Theatre,2024-08-27,7:00 PM,348356,Bringing Out the Dead,exact_title,English,English listed
Pee-wee's Big Adventure,Tim Burton,1985,Comedy,0 days 01:31:00,The Brattle,2024-08-27,6:00 PM,,,unresolved,,Unknown
The Virgin Suicides,Sofia Coppola,2000,Drama,0 days 01:37:00,The Brattle,2024-08-28,"4:30 PM, 7:00 PM, 9:15 PM",3610087,The Virgin Suicides (film),exact_film,English,English listed
Magnolia,Paul Thomas Anderson,1999,Drama,0 days 03:09:00,Coolidge Corner Theatre,2024-08-28,7:00 PM,231829,Magnolia (film),exact_year,English,English listed
Lost Highway,David Lynch,1997,Drama,0 days 02:14:00,Somerville Theatre,2024-08-28,7:00 PM,204839,Lost Highway (film),exact_year,English,English listed
All Quiet on the Western Front,Edward Berger,2022,Drama,0 days 02:27:00,Goethe-Institut,2024-08-28,8:00 PM,68924608,All Quiet on the Western Front (2022 film),exact_year,German,No English listed
Purple Noon,René Clément,1960,Crime,0 days 01:55:00,The Brattle,2024-08-29,6:00 PM,,,unresolved,,Unknown
Pirates of the Caribbean: The Curse of the Black Pearl,Gore Verbinski,2003,Adventure,0 days 02:23:00,Coolidge Corner Theatre,2024-08-29,7:00 PM,,,unresolved,,Unknown
The Talented Mr. Ripley,Anthony Minghella,1999,Thriller,0 days 02:20:00,The Brattle,2024-08-29,"3:15 PM, 8:30 PM",536009,The Talented Mr. Ripley (film),exact_film,English,English listed
Cruel Intentions,Roger Kumble,1999,Drama,0 days 01:38:00,Somerville Theatre,2024-08-30,7:00 PM,93559,Cruel Intentions,exact_title,English,English listed
Wild Things,John McNaughton,1998,Mystery,0 days 01:55:00,Somerville Theatre,2024-08-30,8:00 PM,423372,Wild Things (film),exact_year,English,English listed
A Knight's Tale,Brian Helgeland,2001,Adventure,0 days 02:12:00,Coolidge Corner Theatre,2024-08-30,11:59 PM,65669,A Knight's Tale,exact_year,English,English listed
Eyes Wide Shut,Stanley Kubrick,1999,Drama,0 days 02:39:00,Somerville Theatre,2024-08-31,7:30 PM,9979,Eyes Wide Shut,exact_title,English,English listed
The Dark Knight,Christopher Nolan,2008,Drama,0 days 02:32:00,Coolidge Corner Theatre,2024-08-31,11:30 PM,4276475,The Dark Knight,exact_year,English,English listed
Popeye,Robert Altman,1980,Action,0 days 01:54:00,The Brattle,2024-09-03,4:30 PM,1339188,Popeye (film),exact_year,English,English listed
Roxanne,Fred Schepisi,1987,Comedy,0 days 01:47:00,The Brattle,2024-09-03,7:00 PM,574768,Roxanne (film),exact_film,English,English listed
Napoleon Dynamite,Jared Hess,2004,Comedy,0 days 01:35:00,The Speedway,2024-09-04,8:00 PM,,,unresolved,,Unknown
Hundreds of Beavers,Mike Cheslik,2024,Comedy,0 days 01:48:00,Somerville Theatre,2024-09-04,7:30 PM,76208655,Hundreds of Beavers,exact_title,English,English listed
Brewster McCloud,Robert Altman,1970,Comedy,0 days 01:45:00,The Brattle,2024-09-04,4:15 PM,1436649,Brewster McCloud,exact_title,English,English listed
The Portrait of a Lady,Jane Campion,1996,Drama,0 days 02:24:00,The Brattle,2024-09-04,6:30 PM,887135,The Portrait of a Lady (film),exact_film,English,English listed
Hairspray,John Waters,1988,Comedy,0 days 01:32:00,Coolidge Corner Theatre,2024-09-05,7:00 PM,1613987,Hairspray (1988 film),exact_year,English,English listed
The Trip,Roger Corman,1967,Drama,0 days 01:25:00,Harvard Film Archive,2024-09-06,7:00 PM,696925,The Trip (1967 film),exact_year,English,English listed
The Master,Paul Thomas Anderson,2012,Drama,0 days 02:17:00,Coolidge Corner Theatre,2024-09-06,7:30 PM,31960682,The Master (2012 film),exact_year,English,English listed
The Last Movie,Dennis Hopper,1971,Drama,0 days 01:48:00,Harvard Film Archive,2024-09-06,9:15 PM,,,unresolved,,Unknown
Showgirls,Paul Verhoeven,1995,Drama,0 days 02:11:00,Coolidge Corner Theatre,2024-09-06,11:59 PM,93760,Showgirls,exact_film,English,English listed
The Shooting,Monte Hellman,1966,Western,0 days 01:22:00,Harvard Film Archive,2024-09-07,7:00 PM,2294746,The Shooting,exact_film,English,English listed
2001: A Space Odyssey,Stanley Kubrick,1968,SciFi,0 days 02:29:00,Coolidge Corner Theatre,2024-09-07,7:30 PM,23941708,2001: A Space Odyssey,exact_film,English,English listed
3 Women,Robert Altman,1977,Drama,0 days 02:04:00,Harvard Film Archive,2024-09-07,9:00 PM,2798805,3 Women,exact_film,English,English listed
Mac and Me,Stewart Raffill,1988,Family,0 days 01:35:00,Coolidge Corner Theatre,2024-09-07,11:59 PM,2525385,Mac and Me,exact_title,English,English listed
Midnight Cowboy,John Schlesinger,1969,Drama,0 days 01:53:00,Somerville Theatre,2024-09-07,11:59 PM,42147,Midnight Cowboy,exact_year,English,English listed
A Man Escaped,Robert Bresson,1956,Drama,0 days 01:41:00,Harvard Film Archive,2024-09-08,3:00 PM,2819346,A Man Escaped,exact_title,"French, German",No English listed
King Kong,"Merian C. Cooper, Ernest B. Schoedsack",1933,Adventure,0 days 01:44:00,The Brattle,2024-09-08,12:00 PM,16782,King Kong (1933 film),exact_year,English,English listed
Airport,George Seaton,1970,Action,0 days 02:17:00,Coolidge Corner Theatre,2024-09-08,2:00 PM,99459,Airport (1970 film),exact_year,English,English listed
Le Deuxième Souffle,Jean-Pierre Melville,1966,Action,0 days 02:30:00,Harvard Film Archive,2024-09-08,7:00 PM,18487088,Le deuxième souffle (1966 film),exact_year,French,No English listed
Withnail & I,Bruce Robinson,1987,Comedy,0 days 01:48:00,The Brattle,2024-09-09,9:30 PM,,,unresolved,,Unknown
Empire of the Sun,Steven Spielberg,1987,Drama,0 days 02:33:00,Coolidge Corner Theatre,2024-09-09,7:00 PM,146077,Empire of the Sun (film),exact_film,plainlist|; English; Japanese; Chinese; Welsh; Latin,English listed
Ms .45,Abel Ferrara,1981,Crime,0 days 01:21:00,The Brattle,2024-09-10,9:00 PM,2255173,Ms .45,exact_title,English,English listed
The Loveless,"Monty Montgomery, Kathryn Bigelow",1984,Drama,0 days 01:22:00,The Brattle,2024-09-10,6:30 PM,,,unresolved,,Unknown
The Master,Paul Thomas Anderson,2012,Drama,0 days 02:17:00,Coolidge Corner Theatre,2024-09-10,7:30 PM,31960682,The Master (2012 film),exact_year,English,English listed
The Warriors,Walter Hill,1979,Action,0 days 01:34:00,The Brattle,2024-09-11,"3:30 PM, 6:00 PM",1173571,The Warriors (film),exact_year,English,English listed
2001: A Space Odyssey,Stanley Kubrick,1968,SciFi,0 days 02:29:00,Coolidge Corner Theatre,2024-09-11,7:30 PM,23941708,2001: A Space Odyssey,exact_film,English,English listed
A Clockwork Orange,Stanley Kubrick,1971,SciFi,0 days 02:17:00,The Brattle,2024-09-11,8:15 PM,1659954,A Clockwork Orange (film),exact_film,English,English listed
The Old Oak,Ken Loach,2023,Drama,0 days 01:53:00,West Newton Cinema,2024-09-12,6:00 PM,,,unresolved,,Unknown
King Kong,"Merian C. Cooper, Ernest B. Schoedsack",1933,Adventure,0 days 01:44:00,The Brattle,2024-09-12,6:00 PM,16782,King Kong (1933 film),exact_year,English,English listed
Troll 2,Claudio Fragasso,1990,Horror,0 days 01:35:00,Capitol Theatre,2024-09-12,7:00 PM,,,unresolved,,Unknown
A Clockwork Orange,Stanley Kubrick,1971,SciFi,0 days 02:17:00,The Brattle,2024-09-12,8:15 PM,1659954,A Clockwork Orange (film),exact_film,English,English listed
Eraserhead,David Lynch,1978,Horror,0 days 01:29:00,Coolidge Corner Theatre,2024-09-12,9:55 PM,36814246,Eraserhead,exact_film,English,English listed
Glen or Glenda,Edward D. Wood Jr.,1953,Drama,0 days 01:11:00,Coolidge Corner Theatre,2024-09-13,11:59 PM,13154,Glen or Glenda,exact_title,English,English listed
Jason X,James Isaac,2001,Horror,0 days 01:31:00,Rocky Woods,2024-09-13,9:30 PM,2269465,Jason X,exact_title,English,English listed
Touchez Pas au Grisbi,Jacques Becker,1954,Crime,0 days 01:35:00,Harvard Film Archive,2024-09-13,9:00 PM,,,unresolved,,Unknown
Friday the 13th: The Final Chapter,Joseph Zito,1984,Horror,0 days 01:31:00,Rocky Woods,2024-09-13,8:00 PM,2546429,Friday the 13th: The Final Chapter,exact_title,English,English listed
Bob le Flambeur,Jean-Pierre Melville,1956,Drama,0 days 01:43:00,Harvard Film Archive,2024-09-13,7:00 PM,,,unresolved,,Unknown
Vertigo,Alfred Hitchcock,1958,Mystery,0 days 02:09:00,Coolidge Corner Theatre,2024-09-13,7:30 PM,76617,Vertigo (film),exact_year,English,English listed
To Have and Have Not,Howard Hawks,1945,Adventure,0 days 01:40:00,The Brattle,2024-09-13,5:30 PM,1971307,To Have and Have Not (film),exact_film,English,English listed
Fresh Kill,Shu Lea Cheang,1996,SciFi,0 days 01:20:00,The Brattle,2024-09-13,8:00 PM,64275988,Fresh Kill,exact_title,English,English listed
Le Doulos,Jean-Pierre Melville,1962,Drama,0 days 01:48:00,Harvard Film Archive,2024-09-14,9:00 PM,5092969,Le Doulos,exact_title,French,No English listed
The Outlaw Josey Wales,Clint Eastwood,1976,Western,0 days 02:15:00,Somerville Theatre,2024-09-14,11:59 PM,75270,The Outlaw Josey Wales,exact_film,English,English listed
Miami Connection,"Y.K. Kim, Richard Park Wu-sang",1987,Action,0 days 01:26:00,Coolidge Corner Theatre,2024-09-14,11:59 PM,37471880,Miami Connection,exact_title,English,English listed
Once Upon a Time... in Hollywood,Quentin Tarantino,2019,Comedy,0 days 02:42:00,Coolidge Corner Theatre,2024-09-14,7:30 PM,,,unresolved,,Unknown
To Have and Have Not,Howard Hawks,1945,Adventure,0 days 01:40:00,The Brattle,2024-09-14,12:00 PM,1971307,To Have and Have Not (film),exact_film,English,English listed
Un Flic,Jean-Pierre Melville,1972,Crime,0 days 01:40:00,Harvard Film Archive,2024-09-14,7:00 PM,,,unresolved,,Unknown
Dark Passage,Delmer Daves,1947,Romance,0 days 01:46:00,The Brattle,2024-09-14,4:45 PM,1668866,Dark Passage (film),exact_year,English,English listed
The Big Sleep,Howard Hawks,1946,Mystery,0 days 01:54:00,The Brattle,2024-09-14,2:15 PM,1645598,The Big Sleep (1946 film),exact_year,English,English listed
Key Largo,John Huston,1948,Crime,0 days 01:40:00,The Brattle,2024-09-14,7:00 PM,1397142,Key Largo (film),exact_year,English,English listed
Key Largo,John Huston,1948,Crime,0 days 01:40:00,The Brattle,2024-09-15,12:00 PM,1397142,Key Largo (film),exact_year,English,English listed
Lawrence of Arabia,David Lean,1962,Adventure,0 days 03:48:00,Coolidge Corner Theatre,2024-09-15,2:00 PM,43452,Lawrence of Arabia (film),exact_film,English,English listed
Written on the Wind,Douglas Sirk,1956,Drama,0 days 01:39:00,The Brattle,2024-09-15,2:30 PM,,,unresolved,,Unknown
Alice in Wonderland,"Clyde Geronimi, Wilfred Jackson, Hamilton Luske",1951,Animation,0 days 01:15:00,Harvard Film Archive,2024-09-15,3:00 PM,769066,Alice in Wonderland (1951 film),exact_year,English,English listed
How to Marry a Millionaire,Jean Negulesco,1953,Comedy,0 days 01:35:00,The Brattle,2024-09-15,4:45 PM,911882,How to Marry a Millionaire,exact_title,English,English listed
Hackers,Iain Softley,1995,Action,0 days 01:47:00,Somerville Theatre,2024-09-15,6:00 PM,40852758,Hackers (film),exact_year,English,English listed
Le Cercle Rouge,Jean-Pierre Melville,1970,Crime,0 days 02:20:00,Harvard Film Archive,2024-09-15,7:00 PM,2498993,Le Cercle Rouge,exact_title,French,No English listed
Dogville,Lars von Trier,2003,Crime,0 days 02:58:00,The Brattle,2024-09-15,7:30 PM,397310,Dogville,exact_title,English,English listed
Harper,Jack Smight,1966,Mystery,0 days 02:01:00,The Brattle,2024-09-16,8:00 PM,6646087,Harper (film),exact_film,English,English listed
Wheel of Fortune and Fantasy,Ryūsuke Hamaguchi,2021,Drama,0 days 02:01:00,Harvard Film Archive,2024-09-16,7:00 PM,,,unresolved,,Unknown
The Big Sleep,Howard Hawks,1946,Mystery,0 days 01:54:00,The Brattle,2024-09-16,5:30 PM,1645598,The Big Sleep (1946 film),exact_year,English,English listed
The Straight Story,David Lynch,1999,Drama,0 days 01:52:00,Coolidge Corner Theatre,2024-09-16,7:00 PM,,,unresolved,,Unknown
The 39 Steps,Alfred Hitchcock,1935,Mystery,0 days 01:26:00,Somerville Theatre,2024-09-17,7:00 PM,3724436,The 39 Steps (1935 film),exact_year,English,English listed
Vertigo,Alfred Hitchcock,1958,Mystery,0 days 02:09:00,Coolidge Corner Theatre,2024-09-17,7:30 PM,76617,Vertigo (film),exact_year,English,English listed
Murder on the Orient Express,Sidney Lumet,1974,Drama,0 days 02:08:00,The Brattle,2024-09-17,8:00 PM,5028092,Murder on the Orient Express (1974 film),exact_year,English,English listed
The Lady Vanishes,Alfred Hitchcock,1938,Mystery,0 days 01:36:00,Somerville Theatre,2024-09-17,8:40 PM,9404578,The Lady Vanishes,exact_year,English; German; French; Italian,English listed
The Rose King,Werner Schroeter,1986,Drama,0 days 01:46:00,MassArt,2024-09-18,4:30 PM,,,unresolved,,Unknown
Once Upon a Time... in Hollywood,Quentin Tarantino,2019,Comedy,0 days 02:42:00,Coolidge Corner Theatre,2024-09-18,7:30 PM,,,unresolved,,Unknown
Harper,Jack Smight,1966,Mystery,0 days 02:01:00,The Brattle,2024-09-18,8:00 PM,6646087,Harper (film),exact_film,English,English listed
Written on the Wind,Douglas Sirk,1956,Drama,0 days 01:39:00,The Brattle,2024-09-19,4:00 PM,,,unresolved,,Unknown
Donnie Darko,Richard Kelly,2001,Fantasy,0 days 01:54:00,Museum of Fine Arts,2024-09-19,7:00 PM,57820,Donnie Darko,exact_year,English,English listed
Grease,Randal Kleiser,1978,Romance,0 days 01:50:00,Coolidge Corner Theatre,2024-09-19,7:00 PM,336846,Grease (film),exact_year,English,English listed
The Searchers,John Ford,1956,Western,0 days 01:59:00,Somerville Theatre,2024-09-19,7:30 PM,76335,The Searchers,exact_year,English,English listed
But I'm a Cheerleader,Jamie Babbit,2000,Comedy,0 days 01:25:00,Coolidge Corner Theatre,2024-09-19,9:55 PM,770156,But I'm a Cheerleader,exact_title,English,English listed
Spartacus,Stanley Kubrick,1960,History,0 days 03:17:00,Coolidge Corner Theatre,2024-09-20,7:30 PM,166813,Spartacus (film),exact_year,English,English listed
Troll 2,Claudio Fragasso,1990,Horror,0 days 01:35:00,Coolidge Corner Theatre,2024-09-20,11:59 PM,,,unresolved,,Unknown
Moving,Shinji Sōmai,1993,Drama,0 days 02:04:00,Harvard Film Archive,2024-09-20,9:00 PM,24086703,Moving (1993 film),exact_year,Japanese,No English listed
The Silence of the Sea,Jean-Pierre Melville,1949,Drama,0 days 01:27:00,Harvard Film Archive,2024-09-20,7:00 PM,4074374,Le Silence de la mer (1949 film),exact_film,French; German,No English listed
The Searchers,John Ford,1956,Western,0 days 01:59:00,Somerville Theatre,2024-09-20,"4:00 PM, 7:30 PM",76335,The Searchers,exact_year,English,English listed
Naked Acts,Bridgett M. Davis,1996,Comedy,0 days 01:27:00,The Brattle,2024-09-20,8:00 PM,,,unresolved,,Unknown
Drive My Car,Ryūsuke Hamaguchi,2021,Drama,0 days 02:59:00,Harvard Film Archive,2024-09-21,6:00 PM,67841180,Drive My Car (film),exact_film,Japanese,No English listed
Naked Acts,Bridgett M. Davis,1996,Comedy,0 days 01:27:00,The Brattle,2024-09-21,7:00 PM,,,unresolved,,Unknown
Inception,Christopher Nolan,2010,Action,0 days 02:28:00,Coolidge Corner Theatre,2024-09-21,7:30 PM,23270459,Inception,exact_year,English,English listed
The Room,Tommy Wiseau,2003,Drama,0 days 01:39:00,Coolidge Corner Theatre,2024-09-21,11:59 PM,5443971,The Room,exact_year,English,English listed
Beyond the Blue Border,Sarah Neumann,2024,Drama,0 days 01:42:00,Coolidge Corner Theatre,2024-09-22,11:00 AM,,,unresolved,,Unknown
Naked Acts,Bridgett M. Davis,1996,Comedy,0 days 01:27:00,The Brattle,2024-09-22,"12:30 PM, 5:00 PM, 7:00 PM",,,unresolved,,Unknown
The Sound of Music,Robert Wise,1965,Drama,0 days 02:54:00,Coolidge Corner Theatre,2024-09-22,2:00 PM,4836239,The Sound of Music (film),exact_year,English,English listed
"Léon Morin, Priest",Jean-Pierre Melville,1961,Drama,0 days 01:57:00,Harvard Film Archive,2024-09-22,3:00 PM,22076195,"Léon Morin, Priest",exact_film,French,No English listed
Army of Shadows,Jean-Pierre Melville,1969,War,0 days 02:25:00,Harvard Film Archive,2024-09-22,7:00 PM,3723140,Army of Shadows,exact_title,French; German; English,English listed
Gift,Ryūsuke Hamaguchi,2023,Music,0 days 01:14:00,Harvard Film Archive,2024-09-23,"6:00 PM, 8:30 PM",74574510,Evil Does Not Exist,exact_year,Japanese,No English listed
Spartacus,Stanley Kubrick,1960,History,0 days 03:17:00,Coolidge Corner Theatre,2024-09-23,7:30 PM,166813,Spartacus (film),exact_year,English,English listed
Dial M for Murder,Alfred Hitchcock,1954,Thriller,0 days 01:45:00,Somerville Theatre,2024-09-24,8:55 PM,77223,Dial M for Murder,exact_title,English,English listed
Bill & Ted's Bogus Journey,Peter Hewitt,1991,Adventure,0 days 01:33:00,Mount Auburn Cemetery,2024-09-24,8:30 PM,254269,Bill & Ted's Bogus Journey,exact_title,English,English listed
Strangers on a Train,Alfred Hitchcock,1951,Crime,0 days 01:41:00,Somerville Theatre,2024-09-24,7:00 PM,261107,Strangers on a Train (film),exact_film,English,English listed
Join or Die,"Pete Davis, Rebecca Davis",2024,Documentary,0 days 01:39:00,Coolidge Corner Theatre,2024-09-24,7:00 PM,74669461,Join or Die,exact_film,,Unknown
The Seventh Seal,Ingmar Bergman,1957,Fantasy,0 days 01:36:00,Mount Auburn Cemetery,2024-09-24,7:00 PM,176545,The Seventh Seal,exact_film,Plain list|; Swedish; Latin,No English listed
8½,Federico Fellini,1963,Drama,0 days 02:19:00,The Brattle,2024-09-24,"4:00 PM, 7:00 PM",318810,8½,exact_film,Italian,No English listed
Inception,Christopher Nolan,2010,Action,0 days 02:28:00,Coolidge Corner Theatre,2024-09-25,7:30 PM,23270459,Inception,exact_year,English,English listed
Easy A,Will Gluck,2010,Comedy,0 days 01:33:00,Coolidge Corner Theatre,2024-09-26,7:00 PM,23438736,Easy A,exact_film,English,English listed
Spotlight Newton Filmmakers,"Ellie Lee, Linda Goetz, Steve Ascher, Jeanne Jordan",2024,Drama,0 days 01:40:00,West Newton Cinema,2024-09-26,6:00 PM,,,unresolved,,Unknown
Pandora's Box,G.W. Pabst,1929,Drama,0 days 02:13:00,The Brattle,2024-09-27,6:00 PM,457578,Pandora's Box (1929 film),exact_year,Silent film; German intertitles,No English listed
Le Samouraï,Jean-Pierre Melville,1967,Crime,0 days 01:45:00,Harvard Film Archive,2024-09-27,7:00 PM,2046252,Le Samouraï,exact_title,French,No English listed
The Sicilian Clan,Henri Verneuil,1969,Crime,0 days 01:57:00,Harvard Film Archive,2024-09-27,9:15 PM,,,unresolved,,Unknown
Samurai Cop,Amir Shervan,1991,Action,0 days 01:36:00,Coolidge Corner Theatre,2024-09-27,11:59 PM,,,unresolved,,Unknown
Out of Sight,Nick Rowland,2015,,0 days 00:28:00,West Newton Cinema,2024-09-27,7:45 PM,506119,Out of Sight,exact_film,English,English listed
"Rebel: Loreta Velazquez, Secret Soldier of the American Civil War",Maria Agui Carter,2013,,0 days 00:00:00,West Newton Cinema,2024-09-27,6:00 PM,,,unresolved,,Unknown
La Roue,Abel Gance,1923,Drama,0 days 06:58:00,The Brattle,2024-09-28,12:00 PM,17155163,La Roue,exact_title,Silent; French intertitles,No English listed
Miami Connection,"Y.K. Kim, Richard Park Wu-sang",1987,Action,0 days 01:26:00,Somerville Theatre,2024-09-28,11:59 PM,37471880,Miami Connection,exact_title,English,English listed
Birdemic: Shock and Terror,James Nguyen,2010,Romance,0 days 01:34:00,Coolidge Corner Theatre,2024-09-28,11:59 PM,25581548,Birdemic: Shock and Terror,exact_title,English,English listed
The Gate of Heavenly Peace,"Richard Gordon, Carma Hinton",1995,Documentary,0 days 03:00:00,West Newton Cinema,2024-09-28,1:00 PM,8748773,The Gate of Heavenly Peace (film),exact_film,English; Mandarin,English listed
Two Men in Manhattan,Jean-Pierre Melville,1959,Crime,0 days 01:24:00,Harvard Film Archive,2024-09-28,9:00 PM,,,unresolved,,Unknown
Breathless,Jean-Luc Godard,1960,Drama,0 days 01:30:00,Harvard Film Archive,2024-09-28,7:00 PM,339526,Breathless (1960 film),exact_year,French; English,English listed
Bonnie Blue: James Cotton's Life in the Blues,Bestor Cram,2022,Documentary,0 days 01:30:00,West Newton Cinema,2024-09-28,7:00 PM,,,unresolved,,Unknown
Zontar: The Thing from Venus,Larry Buchanan,1967,Horror,0 days 01:20:00,Somerville Theatre,2024-09-29,2:10 PM,,,unresolved,,Unknown
Double Feature - Wild Innovators/A Reckoning in Boston,"Maria Agui Carter, James Rutenbeck",2024,Documentary,0 days 01:36:00,West Newton Cinema,2024-09-29,1:30 PM,,,unresolved,,Unknown
RPM Fest Presents: Karel Doing,Karel Doing,1998,Documentary,0 days 00:00:00,The Brattle,2024-09-29,1:00 PM,,,unresolved,,Unknown
They Came from Beyond Space,Freddie Francis,1967,SciFi,0 days 01:25:00,Somerville Theatre,2024-09-29,12:30 PM,,,unresolved,,Unknown
"Harry Smith Films Nos. 1 – 5, 7 & 10, 11 & 16",Harry Smith,1946,Documentary,0 days 00:42:00,Harvard Film Archive,2024-09-29,3:00 PM,,,unresolved,,Unknown
Le Cercle Rouge,Jean-Pierre Melville,1970,Crime,0 days 02:20:00,Harvard Film Archive,2024-09-29,7:00 PM,2498993,Le Cercle Rouge,exact_title,French,No English listed
Double Feature: A Father's Kaddish/Why We Dance,"Jen Kaplan, Michal Goldman",2024,Documentary,0 days 01:13:00,West Newton Cinema,2024-09-29,4:00 PM,,,unresolved,,Unknown
Pandora's Box,G.W. Pabst,1929,Drama,0 days 02:13:00,The Brattle,2024-09-29,5:30 PM,457578,Pandora's Box (1929 film),exact_year,Silent film; German intertitles,No English listed
Sherlock Jr.,Buster Keaton,1924,Action,0 days 00:45:00,The Brattle,2024-09-29,3:15 PM,,,unresolved,,Unknown
Twilight,Catherine Hardwicke,2008,Fantasy,0 days 02:02:00,Coolidge Corner Theatre,2024-09-29,11:00 AM,14277334,Twilight (2008 film),exact_year,English,English listed
La Cocina,Alonso Ruizpalacios,2024,Drama,0 days 02:19:00,Coolidge Corner Theatre,2024-09-29,5:00 PM,,,unresolved,,Unknown
The Circus,Charlie Chaplin,1928,Comedy,0 days 01:13:00,The Brattle,2024-09-30,6:00 PM,142780,The Circus (1928 film),exact_year,Silent film; English intertitles,English listed
Sherlock Jr.,Buster Keaton,1924,Action,0 days 00:45:00,The Brattle,2024-09-30,8:30 PM,,,unresolved,,Unknown
Training Day,Antoine Fuqua,2001,Action,0 days 02:02:00,Coolidge Corner Theatre,2024-09-30,7:00 PM,171623,Training Day,exact_year,English,English listed
The Big Risk,Claude Sautet,1960,Crime,0 days 01:50:00,Harvard Film Archive,2024-09-30,7:00 PM,,,unresolved,,Unknown
Tangerine,Sean Baker,2015,Comedy,0 days 01:27:00,The Brattle,2024-10-01,9:00 PM,45254449,Tangerine (film),exact_film,plainlist|; English; Armenian,English listed
Macabre,William Castle,1958,Horror,0 days 01:12:00,Coolidge Corner Theatre,2024-10-01,7:00 PM,14170318,Macabre (1958 film),exact_year,English,English listed
Take Out,"Shih-Ching Tsou, Sean Baker",2004,Drama,0 days 01:28:00,The Brattle,2024-10-01,"5:00 PM, 7:00 PM",21064505,Take Out (2004 film),exact_year,Mandarin; English,English listed
Shadow of a Doubt,Alfred Hitchcock,1943,Thriller,0 days 01:48:00,Somerville Theatre,2024-10-01,7:30 PM,76339,Shadow of a Doubt,exact_year,English,English listed
Tangerine,Sean Baker,2015,Comedy,0 days 01:27:00,The Brattle,2024-10-02,4:00 PM,45254449,Tangerine (film),exact_film,plainlist|; English; Armenian,English listed
The Florida Project,Sean Baker,2017,Drama,0 days 01:52:00,The Brattle,2024-10-02,6:00 PM,53834253,The Florida Project,exact_film,English,English listed
Psycho,Alfred Hitchcock,1960,Horror,0 days 01:49:00,Coolidge Corner Theatre,2024-10-02,7:00 PM,23880,Psycho (1960 film),exact_year,English,English listed
Red Rocket,Sean Baker,2021,Drama,0 days 02:10:00,The Brattle,2024-10-02,8:30 PM,66691354,Red Rocket (film),exact_film,English,English listed
The Florida Project,Sean Baker,2017,Drama,0 days 01:52:00,The Brattle,2024-10-03,6:00 PM,53834253,The Florida Project,exact_film,English,English listed
Carmen Comes Home,Keisuke Kinoshita,1951,Comedy,0 days 01:26:00,Harvard Film Archive,2024-10-03,7:00 PM,15672543,Carmen Comes Home,exact_title,Japanese,No English listed
Wait Until Dark,Terence Young,1967,Thriller,0 days 01:48:00,Coolidge Corner Theatre,2024-10-03,7:00 PM,19755481,Wait Until Dark (film),exact_film,English,English listed
The Man Who Knew Too Much,Alfred Hitchcock,1956,Thriller,0 days 02:00:00,Somerville Theatre,2024-10-03,7:30 PM,2345044,The Man Who Knew Too Much (1956 film),exact_year,English,English listed
Red Rocket,Sean Baker,2021,Drama,0 days 02:10:00,The Brattle,2024-10-03,8:30 PM,66691354,Red Rocket (film),exact_film,English,English listed
Stop Making Sense,Jonathan Demme,1984,Documentary,0 days 01:28:00,Coolidge Corner Theatre,2024-10-03,9:55 PM,,,unresolved,,Unknown
Bob le Flambeur,Jean-Pierre Melville,1956,Drama,0 days 01:43:00,Harvard Film Archive,2024-10-04,9:15 PM,,,unresolved,,Unknown
The Texas Chain Saw Massacre,Tobe Hooper,1974,Horror,0 days 01:23:00,Coolidge Corner Theatre,2024-10-04,11:59 PM,,,unresolved,,Unknown
The Pit and the Pendulum,Roger Corman,1961,Horror,0 days 01:21:00,Coolidge Corner Theatre,2024-10-04,11:59 PM,5422414,The Pit and the Pendulum (1961 film),exact_year,English,English listed
Rififi,Jules Dassin,1955,Crime,0 days 01:58:00,Harvard Film Archive,2024-10-04,7:00 PM,,,unresolved,,Unknown
Billy in the Lowlands,Jan Egleson,1979,Drama,0 days 01:28:00,The Brattle,2024-10-04,6:00 PM,,,unresolved,,Unknown
Shaun of the Dead,Edgar Wright,2004,Horror,0 days 01:39:00,The Brattle,2024-10-04,3:30 PM,598397,Shaun of the Dead,exact_film,English,English listed
The Craft,Andrew Fleming,1996,Horror,0 days 01:41:00,Museum of Fine Arts,2024-10-04,7:00 PM,86533,The Craft (film),exact_year,English,English listed
The Tender Age,Jan Egleson,1986,Crime,0 days 01:43:00,The Brattle,2024-10-05,12:00 PM,,,unresolved,,Unknown
The Blue Diner,Jan Egleson,2001,Comedy,0 days 01:40:00,The Brattle,2024-10-05,2:15 PM,,,unresolved,,Unknown
The Boy and the Heron,Hayao Miyazaki,2023,Animation,0 days 02:04:00,Museum of Fine Arts,2024-10-05,2:30 PM,,,unresolved,,Unknown
Billy in the Lowlands,Jan Egleson,1979,Drama,0 days 01:28:00,The Brattle,2024-10-05,4:30 PM,,,unresolved,,Unknown
The Dark End of the Street,Jan Egleson,1981,Drama,0 days 01:29:00,The Brattle,2024-10-05,6:30 PM,74074834,The Dark End of the Street (1981 film),exact_year,English,English listed
One Step Away,"Ed Pincus, David Neuman",1968,Documentary,0 days 00:54:00,Harvard Film Archive,2024-10-05,7:00 PM,43917399,One Step Away,exact_film,Mandarin,No English listed
Le Deuxième Souffle,Jean-Pierre Melville,1966,Action,0 days 02:30:00,Harvard Film Archive,2024-10-05,8:30 PM,18487088,Le deuxième souffle (1966 film),exact_year,French,No English listed
The Omen,Richard Donner,1976,Horror,0 days 01:51:00,Coolidge Corner Theatre,2024-10-05,11:59 PM,186856,The Omen,exact_year,English,English listed
Big Time,Jan Egleson,1989,Drama,0 days 01:24:00,The Brattle,2024-10-06,3:45 PM,,,unresolved,,Unknown
The Silence of the Sea,Jean-Pierre Melville,1949,Drama,0 days 01:27:00,Harvard Film Archive,2024-10-06,3:00 PM,4074374,Le Silence de la mer (1949 film),exact_film,French; German,No English listed
Lemon Sky,Jan Egleson,1988,Drama,0 days 01:36:00,The Brattle,2024-10-06,6:00 PM,,,unresolved,,Unknown
The Blue Diner,Jan Egleson,2001,Comedy,0 days 01:40:00,The Brattle,2024-10-06,1:30 PM,,,unresolved,,Unknown
Pulp Fiction,Quentin Tarantino,1994,Thriller,0 days 02:34:00,Coolidge Corner Theatre,2024-10-06,2:00 PM,54173,Pulp Fiction,exact_film,English,English listed
Les Enfants Terribles,Jean-Pierre Melville,1950,Drama,0 days 01:47:00,Harvard Film Archive,2024-10-06,7:00 PM,13118358,Les Enfants terribles (film),exact_film,French,No English listed
Where Spring Comes Late,Yoji Yamada,1970,Drama,0 days 01:46:00,Harvard Film Archive,2024-10-07,7:00 PM,,,unresolved,,Unknown
The Babadook,Jennifer Kent,2014,Drama,0 days 01:34:00,Coolidge Corner Theatre,2024-10-07,7:00 PM,,,unresolved,,Unknown
T Blockers,Alice Maio Mackay,2023,Horror,0 days 01:15:00,The Brattle,2024-10-08,8:30 PM,,,unresolved,,Unknown
Rear Window,Alfred Hitchcock,1954,Thriller,0 days 01:55:00,Somerville Theatre,2024-10-08,7:30 PM,74577,Rear Window,exact_year,English,English listed
House on Haunted Hill,William Castle,1959,Horror,0 days 01:15:00,Coolidge Corner Theatre,2024-10-08,7:00 PM,628843,House on Haunted Hill,exact_title,English,English listed
The Silence of the Lambs,Jonathan Demme,1991,Crime,0 days 01:59:00,The Brattle,2024-10-08,6:00 PM,30006,The Silence of the Lambs (film),exact_film,English,English listed
Sleepaway Camp,Robert Hiltzik,1983,Horror,0 days 01:24:00,The Brattle,2024-10-09,6:30 PM,,,unresolved,,Unknown
Pulp Fiction,Quentin Tarantino,1994,Thriller,0 days 02:34:00,Coolidge Corner Theatre,2024-10-09,7:00 PM,54173,Pulp Fiction,exact_film,English,English listed
The Craft,Andrew Fleming,1996,Horror,0 days 01:41:00,The Speedway,2024-10-09,8:00 PM,86533,The Craft (film),exact_year,English,English listed
I Saw the TV Glow,Jane Schoenbrun,2024,Drama,0 days 01:40:00,The Brattle,2024-10-09,9:00 PM,71614849,I Saw the TV Glow,exact_title,English,English listed
Bride of the Monster,Edward D. Wood Jr.,1955,Horror,0 days 01:09:00,The Brattle,2024-10-10,"5:15 PM, 9:30 PM",5035,Bride of the Monster,exact_film,English,English listed
Ed Wood,Tim Burton,1994,Comedy,0 days 02:07:00,The Brattle,2024-10-10,7:00 PM,528464,Ed Wood (film),exact_film,English,English listed
Matinee,Joe Dante,1993,Comedy,0 days 01:39:00,Coolidge Corner Theatre,2024-10-10,7:00 PM,6215998,Matinee (1993 film),exact_year,English,English listed
The Birds,Alfred Hitchcock,1963,Horror,0 days 02:00:00,Somerville Theatre,2024-10-10,7:30 PM,304428,The Birds (film),exact_year,English,English listed
Pulp Fiction,Quentin Tarantino,1994,Thriller,0 days 02:34:00,Coolidge Corner Theatre,2024-10-10,9:45 PM,54173,Pulp Fiction,exact_film,English,English listed
The Texas Chain Saw Massacre,Tobe Hooper,1974,Horror,0 days 01:23:00,Coolidge Corner Theatre,2024-10-11,11:59 PM,,,unresolved,,Unknown
Don't Let the Riverbeast Get You!,Charles Roxburgh,2012,Horror,0 days 01:39:00,Somerville Theatre,2024-10-11,9:45 PM,78900252,Don't Let the Riverbeast Get You!,exact_title,English,English listed
Le Samouraï,Jean-Pierre Melville,1967,Crime,0 days 01:45:00,Harvard Film Archive,2024-10-11,9:00 PM,2046252,Le Samouraï,exact_title,French,No English listed
The Raven,Roger Corman,1963,Comedy,0 days 01:26:00,Coolidge Corner Theatre,2024-10-11,11:59 PM,518687,The Raven (1963 film),exact_year,English,English listed
Magnet of Doom,Jean-Pierre Melville,1963,Crime,0 days 01:42:00,Harvard Film Archive,2024-10-11,7:00 PM,,,unresolved,,Unknown
Eraserhead,David Lynch,1978,Horror,0 days 01:29:00,Museum of Fine Arts,2024-10-11,7:00 PM,36814246,Eraserhead,exact_film,English,English listed
The Little Shop of Horrors,Roger Corman,1960,Horror,0 days 01:12:00,The Brattle,2024-10-11,"6:00 PM, 9:30 PM",325206,The Little Shop of Horrors,exact_year,English,English listed
A Bucket of Blood,Roger Corman,1959,Comedy,0 days 01:06:00,The Brattle,2024-10-11,7:45 PM,4333681,A Bucket of Blood,exact_year,English,English listed
X: The Man with the X-Ray Eyes,Roger Corman,1963,SciFi,0 days 01:19:00,The Brattle,2024-10-12,"1:00 PM, 5:00 PM",,,unresolved,,Unknown
House of Usher,Roger Corman,1960,Horror,0 days 01:19:00,The Brattle,2024-10-12,"3:00 PM, 7:00 PM",5421694,House of Usher (film),exact_film,English,English listed
2001: A Space Odyssey,Stanley Kubrick,1968,SciFi,0 days 02:29:00,Harvard Film Archive,2024-10-12,7:00 PM,23941708,2001: A Space Odyssey,exact_film,English,English listed
Nosferatu,F. W. Murnau,1922,Horror,0 days 01:35:00,Somerville Theatre,2024-10-12,7:00 PM,82423,Nosferatu,exact_year,plainlist|; Silent film; German intertitles,No English listed
Cockfighter,Monte Hellman,1974,Drama,0 days 01:23:00,The Brattle,2024-10-12,9:00 PM,4173939,Cockfighter,exact_title,English,English listed
Phantasm,Don Coscarelli,1979,Horror,0 days 01:29:00,Coolidge Corner Theatre,2024-10-12,11:59 PM,1802400,Phantasm (film),exact_film,English,English listed
Le Trou,Jacques Becker,1960,Drama,0 days 02:12:00,Harvard Film Archive,2024-10-13,7:00 PM,3644789,The Hole (1960 film),exact_title,French,No English listed
The Trip,Roger Corman,1967,Drama,0 days 01:25:00,The Brattle,2024-10-13,7:00 PM,696925,The Trip (1967 film),exact_year,English,English listed
Gas! -Or- It Became Necessary to Destroy the World in Order to Save It.,Roger Corman,1970,Comedy,0 days 01:19:00,The Brattle,2024-10-13,"3:00 PM, 9:00 PM",,,unresolved,,Unknown
The Wild Angels,Roger Corman,1966,Drama,0 days 01:27:00,The Brattle,2024-10-13,5:00 PM,,,unresolved,,Unknown
Boxcar Bertha,Martin Scorsese,1972,Crime,0 days 01:28:00,The Brattle,2024-10-14,"2:00 PM, 8:00 PM",1873017,Boxcar Bertha,exact_title,English,English listed
Dementia 13,Francis Ford Coppola,1963,Horror,0 days 01:15:00,The Brattle,2024-10-14,"4:00 PM, 9:45 PM",3815899,Dementia 13,exact_title,English,English listed
Interview with the Vampire,Neil Jordan,1994,Horror,0 days 02:03:00,Coolidge Corner Theatre,2024-10-14,7:00 PM,3239688,Interview with the Vampire (film),exact_film,English,English listed
Targets,Peter Bogdanovich,1968,Crime,0 days 01:30:00,The Brattle,2024-10-15,"5:00 PM, 7:00 PM, 9:00 PM",427989,Targets,exact_film,English,English listed
13 Ghosts,William Castle,1960,Horror,0 days 01:25:00,Coolidge Corner Theatre,2024-10-15,7:00 PM,1135297,13 Ghosts,exact_year,English,English listed
Marnie,Alfred Hitchcock,1964,Thriller,0 days 02:10:00,Somerville Theatre,2024-10-15,7:30 PM,264851,Marnie (film),exact_film,English,English listed
Hangdog,Matt Cascella,2023,Comedy,0 days 01:32:00,Somerville Theatre,2024-10-16,7:30 PM,,,unresolved,,Unknown
Polyester,John Waters,1981,Comedy,0 days 01:26:00,Coolidge Corner Theatre,2024-10-16,7:00 PM,1271694,Polyester (film),exact_film,English,English listed
The Shooting,Monte Hellman,1966,Western,0 days 01:22:00,The Brattle,2024-10-16,"4:00 PM, 8:00 PM",2294746,The Shooting,exact_film,English,English listed
Ride in the Whirlwind,Monte Hellman,1966,Western,0 days 01:22:00,The Brattle,2024-10-16,6:00 PM,,,unresolved,,Unknown
I Married a Witch,René Clair,1942,Comedy,0 days 01:14:00,Coolidge Corner Theatre,2024-10-17,7:00 PM,2100379,I Married a Witch,exact_title,English,English listed
Frenzy,Alfred Hitchcock,1972,Crime,0 days 01:56:00,Somerville Theatre,2024-10-17,7:30 PM,508044,Frenzy,exact_year,English,English listed
It Follows,David Robert Mitchell,2015,Horror,0 days 01:41:00,Coolidge Corner Theatre,2024-10-17,9:55 PM,44202021,It Follows,exact_title,English,English listed
The Student Nurses,Stephanie Rothman,1970,Drama,0 days 01:22:00,The Brattle,2024-10-18,6:00 PM,,,unresolved,,Unknown
Belarmino,Fernando Lopes,1964,Documentary,0 days 01:12:00,Harvard Film Archive,2024-10-18,7:00 PM,,,unresolved,,Unknown
Caged Heat,Jonathan Demme,1974,Action,0 days 01:23:00,The Brattle,2024-10-18,8:00 PM,2631972,Caged Heat,exact_title,English,English listed
Change of Life,Paulo Rocha,1967,Drama,0 days 01:34:00,Harvard Film Archive,2024-10-18,9:15 PM,,,unresolved,,Unknown
Stop Making Sense,Jonathan Demme,1984,Documentary,0 days 01:28:00,The Brattle,2024-10-18,10:00 PM,,,unresolved,,Unknown
Tales of Terror,Roger Corman,1962,Horror,0 days 01:29:00,Coolidge Corner Theatre,2024-10-18,11:59 PM,3135608,Tales of Terror,exact_year,English,English listed
The Texas Chain Saw Massacre,Tobe Hooper,1974,Horror,0 days 01:23:00,Coolidge Corner Theatre,2024-10-18,11:59 PM,,,unresolved,,Unknown
The Exorcist,William Friedkin,1973,Horror,0 days 02:02:00,Coolidge Corner Theatre,2024-10-19,11:30 PM,725459,The Exorcist,exact_film,Plainlist|; English,English listed
Stop Making Sense,Jonathan Demme,1984,Documentary,0 days 01:28:00,The Brattle,2024-10-19,10:00 PM,,,unresolved,,Unknown
El Topo,Alejandro Jodorowsky,1970,Action,0 days 02:05:00,Harvard Film Archive,2024-10-19,8:30 PM,1844221,El Topo,exact_year,Spanish,No English listed
Lucifer Rising,Kenneth Anger,1974,Fantasy,0 days 00:29:00,Harvard Film Archive,2024-10-19,7:00 PM,9390971,Lucifer Rising (film),exact_film,English,English listed
Chopping Mall,Jim Wynorski,1986,Horror,0 days 01:17:00,The Brattle,2024-10-19,5:30 PM,3834588,Chopping Mall,exact_title,English,English listed
Piranha,Joe Dante,1978,Horror,0 days 01:34:00,The Brattle,2024-10-19,7:30 PM,3153784,Piranha (1978 film),exact_year,English,English listed
Stop Making Sense,Jonathan Demme,1984,Documentary,0 days 01:28:00,The Brattle,2024-10-20,12:00 PM,,,unresolved,,Unknown
Invisible Nation,Vanessa Hope,2024,Documentary,0 days 01:25:00,Coolidge Corner Theatre,2024-10-20,3:00 PM,76800244,Invisible Nation,exact_title,Plainlist|; English; Mandarian,English listed
Trails,João César Monteiro,1978,Drama,0 days 02:03:00,Harvard Film Archive,2024-10-20,3:00 PM,,,unresolved,,Unknown
Autumn Sonata,Ingmar Bergman,1978,Drama,0 days 01:33:00,The Brattle,2024-10-20,4:00 PM,225554,Autumn Sonata,exact_title,Swedish,No English listed
Holding Back the Tide,Emily Packer,2024,Documentary,0 days 01:21:00,Somerville Theatre,2024-10-20,4:00 PM,,,unresolved,,Unknown
Rock 'n' Roll High School,Allan Arkush,1979,Comedy,0 days 01:33:00,The Brattle,2024-10-20,6:30 PM,,,unresolved,,Unknown
Vilarinho das Furnas,António Campos,1971,Documentary,0 days 01:17:00,Harvard Film Archive,2024-10-20,7:00 PM,,,unresolved,,Unknown
Suburbia,Penelope Spheeris,1984,Drama,0 days 01:34:00,The Brattle,2024-10-20,8:30 PM,670267,Suburbia (film),exact_year,English,English listed
Falamos de Rio de Onor,António Campos,1974,Documentary,0 days 01:05:00,Harvard Film Archive,2024-10-21,7:00 PM,,,unresolved,,Unknown
North by Northwest,Alfred Hitchcock,1959,Mystery,0 days 02:16:00,Somerville Theatre,2024-10-21,"4:00 PM, 7:30 PM",73412,North by Northwest,exact_film,English,English listed
Galaxy of Terror,Bruce D. Clark,1981,Action,0 days 01:21:00,The Brattle,2024-10-21,"5:00 PM, 9:15 PM",14864488,Galaxy of Terror,exact_title,English,English listed
Battle Beyond the Stars,Jimmy T. Murakami,1980,SciFi,0 days 01:44:00,The Brattle,2024-10-21,7:00 PM,1152328,Battle Beyond the Stars,exact_title,English,English listed
The Tingler,William Castle,1959,Horror,0 days 01:22:00,Coolidge Corner Theatre,2024-10-21,7:00 PM,,,unresolved,,Unknown
Stripped to Kill,Katt Shea,1987,Drama,0 days 01:28:00,The Brattle,2024-10-22,8:00 PM,,,unresolved,,Unknown
North by Northwest,Alfred Hitchcock,1959,Mystery,0 days 02:16:00,Somerville Theatre,2024-10-22,7:30 PM,73412,North by Northwest,exact_film,English,English listed
Slumber Party Massacre II,Deborah Brock,1987,Horror,0 days 01:25:00,The Brattle,2024-10-23,9:45 PM,,,unresolved,,Unknown
The Slumber Party Massacre,Amy Holden Jones,1982,Horror,0 days 01:17:00,The Brattle,2024-10-23,8:00 PM,,,unresolved,,Unknown
North by Northwest,Alfred Hitchcock,1959,Mystery,0 days 02:16:00,Somerville Theatre,2024-10-23,7:30 PM,73412,North by Northwest,exact_film,English,English listed
Eyes Without a Face,Georges Franju,1960,Drama,0 days 01:24:00,Coolidge Corner Theatre,2024-10-24,7:00 PM,2491582,Eyes Without a Face (film),exact_film,French,No English listed
Death Race 2000,Paul Bartel,1975,Action,0 days 01:20:00,The Brattle,2024-10-24,8:30 PM,1017650,Death Race 2000,exact_title,English,English listed
Trás-os-Montes,"Margarida Cordeiro, António Reis",1976,Documentary,0 days 01:48:00,Harvard Film Archive,2024-10-25,7:00 PM,36319171,Trás-os-Montes (film),exact_film,Portuguese,No English listed
Brandos Costumes,Alberto Seixas Santos,1975,Drama,0 days 01:15:00,Harvard Film Archive,2024-10-25,9:15 PM,24386035,Brandos Costumes,exact_title,Portuguese,No English listed
Frankenhooker,Frank Henenlotter,1990,Comedy,0 days 01:25:00,Coolidge Corner Theatre,2024-10-25,11:59 PM,2259073,Frankenhooker,exact_title,English,English listed
The Tomb of Ligeia,Roger Corman,1964,Horror,0 days 01:21:00,Coolidge Corner Theatre,2024-10-25,11:59 PM,,,unresolved,,Unknown
Monster House,Gil Kenan,2006,Animation,0 days 01:31:00,Coolidge Corner Theatre,2024-10-26,10:30 AM,2692284,Monster House (film),exact_year,English,English listed
Le Doulos,Jean-Pierre Melville,1962,Drama,0 days 01:48:00,Harvard Film Archive,2024-10-26,7:00 PM,5092969,Le Doulos,exact_title,French,No English listed
Trick or Treat,Charles Martin Smith,1986,Horror,0 days 01:37:00,Somerville Theatre,2024-10-26,7:30 PM,7212423,Trick or Treat (1986 film),exact_year,English,English listed
Max and the Junkmen,Claude Sautet,1971,Crime,0 days 01:52:00,Harvard Film Archive,2024-10-26,9:15 PM,,,unresolved,,Unknown
23rd Halloween Horror Marathon,Coolidge Corner After Midnite,2024,Horror,0 days 12:00:00,Coolidge Corner Theatre,2024-10-26,11:30 PM,,,unresolved,,Unknown
The Vows,António de Macedo,1973,Drama,0 days 01:42:00,Harvard Film Archive,2024-10-27,7:00 PM,,,unresolved,,Unknown
Rosemary's Baby,Roman Polanski,1968,Drama,0 days 02:18:00,Coolidge Corner Theatre,2024-10-27,7:00 PM,9830229,Rosemary's Baby (film),exact_film,English,English listed
Army of Shadows,Jean-Pierre Melville,1969,War,0 days 02:25:00,Harvard Film Archive,2024-10-27,3:00 PM,3723140,Army of Shadows,exact_title,French; German; English,English listed
Elbow,Aslı Özarslan,2024,Drama,0 days 01:33:00,Coolidge Corner Theatre,2024-10-27,11:00 AM,76004792,Elbow (film),exact_film,German; Turkish,No English listed
Kwaidan,Masaki Kobayashi,1965,Horror,0 days 03:03:00,The Brattle,2024-10-28,6:00 PM,1268511,Kwaidan (film),exact_film,Japanese,No English listed
Harry Smith - Film No. 12 / Film No. 16,Harry Smith,1957,Documentary,0 days 01:21:00,Harvard Film Archive,2024-10-28,7:00 PM,,,unresolved,,Unknown
A Nightmare on Elm Street,Wes Craven,1984,Horror,0 days 01:31:00,Coolidge Corner Theatre,2024-10-28,7:00 PM,3028191,A Nightmare on Elm Street,exact_year,English,English listed
Evil Dead II,Sam Raimi,1987,Horror,0 days 01:24:00,The Brattle,2024-10-28,9:30 PM,10487,Evil Dead II,exact_title,English,English listed
Practical Magic,Griffin Dunne,1998,Romance,0 days 01:44:00,The Brattle,2024-10-29,6:00 PM,89445,Practical Magic,exact_title,English,English listed
The Manchurian Candidate,John Frankenheimer,1962,Thriller,0 days 02:06:00,Coolidge Corner Theatre,2024-10-29,7:00 PM,58147,The Manchurian Candidate (1962 film),exact_year,English,English listed
Evil Dead II,Sam Raimi,1987,Horror,0 days 01:24:00,The Brattle,2024-10-29,9:30 PM,10487,Evil Dead II,exact_title,English,English listed
The Crow,Alex Proyas,1994,Fantasy,0 days 01:42:00,Coolidge Corner Theatre,2024-10-30,7:00 PM,406339,The Crow (1994 film),exact_year,English,English listed
Scream,Wes Craven,1996,Crime,0 days 01:52:00,Coolidge Corner Theatre,2024-10-31,8:00 PM,113549,Scream (1996 film),exact_year,English,English listed
Scream,"Tyler Gillett, Matt Bettinelli-Olpin",2022,Horror,0 days 01:54:00,Coolidge Corner Theatre,2024-10-31,10:00 PM,31716869,Scream (2022 film),exact_year,English,English listed
Scream Halloween House Party,"Wes Craven, Matt Bettinelli-Olpin, Tyler Gillett",2024,Horror,0 days 05:00:00,Coolidge Corner Theatre,2024-10-31,7:00 PM,,,unresolved,,Unknown
The Rocky Horror Picture Show,Jim Sharman,1975,Comedy,0 days 01:40:00,Somerville Theatre,2024-10-31,8:00 PM,,,unresolved,,Unknown
Eraserhead,David Lynch,1978,Horror,0 days 01:29:00,Coolidge Corner Theatre,2024-11-01,11:59 PM,36814246,Eraserhead,exact_film,English,English listed
O Mal-Amado,Fernando Matos Silva,1974,Drama,0 days 01:40:00,Harvard Film Archive,2024-11-01,8:30 PM,,,unresolved,,Unknown
What Shall I Do With This Sword?,João César Monteiro,1975,Documentary,0 days 01:04:00,Harvard Film Archive,2024-11-01,7:00 PM,,,unresolved,,Unknown
Eephus,Carson Lund,2025,Drama,0 days 01:38:00,The Brattle,2024-11-01,6:30 PM,445172,Eephus,exact_film,English,English listed
Out of the Past,Jacques Tourneur,1947,Crime,0 days 01:37:00,The Brattle,2024-11-01,3:30 PM,75266,Out of the Past,exact_film,English,English listed
I Saw the TV Glow,Jane Schoenbrun,2024,Drama,0 days 01:40:00,Museum of Fine Arts,2024-11-01,7:00 PM,71614849,I Saw the TV Glow,exact_title,English,English listed
Vertigo,Alfred Hitchcock,1958,Mystery,0 days 02:09:00,Somerville Theatre,2024-11-02,"2:00 PM, 8:00 PM",76617,Vertigo (film),exact_year,English,English listed
Zabriskie Point,Michelangelo Antonioni,1970,Drama,0 days 01:53:00,Harvard Film Archive,2024-11-02,7:00 PM,2194799,Zabriskie Point (film),exact_film,English,English listed
Koyaanisqatsi,Godfrey Reggio,1983,Documentary,0 days 01:26:00,Harvard Film Archive,2024-11-02,9:30 PM,18932654,Koyaanisqatsi,exact_title,,Unknown
The Elephant Man,David Lynch,1980,Drama,0 days 02:04:00,Coolidge Corner Theatre,2024-11-02,11:59 PM,106344,The Elephant Man (1980 film),exact_year,English,English listed
Rebecca,Alfred Hitchcock,1940,Mystery,0 days 02:10:00,Coolidge Corner Theatre,2024-11-03,2:00 PM,1259785,Rebecca (1940 film),exact_year,English,English listed
Vertigo,Alfred Hitchcock,1958,Mystery,0 days 02:09:00,Somerville Theatre,2024-11-03,"2:00 PM, 7:00 PM",76617,Vertigo (film),exact_year,English,English listed
Trás-os-Montes,"Margarida Cordeiro, António Reis",1976,Documentary,0 days 01:48:00,Harvard Film Archive,2024-11-03,3:00 PM,36319171,Trás-os-Montes (film),exact_film,Portuguese,No English listed
Histórias Selvagens,António Campos,1978,Drama,0 days 01:42:00,Harvard Film Archive,2024-11-03,7:00 PM,,,unresolved,,Unknown
The Muppet Movie,James Frawley,1979,Comedy,0 days 01:37:00,The Brattle,2024-11-04,9:00 PM,,,unresolved,,Unknown
Fright Night,Tom Holland,1985,Comedy,0 days 01:47:00,The Brattle,2024-11-04,6:00 PM,1123132,Fright Night,exact_year,English,English listed
3 Women,Robert Altman,1977,Drama,0 days 02:04:00,Coolidge Corner Theatre,2024-11-04,7:00 PM,2798805,3 Women,exact_film,English,English listed
Harry Smith - Film No. 18 (Mahagonny),Harry Smith,1970,Documentary,0 days 02:21:00,Harvard Film Archive,2024-11-04,7:00 PM,,,unresolved,,Unknown
The Muppet Movie,James Frawley,1979,Comedy,0 days 01:37:00,The Brattle,2024-11-05,"4:30 PM, 7:00 PM",,,unresolved,,Unknown
The Muppet Movie,James Frawley,1979,Comedy,0 days 01:37:00,The Brattle,2024-11-06,"4:30 PM, 7:00 PM, 9:00 PM",,,unresolved,,Unknown
The Tingler,William Castle,1959,Horror,0 days 01:22:00,Coolidge Corner Theatre,2024-11-07,7:00 PM,,,unresolved,,Unknown
Head,Bob Rafelson,1968,Comedy,0 days 01:26:00,Harvard Film Archive,2024-11-07,7:00 PM,693163,Head (film),exact_film,plainlist|; English; Italian,English listed
Blade Runner,Ridley Scott,1982,SciFi,0 days 01:58:00,Coolidge Corner Theatre,2024-11-07,9:45 PM,3746,Blade Runner,exact_year,English,English listed
The Killing,Stanley Kubrick,1956,Crime,0 days 01:25:00,The Brattle,2024-11-08,3:30 PM,282964,The Killing (film),exact_year,English,English listed
In a Lonely Place,Nicholas Ray,1950,Drama,0 days 01:34:00,The Brattle,2024-11-08,"6:00 PM, 8:30 PM",812818,In a Lonely Place,exact_title,English,English listed
The Breakfast Club,John Hughes,1985,Comedy,0 days 01:38:00,West Newton Cinema,2024-11-08,6:30 PM,29943,The Breakfast Club,exact_year,English,English listed
Boston Punk Unbound/Rewound,Arthur Freedman,1976,Music,0 days 02:00:00,Harvard Film Archive,2024-11-08,7:00 PM,,,unresolved,,Unknown
Dune,David Lynch,1984,Action,0 days 02:17:00,Coolidge Corner Theatre,2024-11-08,11:59 PM,71415,Dune (1984 film),exact_year,English,English listed
Experiment in Terror,Blake Edwards,1962,Thriller,0 days 02:03:00,The Brattle,2024-11-09,1:00 PM,5501567,Experiment in Terror,exact_title,English,English listed
My Name Is Julia Ross,Joseph H. Lewis,1945,Thriller,0 days 01:05:00,The Brattle,2024-11-09,3:30 PM,3624149,My Name Is Julia Ross,exact_title,English,English listed
The Way Steel Was Tempered,Želimir Žilnik,1988,Comedy,0 days 01:41:00,Harvard Film Archive,2024-11-09,7:00 PM,,,unresolved,,Unknown
Futility in Frames: The Hypnoses of Vlatko Gilic,Vlatko Gilic,1968,Documentary,0 days 01:46:00,Harvard Film Archive,2024-11-09,9:15 PM,,,unresolved,,Unknown
Blue Velvet,David Lynch,1986,Mystery,0 days 02:00:00,Coolidge Corner Theatre,2024-11-09,11:59 PM,3947,Blue Velvet (film),exact_film,English,English listed
Human Desire,Fritz Lang,1954,Drama,0 days 01:31:00,The Brattle,2024-11-10,"6:00 PM, 10:00 PM",2346581,Human Desire,exact_title,English,English listed
The Big Heat,Fritz Lang,1953,Crime,0 days 01:29:00,The Brattle,2024-11-10,"4:00 PM, 8:00 PM",1564113,The Big Heat,exact_title,English,English listed
Siberian Lady Macbeth,Andrzej Wajda,1962,Romance,0 days 01:33:00,Harvard Film Archive,2024-11-10,7:00 PM,839067,Siberian Lady Macbeth,exact_title,Polish; Serbian,No English listed
Niagara,Henry Hathaway,1953,Thriller,0 days 01:32:00,Coolidge Corner Theatre,2024-11-10,2:00 PM,1633705,Niagara (1953 film),exact_year,English,English listed
My Name Is Julia Ross,Joseph H. Lewis,1945,Thriller,0 days 01:05:00,The Brattle,2024-11-10,12:00 PM,3624149,My Name Is Julia Ross,exact_title,English,English listed
Neo Homo Promo,Jenni Olson,1994,Documentary,0 days 01:30:00,Harvard Film Archive,2024-11-10,3:00 PM,,,unresolved,,Unknown
The Sniper,Edward Dmytryk,1952,Crime,0 days 01:28:00,The Brattle,2024-11-11,7:00 PM,2721095,The Sniper (1952 film),exact_year,English,English listed
When Harry Met Sally...,Rob Reiner,1989,Comedy,0 days 01:36:00,Coolidge Corner Theatre,2024-11-11,7:00 PM,,,unresolved,,Unknown
Over-Exposed,Lewis Seiler,1956,Drama,0 days 01:20:00,The Brattle,2024-11-11,"5:00 PM, 9:00 PM",5993535,Over-Exposed,exact_title,English,English listed
The Night Watchman,Natalia Almada,2011,Documentary,0 days 01:12:00,Harvard Film Archive,2024-11-11,7:00 PM,,,unresolved,,Unknown
The Killers,Robert Siodmak,1946,Crime,0 days 01:43:00,Coolidge Corner Theatre,2024-11-12,7:30 PM,1774116,The Killers (1946 film),exact_year,English,English listed
The Crimson Kimono,Samuel Fuller,1959,Romance,0 days 01:22:00,The Brattle,2024-11-13,7:00 PM,19164879,The Crimson Kimono,exact_title,English,English listed
Underworld U.S.A.,Samuel Fuller,1961,Crime,0 days 01:39:00,The Brattle,2024-11-13,"5:00 PM, 9:00 PM",,,unresolved,,Unknown
Wild at Heart,David Lynch,1990,Crime,0 days 02:05:00,Coolidge Corner Theatre,2024-11-15,11:59 PM,246963,Wild at Heart (film),exact_year,English,English listed
The Man Who Wasn't There,Joel Coen,2001,Crime,0 days 01:56:00,The Brattle,2024-11-15,3:30 PM,241052,The Man Who Wasn't There (2001 film),exact_year,English,English listed
Willy/Milly,Paul Schneider,1986,Comedy,0 days 01:26:00,Harvard Film Archive,2024-11-16,7:00 PM,,,unresolved,,Unknown
Dallas Doll,Ann Turner,1994,Comedy,0 days 01:44:00,Harvard Film Archive,2024-11-16,9:15 PM,24716019,Dallas Doll,exact_title,English,English listed
Twin Peaks: Fire Walk with Me,David Lynch,1992,Drama,0 days 02:15:00,Coolidge Corner Theatre,2024-11-16,11:59 PM,,,unresolved,,Unknown
Leave Her to Heaven,John M. Stahl,1945,Drama,0 days 01:50:00,Coolidge Corner Theatre,2024-11-17,2:00 PM,181353,Leave Her to Heaven,exact_title,English,English listed
Afro Promo,"Jenni Olson, Karl Knapper",1997,Documentary,0 days 01:31:00,Harvard Film Archive,2024-11-17,3:00 PM,,,unresolved,,Unknown
The Joy of Life,Jenni Olson,2005,Documentary,0 days 01:05:00,Harvard Film Archive,2024-11-17,7:00 PM,2615732,The Joy of Life,exact_title,English,English listed
The Royal Road,Jenni Olson,2015,Documentary,0 days 01:05:00,Harvard Film Archive,2024-11-18,7:00 PM,,,unresolved,,Unknown
Amadeus,Miloš Forman,1984,History,0 days 02:40:00,Coolidge Corner Theatre,2024-11-18,7:00 PM,1065214,Amadeus (film),exact_film,English,English listed
A Report on the Party and the Guests,Jan Němec,1966,Drama,0 days 01:10:00,The Brattle,2024-11-19,8:30 PM,22279167,A Report on the Party and the Guests,exact_title,Czech,No English listed
Kokomo City,D. Smith,2023,Documentary,0 days 01:13:00,Coolidge Corner Theatre,2024-11-19,7:00 PM,73448047,Kokomo City,exact_title,English,English listed
Daisies,Věra Chytilová,1966,Comedy,0 days 01:16:00,The Brattle,2024-11-19,5:00 PM,10163440,Daisies (film),exact_film,Czech,No English listed
Murdering the Devil,Ester Krumbachová,1970,Comedy,0 days 01:17:00,The Brattle,2024-11-19,6:45 PM,,,unresolved,,Unknown
Valerie and Her Week of Wonders,Jaromil Jireš,1970,Fantasy,0 days 01:13:00,The Brattle,2024-11-20,5:00 PM,1868133,Valerie and Her Week of Wonders (film),exact_film,Czech,No English listed
Murdering the Devil,Ester Krumbachová,1970,Comedy,0 days 01:17:00,The Brattle,2024-11-20,6:45 PM,,,unresolved,,Unknown
Paris Is Burning,Jennie Livingston,1991,Documentary,0 days 01:18:00,Coolidge Corner Theatre,2024-11-20,7:00 PM,2406074,Paris Is Burning (film),exact_film,English,English listed
Daisies,Věra Chytilová,1966,Comedy,0 days 01:16:00,The Brattle,2024-11-20,8:30 PM,10163440,Daisies (film),exact_film,Czech,No English listed
A Clockwork Orange,Stanley Kubrick,1971,SciFi,0 days 02:17:00,Coolidge Corner Theatre,2024-11-21,9:45 PM,1659954,A Clockwork Orange (film),exact_film,English,English listed
Valerie and Her Week of Wonders,Jaromil Jireš,1970,Fantasy,0 days 01:13:00,The Brattle,2024-11-21,8:30 PM,1868133,Valerie and Her Week of Wonders (film),exact_film,Czech,No English listed
Shrek 2,"Conrad Vernon, Kelly Asbury, Andrew Adamson",2004,Animation,0 days 01:32:00,Coolidge Corner Theatre,2024-11-21,7:00 PM,525314,Shrek 2,exact_title,English,English listed
Murdering the Devil,Ester Krumbachová,1970,Comedy,0 days 01:17:00,The Brattle,2024-11-21,6:45 PM,,,unresolved,,Unknown
A Report on the Party and the Guests,Jan Němec,1966,Drama,0 days 01:10:00,The Brattle,2024-11-21,5:00 PM,22279167,A Report on the Party and the Guests,exact_title,Czech,No English listed
"Paris, Texas",Wim Wenders,1984,Drama,0 days 02:25:00,The Brattle,2024-11-22,"6:00 PM, 9:00 PM",237134,"Paris, Texas (film)",exact_film,English,English listed
The Fall,Tarsem,2008,Adventure,0 days 01:57:00,Museum of Fine Arts,2024-11-22,7:30 PM,27941350,The Fall (2008 film),exact_year,English,English listed
Lost Highway,David Lynch,1997,Drama,0 days 02:14:00,Coolidge Corner Theatre,2024-11-22,11:59 PM,204839,Lost Highway (film),exact_year,English,English listed
Mulholland Drive,David Lynch,2001,Thriller,0 days 02:27:00,Coolidge Corner Theatre,2024-11-23,11:59 PM,20786,Mulholland Drive (film),exact_film,English,English listed
Out of the Past,Jacques Tourneur,1947,Crime,0 days 01:37:00,Somerville Theatre,2024-11-23,"5:00 PM, 9:00 PM",75266,Out of the Past,exact_film,English,English listed
Wings of a Serf,Yuri Tarich,1926,Drama,0 days 01:13:00,Harvard Film Archive,2024-11-23,7:00 PM,,,unresolved,,Unknown
Casablanca,Michael Curtiz,1943,Drama,0 days 01:42:00,Somerville Theatre,2024-11-23,"3:00 PM, 7:00 PM",57585,Casablanca (film),exact_film,English,English listed
"Paris, Texas",Wim Wenders,1984,Drama,0 days 02:25:00,The Brattle,2024-11-23,"4:30 PM, 7:30 PM",237134,"Paris, Texas (film)",exact_film,English,English listed
Winners,Soleen Yusef,2024,Family,0 days 01:59:00,Coolidge Corner Theatre,2024-11-24,11:00 AM,76033808,Winners (2024 film),exact_year,German; Kurdish,No English listed
"Lust, Caution",Ang Lee,2007,Action,0 days 02:38:00,The Brattle,2024-11-24,12:00 PM,5631382,"Lust, Caution",exact_year,Mandarin,No English listed
The Lady from Shanghai,Orson Welles,1947,Mystery,0 days 01:27:00,Coolidge Corner Theatre,2024-11-24,2:00 PM,,,unresolved,,Unknown
The Grandmaster,Wong Kar-wai,2013,Action,0 days 02:10:00,The Brattle,2024-11-24,3:15 PM,32963963,The Grandmaster (film),exact_film,Mandarin; Cantonese; Japanese,No English listed
Times Square,Allan Moyle,1980,Drama,0 days 01:51:00,Harvard Film Archive,2024-11-24,7:00 PM,2154540,Times Square (1980 film),exact_year,English,English listed
Inglourious Basterds,Quentin Tarantino,2009,Drama,0 days 02:33:00,The Brattle,2024-11-24,8:00 PM,633052,Inglourious Basterds,exact_title,plainlist|; English; German; French,English listed
"Lust, Caution",Ang Lee,2007,Action,0 days 02:38:00,The Brattle,2024-11-25,8:15 PM,5631382,"Lust, Caution",exact_year,Mandarin,No English listed
Hook,Steven Spielberg,1991,Adventure,0 days 02:21:00,Coolidge Corner Theatre,2024-11-25,7:00 PM,443972,Hook (film),exact_year,English,English listed
Sans Soleil,Chris Marker,1983,Documentary,0 days 01:40:00,Harvard Film Archive,2024-11-25,7:00 PM,5263869,Sans Soleil,exact_title,French,No English listed
The Grandmaster,Wong Kar-wai,2013,Action,0 days 02:10:00,The Brattle,2024-11-25,5:30 PM,32963963,The Grandmaster (film),exact_film,Mandarin; Cantonese; Japanese,No English listed
Inglourious Basterds,Quentin Tarantino,2009,Drama,0 days 02:33:00,The Brattle,2024-11-26,"4:00 PM, 7:15 PM",633052,Inglourious Basterds,exact_title,plainlist|; English; German; French,English listed
The Thief of Bagdad,Raoul Walsh,1924,Romance,0 days 02:29:00,Coolidge Corner Theatre,2024-11-26,7:00 PM,76385,The Thief of Bagdad (1924 film),exact_year,Silent (English intertitles),English listed
Seven Samurai,Akira Kurosawa,1954,Action,0 days 03:27:00,The Brattle,2024-11-27,"3:00 PM, 7:00 PM",31371,Seven Samurai,exact_title,Japanese,No English listed
Nightmare Alley,Edmund Goulding,1947,Drama,0 days 01:51:00,Coolidge Corner Theatre,2024-11-27,7:00 PM,2006189,Nightmare Alley (1947 film),exact_year,English,English listed
Matilda,Danny DeVito,1996,Comedy,0 days 01:38:00,Coolidge Corner Theatre,2024-11-30,10:30 AM,675935,Matilda (1996 film),exact_year,English,English listed
Inland Empire,David Lynch,2006,Thriller,0 days 03:00:00,Coolidge Corner Theatre,2024-11-30,10:00 PM,2028217,Inland Empire (film),exact_film,English; Polish,English listed
Blade,Stephen Norrington,1998,Horror,0 days 02:01:00,Coolidge Corner Theatre,2024-12-06,11:59 PM,471544,Blade (1998 film),exact_year,English,English listed
Top Hat,Mark Sandrich,1935,Music,0 days 01:41:00,The Brattle,2024-12-06,3:30 PM,61501,Top Hat,exact_film,English,English listed
"Salad Days: A Decade of Punk in Washington, DC (1980-90)",Scott Crawford,2015,Music,0 days 01:43:00,The Brattle,2024-12-07,7:00 PM,,,unresolved,,Unknown
Big Time,Chris Blum,1988,Documentary,0 days 01:27:00,The Brattle,2024-12-07,10:00 PM,24105483,Big Time (1988 film),exact_year,English,English listed
How the Grinch Stole Christmas,Ron Howard,2000,Family,0 days 01:44:00,Coolidge Corner Theatre,2024-12-07,11:59 PM,4867859,How the Grinch Stole Christmas (2000 film),exact_year,English,English listed
Big Time,Chris Blum,1988,Documentary,0 days 01:27:00,The Brattle,2024-12-08,12:00 PM,24105483,Big Time (1988 film),exact_year,English,English listed
The Sugarland Express,Steven Spielberg,1974,Crime,0 days 01:50:00,The Brattle,2024-12-08,"4:30 PM, 7:00 PM",,,unresolved,,Unknown
Gattaca,Andrew Niccol,1997,Thriller,0 days 01:46:00,Coolidge Corner Theatre,2024-12-09,7:00 PM,42886,Gattaca,exact_film,Plainlist|; English; Esperanto,English listed
Where to After the Rain?,Vladan Slijepčević,1967,Drama,0 days 01:29:00,Harvard Film Archive,2024-12-09,7:00 PM,,,unresolved,,Unknown
Bram Stoker's Dracula,Francis Ford Coppola,1992,Romance,0 days 02:08:00,Coolidge Corner Theatre,2024-12-11,7:00 PM,337740,Bram Stoker's Dracula (1992 film),exact_year,English,English listed
Eyes Wide Shut,Stanley Kubrick,1999,Drama,0 days 02:39:00,Coolidge Corner Theatre,2024-12-12,7:00 PM,9979,Eyes Wide Shut,exact_title,English,English listed
Carol for Another Christmas,Joseph L. Mankiewicz,1964,TVMovie,0 days 01:24:00,Harvard Film Archive,2024-12-12,7:00 PM,,,unresolved,,Unknown
It's a Wonderful Life,Frank Capra,1946,Drama,0 days 02:10:00,The Brattle,2024-12-13,3:30 PM,60164,It's a Wonderful Life,exact_film,English,English listed
Song of the Little Road,Satyajit Ray,1955,Drama,0 days 02:05:00,Harvard Film Archive,2024-12-13,7:00 PM,,,unresolved,,Unknown
Queen of the Damned,Michael Rymer,2002,Fantasy,0 days 01:41:00,Coolidge Corner Theatre,2024-12-13,11:59 PM,9088886,Queen of the Damned,exact_film,English,English listed
How the Grinch Stole Christmas,Ron Howard,2000,Family,0 days 01:44:00,Coolidge Corner Theatre,2024-12-14,10:30 AM,4867859,How the Grinch Stole Christmas (2000 film),exact_year,English,English listed
Aparajito,Satyajit Ray,1956,Drama,0 days 01:50:00,Harvard Film Archive,2024-12-14,7:00 PM,1267738,Aparajito,exact_film,Bengali,No English listed
The World of Apu,Satyajit Ray,1959,Drama,0 days 01:45:00,Harvard Film Archive,2024-12-14,9:15 PM,,,unresolved,,Unknown
Black Christmas,Bob Clark,1974,Horror,0 days 01:38:00,The Brattle,2024-12-14,9:30 PM,1584998,Black Christmas (1974 film),exact_year,English,English listed
Die Hard,John McTiernan,1988,Action,0 days 02:12:00,Coolidge Corner Theatre,2024-12-14,11:59 PM,97646,Die Hard,exact_film,English,English listed
Aparajito,Satyajit Ray,1956,Drama,0 days 01:50:00,Harvard Film Archive,2024-12-15,7:00 PM,1267738,Aparajito,exact_film,Bengali,No English listed
Woodland,Elisabeth Scharang,2023,Drama,0 days 01:35:00,Coolidge Corner Theatre,2024-12-15,11:00 AM,,,unresolved,,Unknown
Song of the Little Road,Satyajit Ray,1955,Drama,0 days 02:05:00,Harvard Film Archive,2024-12-15,3:00 PM,,,unresolved,,Unknown
The Shop Around the Corner,Ernst Lubitsch,1940,Comedy,0 days 01:39:00,Coolidge Corner Theatre,2024-12-16,7:00 PM,,,unresolved,,Unknown
The World of Apu,Satyajit Ray,1959,Drama,0 days 01:45:00,Harvard Film Archive,2024-12-16,7:00 PM,,,unresolved,,Unknown
Close Encounters of the Third Kind,Steven Spielberg,1977,SciFi,0 days 02:15:00,The Brattle,2024-12-17,"5:00 PM, 8:00 PM",146236,Close Encounters of the Third Kind,exact_title,English,English listed
Only Lovers Left Alive,Jim Jarmusch,2013,Drama,0 days 02:03:00,Coolidge Corner Theatre,2024-12-18,9:00 PM,,,unresolved,,Unknown
Nosferatu,F. W. Murnau,1922,Horror,0 days 01:35:00,Coolidge Corner Theatre,2024-12-18,7:00 PM,82423,Nosferatu,exact_year,plainlist|; Silent film; German intertitles,No English listed
Edward Scissorhands,Tim Burton,1990,Fantasy,0 days 01:45:00,Coolidge Corner Theatre,2024-12-19,9:30 PM,302970,Edward Scissorhands,exact_title,English,English listed
Love Actually,Richard Curtis,2003,Comedy,0 days 02:15:00,Coolidge Corner Theatre,2024-12-19,7:00 PM,370064,Love Actually,exact_film,English,English listed
RRR,S. S. Rajamouli,2022,Drama,0 days 03:05:00,The Brattle,2024-12-19,6:00 PM,59329596,RRR,exact_film,Telugu,No English listed
Singin' in the Rain,"Stanley Donen, Gene Kelly",1952,Comedy,0 days 01:43:00,The Brattle,2024-12-20,3:30 PM,1883157,Singin' in the Rain,exact_film,English,English listed
Pacific Rim,Guillermo del Toro,2013,Action,0 days 02:11:00,The Brattle,2024-12-20,6:00 PM,32112949,Pacific Rim (film),exact_year,English,English listed
Speed Racer,"Lana Wachowski, Lilly Wachowski",2008,Family,0 days 02:15:00,The Brattle,2024-12-20,8:30 PM,8737659,Speed Racer (film),exact_year,English,English listed
Hundreds of Beavers,Mike Cheslik,2024,Comedy,0 days 01:48:00,Coolidge Corner Theatre,2024-12-20,11:59 PM,76208655,Hundreds of Beavers,exact_title,English,English listed
Underworld,Len Wiseman,2003,Fantasy,0 days 02:02:00,Coolidge Corner Theatre,2024-12-20,11:59 PM,452767,Underworld (2003 film),exact_year,English,English listed
Black Christmas,Bob Clark,1974,Horror,0 days 01:38:00,Coolidge Corner Theatre,2024-12-21,11:59 PM,1584998,Black Christmas (1974 film),exact_year,English,English listed
The Dark Knight,Christopher Nolan,2008,Drama,0 days 02:32:00,The Brattle,2024-12-21,"5:30 PM, 8:30 PM",4276475,The Dark Knight,exact_year,English,English listed
Pacific Rim,Guillermo del Toro,2013,Action,0 days 02:11:00,The Brattle,2024-12-21,2:45 PM,32112949,Pacific Rim (film),exact_year,English,English listed
Speed Racer,"Lana Wachowski, Lilly Wachowski",2008,Family,0 days 02:15:00,The Brattle,2024-12-21,12:00 PM,8737659,Speed Racer (film),exact_year,English,English listed
The Muppet Christmas Carol,Brian Henson,1992,Music,0 days 01:25:00,Coolidge Corner Theatre,2024-12-21,10:30 AM,,,unresolved,,Unknown
The Muppet Christmas Carol,Brian Henson,1992,Music,0 days 01:25:00,Coolidge Corner Theatre,2024-12-22,10:30 AM,,,unresolved,,Unknown
Die Hard,John McTiernan,1988,Action,0 days 02:12:00,The Brattle,2024-12-23,6:00 PM,97646,Die Hard,exact_film,English,English listed
Meet Me in St. Louis,Vincente Minnelli,1944,Comedy,0 days 01:53:00,Coolidge Corner Theatre,2024-12-23,7:00 PM,74942,Meet Me in St. Louis,exact_film,English,English listed
Die Hard 2,Renny Harlin,1990,Action,0 days 02:04:00,The Brattle,2024-12-23,8:30 PM,433824,Die Hard 2,exact_title,English,English listed
Little Women,Gillian Armstrong,1994,Drama,0 days 01:59:00,The Brattle,2024-12-25,"4:00 PM, 6:30 PM",781758,Little Women (1994 film),exact_year,English,English listed
Go,Doug Liman,1999,Crime,0 days 01:38:00,The Brattle,2024-12-25,9:00 PM,585172,Go (1999 film),exact_year,English,English listed
Anaconda,Luis Llosa,1997,Adventure,0 days 01:29:00,The Brattle,2024-12-26,9:00 PM,703970,Anaconda (1997 film),exact_year,English,English listed
A League of Their Own,Penny Marshall,1992,Comedy,0 days 02:08:00,The Brattle,2024-12-26,"1:30 PM, 6:30 PM",543433,A League of Their Own,exact_title,,Unknown
Groundhog Day,Harold Ramis,1993,Romance,0 days 01:41:00,The Brattle,2024-12-26,4:15 PM,142327,Groundhog Day (film),exact_film,English,English listed
Tap,Nick Castle,1989,Drama,0 days 01:51:00,The Brattle,2024-12-27,3:30 PM,8771437,Tap (film),exact_film,English,English listed
Single White Female,Barbet Schroeder,1992,Thriller,0 days 01:47:00,The Brattle,2024-12-27,7:00 PM,2632500,Single White Female,exact_film,English,English listed
The Cable Guy,Ben Stiller,1996,Comedy,0 days 01:36:00,The Brattle,2024-12-27,9:15 PM,,,unresolved,,Unknown
Dracula 2000,Patrick Lussier,2000,Thriller,0 days 01:38:00,Coolidge Corner Theatre,2024-12-27,11:59 PM,1219214,Dracula 2000,exact_title,English,English listed
Bottle Rocket,Wes Anderson,1996,Comedy,0 days 01:31:00,The Brattle,2024-12-28,"3:00 PM, 7:00 PM",524139,Bottle Rocket,exact_film,Plainlist|; English; Spanish,English listed
El Mariachi,Robert Rodriguez,1993,Action,0 days 01:21:00,The Brattle,2024-12-28,"5:00 PM, 9:00 PM",326446,El Mariachi,exact_title,Spanish,No English listed
New Year's Evil,Emmett Alston,1980,Horror,0 days 01:26:00,Coolidge Corner Theatre,2024-12-28,11:59 PM,15589712,New Year's Evil (film),exact_film,English,English listed
The Age of Innocence,Martin Scorsese,1993,Drama,0 days 02:19:00,The Brattle,2024-12-29,"12:00 PM, 3:00 PM",5836236,The Age of Innocence (1993 film),exact_year,English,English listed
Boyz n the Hood,John Singleton,1991,Crime,0 days 01:52:00,The Brattle,2024-12-29,"6:30 PM, 9:00 PM",155997,Boyz n the Hood,exact_title,English,English listed
Double Team,Tsui Hark,1997,Action,0 days 01:33:00,The Brattle,2024-12-30,"4:30 PM, 9:00 PM",2862407,Double Team (film),exact_film,English,English listed
Bad Boys,Michael Bay,1995,Action,0 days 01:59:00,The Brattle,2024-12-30,6:30 PM,673613,Bad Boys (1995 film),exact_year,English,English listed
Strange Days,Kathryn Bigelow,1995,Crime,0 days 02:25:00,Coolidge Corner Theatre,2024-12-30,7:00 PM,1339563,Strange Days (film),exact_film,English,English listed
The Sacrifice,Andrei Tarkovsky,1986,Drama,0 days 02:29:00,The Brattle,2025-01-05,"12:00 PM, 7:00 PM",593964,The Sacrifice (1986 film),exact_year,Swedish; English; French,English listed
Fantastic Planet,René Laloux,1973,Animation,0 days 01:12:00,Coolidge Corner Theatre,2025-01-05,2:00 PM,2322506,Fantastic Planet,exact_title,French,No English listed
A Fish Called Wanda,Charles Crichton,1988,Comedy,0 days 01:49:00,Coolidge Corner Theatre,2025-01-06,7:00 PM,308898,A Fish Called Wanda,exact_title,English,English listed
The Sacrifice,Andrei Tarkovsky,1986,Drama,0 days 02:29:00,The Brattle,2025-01-06,8:00 PM,593964,The Sacrifice (1986 film),exact_year,Swedish; English; French,English listed
Starship Troopers,Paul Verhoeven,1997,Adventure,0 days 02:09:00,Coolidge Corner Theatre,2025-01-07,7:00 PM,203841,Starship Troopers (film),exact_year,English,English listed
The Sacrifice,Andrei Tarkovsky,1986,Drama,0 days 02:29:00,The Brattle,2025-01-07,6:00 PM,593964,The Sacrifice (1986 film),exact_year,Swedish; English; French,English listed
Moonage Daydream,Brett Morgen,2022,Documentary,0 days 02:14:00,The Brattle,2025-01-08,"6:00 PM, 9:00 PM",71440614,Moonage Daydream (film),exact_film,English,English listed
"Aguirre, the Wrath of God",Werner Herzog,1972,History,0 days 01:35:00,West Newton Cinema,2025-01-09,6:30 PM,158052,"Aguirre, the Wrath of God",exact_title,German,No English listed
Caligula,Tinto Brass,1979,Drama,0 days 02:36:00,The Brattle,2025-01-09,7:00 PM,243204,Caligula (film),exact_film,plainlist|; English; Italian,English listed
The Thing,John Carpenter,1982,Horror,0 days 01:49:00,Coolidge Corner Theatre,2025-01-09,9:30 PM,30809,The Thing (1982 film),exact_year,English,English listed
Titane,Julia Ducournau,2021,Drama,0 days 01:48:00,Coolidge Corner Theatre,2025-01-10,11:59 PM,66488453,Titane,exact_film,French,No English listed
The Bird with the Crystal Plumage,Dario Argento,1970,Horror,0 days 01:36:00,Coolidge Corner Theatre,2025-01-11,11:59 PM,,,unresolved,,Unknown
Turning Tables,Angelina Maccarone,2025,Drama,0 days 02:04:00,Coolidge Corner Theatre,2025-01-12,11:00 AM,,,unresolved,,Unknown
Pariah,Dee Rees,2011,Drama,0 days 01:26:00,Coolidge Corner Theatre,2025-01-13,7:00 PM,33025020,Pariah (2011 film),exact_year,English,English listed
Godzilla Minus One,Takashi Yamazaki,2023,SciFi,0 days 02:04:00,The Brattle,2025-01-16,"4:00 PM, 6:30 PM, 9:00 PM",72171031,Godzilla Minus One,exact_title,Japanese,No English listed
Good One,India Donaldson,2024,Drama,0 days 01:30:00,The Brattle,2025-01-17,6:00 PM,76824251,Good One (film),exact_film,English,English listed
Last Year at Marienbad,Alain Resnais,1961,Drama,0 days 01:35:00,Harvard Film Archive,2025-01-17,7:00 PM,,,unresolved,,Unknown
His Three Daughters,Azazel Jacobs,2024,Drama,0 days 01:44:00,The Brattle,2025-01-17,8:00 PM,74785116,His Three Daughters,exact_film,English,English listed
Climax,Gaspar Noé,2018,Horror,0 days 01:37:00,Coolidge Corner Theatre,2025-01-17,11:59 PM,57171624,Climax (2018 film),exact_year,French; English,English listed
Nothing Underneath,Carlo Vanzina,1985,Thriller,0 days 01:30:00,Coolidge Corner Theatre,2025-01-18,11:59 PM,,,unresolved,,Unknown
The People's Joker,Vera Drew,2024,Comedy,0 days 01:32:00,The Brattle,2025-01-18,9:30 PM,,,unresolved,,Unknown
La Musica,"Marguerite Duras, Paul Seban",1967,Drama,0 days 01:21:00,Harvard Film Archive,2025-01-18,9:30 PM,43582138,La Musica (film),exact_film,,Unknown
India Song,Marguerite Duras,1975,Drama,0 days 01:55:00,Harvard Film Archive,2025-01-18,7:00 PM,,,unresolved,,Unknown
Emilia Pérez,Jacques Audiard,2024,Drama,0 days 02:12:00,The Brattle,2025-01-18,"4:15 PM, 7:00 PM",75607941,Emilia Pérez,exact_title,Spanish; English,English listed
His Three Daughters,Azazel Jacobs,2024,Drama,0 days 01:44:00,The Brattle,2025-01-18,2:00 PM,74785116,His Three Daughters,exact_film,English,English listed
Beasts of the Southern Wild,Benh Zeitlin,2012,Drama,0 days 01:33:00,Coolidge Corner Theatre,2025-01-18,2:00 PM,35581515,Beasts of the Southern Wild,exact_title,English,English listed
Good One,India Donaldson,2024,Drama,0 days 01:30:00,The Brattle,2025-01-18,12:00 PM,76824251,Good One (film),exact_film,English,English listed
The People's Joker,Vera Drew,2024,Comedy,0 days 01:32:00,The Brattle,2025-01-19,1:30 PM,,,unresolved,,Unknown
Star Trek: First Contact,Jonathan Frakes,1996,SciFi,0 days 01:51:00,Coolidge Corner Theatre,2025-01-19,2:00 PM,,,unresolved,,Unknown
India Song,Marguerite Duras,1975,Drama,0 days 01:55:00,Harvard Film Archive,2025-01-19,3:00 PM,,,unresolved,,Unknown
Rumours,"Guy Maddin, Galen Johnson, Evan Johnson",2024,Comedy,0 days 01:44:00,The Brattle,2025-01-19,"3:45 PM, 9:00 PM",75785008,Rumours (2024 film),exact_year,English,English listed
Megalopolis,Francis Ford Coppola,2024,SciFi,0 days 02:18:00,The Brattle,2025-01-19,6:00 PM,68613611,Megalopolis (film),exact_film,English,English listed
The Discreet Charm of the Bourgeoisie,Luis Buñuel,1972,Comedy,0 days 01:41:00,Harvard Film Archive,2025-01-19,7:00 PM,,,unresolved,,Unknown
Rustin,George C. Wolfe,2023,Drama,0 days 01:48:00,Coolidge Corner Theatre,2025-01-20,3:00 PM,66716299,Rustin (film),exact_film,English,English listed
Fancy Dance,Erica Tremblay,2024,Drama,0 days 01:31:00,The Brattle,2025-01-20,6:00 PM,72842326,Fancy Dance (film),exact_film,plainlist|; English; Cayuga,English listed
Sugarcane,"Emily Kassie, Julian Brave NoiseCat",2024,Documentary,0 days 01:47:00,The Brattle,2025-01-20,8:00 PM,75835628,Sugarcane (film),exact_film,Plainlist|; English; Secwepemctsín,English listed
La Chimera,Alice Rohrwacher,2023,Adventure,0 days 02:13:00,The Brattle,2025-01-21,6:00 PM,,,unresolved,,Unknown
They Live,John Carpenter,1988,SciFi,0 days 01:33:00,Coolidge Corner Theatre,2025-01-21,7:00 PM,342556,They Live,exact_film,English,English listed
The Beast,Bertrand Bonello,2024,Drama,0 days 02:27:00,The Brattle,2025-01-21,8:30 PM,,,unresolved,,Unknown
The Fifth Element,Luc Besson,1997,SciFi,0 days 02:06:00,Coolidge Corner Theatre,2025-01-22,7:00 PM,143809,The Fifth Element,exact_film,English,English listed
Dahomey,Mati Diop,2024,Documentary,0 days 01:08:00,The Brattle,2025-01-22,7:00 PM,75935839,Dahomey (film),exact_film,"French, Fon",No English listed
Omen,Baloji Tshiani,2023,Drama,0 days 01:30:00,The Brattle,2025-01-22,"5:00 PM, 8:30 PM",75083336,Omen (2023 film),exact_year,French,No English listed
Fargo,Joel Coen,1996,Crime,0 days 01:38:00,Coolidge Corner Theatre,2025-01-23,7:00 PM,142430,Fargo (1996 film),exact_year,English,English listed
Twilight of the Warriors: Walled In,Soi Cheang,2024,Action,0 days 02:05:00,The Brattle,2025-01-23,6:30 PM,,,unresolved,,Unknown
Monkey Man,Dev Patel,2024,Action,0 days 02:01:00,The Brattle,2025-01-23,"4:00 PM, 9:15 PM",66481319,Monkey Man (film),exact_film,Plainlist|; English; Hindi,English listed
Challengers,Luca Guadagnino,2024,Romance,0 days 02:12:00,The Brattle,2025-01-24,6:00 PM,70047803,Challengers (film),exact_year,English,English listed
"Muriel, or the Time of Return",Alain Resnais,1963,Drama,0 days 01:57:00,Harvard Film Archive,2025-01-24,7:00 PM,,,unresolved,,Unknown
Anora,Sean Baker,2024,Romance,0 days 02:19:00,The Brattle,2025-01-24,8:45 PM,75146745,Anora,exact_year,Plainlist|; English; Russian; Armenian,English listed
Maso and Miso Go Boating,"Ioana Wieder, Delphine Seyrig, Nadja Ringart, Carole Roussopoulos",1976,Documentary,0 days 00:55:00,Harvard Film Archive,2025-01-24,9:30 PM,,,unresolved,,Unknown
Revenge,Coralie Fargeat,2018,Action,0 days 01:49:00,Coolidge Corner Theatre,2025-01-24,11:59 PM,,,unresolved,,Unknown
Opera,Dario Argento,1987,Horror,0 days 01:47:00,Coolidge Corner Theatre,2025-01-25,11:59 PM,5707225,Opera (1987 film),exact_year,,Unknown
"Baxter, Vera Baxter",Marguerite Duras,1977,Mystery,0 days 01:35:00,Harvard Film Archive,2025-01-25,9:30 PM,42074586,"Baxter, Vera Baxter",exact_title,French,No English listed
Challengers,Luca Guadagnino,2024,Romance,0 days 02:12:00,The Brattle,2025-01-25,9:00 PM,70047803,Challengers (film),exact_year,English,English listed
Be Pretty and Shut Up!,Delphine Seyrig,1981,Documentary,0 days 01:51:00,Harvard Film Archive,2025-01-25,7:00 PM,,,unresolved,,Unknown
Anora,Sean Baker,2024,Romance,0 days 02:19:00,The Brattle,2025-01-25,6:00 PM,75146745,Anora,exact_year,Plainlist|; English; Russian; Armenian,English listed
Flow,Gints Zilbalodis,2024,Animation,0 days 01:25:00,The Brattle,2025-01-25,"12:00 PM, 2:00 PM, 4:00 PM",76884533,Flow (2024 film),exact_year,,Unknown
March of the Penguins,Luc Jacquet,2005,Documentary,0 days 01:20:00,Coolidge Corner Theatre,2025-01-25,10:30 AM,,,unresolved,,Unknown
Flow,Gints Zilbalodis,2024,Animation,0 days 01:25:00,The Brattle,2025-01-26,12:00 PM,76884533,Flow (2024 film),exact_year,,Unknown
The Discreet Charm of the Bourgeoisie,Luis Buñuel,1972,Comedy,0 days 01:41:00,Harvard Film Archive,2025-01-26,3:00 PM,,,unresolved,,Unknown
Denis Villeneuve's Dune,Denis Villeneuve,2021,Fantasy,0 days 05:21:00,Coolidge Corner Theatre,2025-01-26,3:30 PM,,,unresolved,,Unknown
The Substance,Coralie Fargeat,2024,Horror,0 days 02:21:00,The Brattle,2025-01-26,"4:15 PM, 9:30 PM",70519613,The Substance,exact_film,English,English listed
A Different Man,Aaron Schimberg,2024,Comedy,0 days 01:52:00,The Brattle,2025-01-26,7:00 PM,71828618,A Different Man,exact_title,English,English listed
Problemista,Julio Torres,2024,Comedy,0 days 01:44:00,The Brattle,2025-01-27,8:30 PM,,,unresolved,,Unknown
The Two Faces of a Bamileke Woman,Rosine Mbakam,2018,Documentary,0 days 01:17:00,Harvard Film Archive,2025-01-27,7:00 PM,,,unresolved,,Unknown
Journey to Italy,Roberto Rossellini,1954,Drama,0 days 01:25:00,Coolidge Corner Theatre,2025-01-27,7:00 PM,,,unresolved,,Unknown
Snowpiercer,Bong Joon-ho,2013,Action,0 days 02:07:00,Coolidge Corner Theatre,2025-01-28,7:00 PM,35816879,Snowpiercer,exact_film,Plainlist|; English; Korean,English listed
Evil Does Not Exist,Ryūsuke Hamaguchi,2023,Drama,0 days 01:46:00,The Brattle,2025-01-28,8:00 PM,74574510,Evil Does Not Exist,exact_title,Japanese,No English listed
I Saw the TV Glow,Jane Schoenbrun,2024,Drama,0 days 01:40:00,The Brattle,2025-01-29,"4:45 PM, 9:00 PM",71614849,I Saw the TV Glow,exact_title,English,English listed
Humanist Vampire Seeking Consenting Suicidal Person,Ariane Louis-Seize,2023,Romance,0 days 01:31:00,The Brattle,2025-01-29,7:00 PM,,,unresolved,,Unknown
Stargate,Roland Emmerich,1994,Action,0 days 02:01:00,Coolidge Corner Theatre,2025-01-30,7:00 PM,28327,Stargate (film),exact_film,English,English listed
Longlegs,Osgood Perkins,2024,Horror,0 days 01:41:00,The Brattle,2025-01-30,9:15 PM,,,unresolved,,Unknown
Prism,"Rosine Mbakam, Eléonore Yameogo, An van. Dienderen",2021,Documentary,0 days 01:17:00,Harvard Film Archive,2025-01-31,9:30 PM,,,unresolved,,Unknown
Chez Jolie Coiffure,Rosine Mbakam,2019,Documentary,0 days 01:13:00,Harvard Film Archive,2025-01-31,7:30 PM,83845501,Chez Jolie Coiffure,exact_title,French; Cameroonian Pidgin English,English listed
The Thing,John Carpenter,1982,Horror,0 days 01:49:00,The Brattle,2025-01-31,3:30 PM,30809,The Thing (1982 film),exact_year,English,English listed
Irreversible,Gaspar Noé,2002,Drama,0 days 01:34:00,Coolidge Corner Theatre,2025-01-31,11:59 PM,299490,Irréversible,exact_year,Plainlist|; French; English; Italian; Spanish; Portuguese (Brazil),English listed
Daughters of Darkness,Harry Kümel,1971,Drama,0 days 01:40:00,Harvard Film Archive,2025-01-31,9:00 PM,14259399,Daughters of Darkness,exact_title,English,English listed
The Wages of Fear,Henri-Georges Clouzot,1953,Drama,0 days 02:33:00,The Brattle,2025-01-31,6:00 PM,447074,The Wages of Fear,exact_film,French; Spanish; English; Italian,English listed
The Optical Tricks of a Cinemagician,Georges Méliès,1896,Documentary,0 days 01:03:00,Harvard Film Archive,2025-02-01,7:00 PM,,,unresolved,,Unknown
Daughters of Darkness,Harry Kümel,1971,Drama,0 days 01:40:00,Harvard Film Archive,2025-02-01,9:00 PM,14259399,Daughters of Darkness,exact_title,English,English listed
Hard Target,John Woo,1993,Action,0 days 01:37:00,Coolidge Corner Theatre,2025-02-01,11:59 PM,1631497,Hard Target,exact_title,English,English listed
Jennifer's Body,Karyn Kusama,2009,Horror,0 days 01:47:00,Somerville Theatre,2025-02-02,9:30 PM,15713038,Jennifer's Body,exact_film,English,English listed
The Two Faces of a Bamileke Woman,Rosine Mbakam,2018,Documentary,0 days 01:17:00,Harvard Film Archive,2025-02-02,7:00 PM,,,unresolved,,Unknown
Only in Dreams: The Evils that Lurk,Georges Méliès,1896,Documentary,0 days 01:13:00,Harvard Film Archive,2025-02-02,3:00 PM,,,unresolved,,Unknown
Dead End,Parviz Sayyad,1977,Drama,0 days 01:35:00,Museum of Fine Arts,2025-02-02,2:30 PM,38216944,Dead End (1977 film),exact_year,Persian,No English listed
Lone Star,John Sayles,1996,Drama,0 days 02:15:00,West Newton Cinema,2025-02-02,12:00 PM,1108697,Lone Star (1996 film),exact_year,English,English listed
Carmen Jones,Otto Preminger,1954,Drama,0 days 01:45:00,Coolidge Corner Theatre,2025-02-02,2:00 PM,10554740,Carmen Jones (film),exact_film,English,English listed
Jumanji: Welcome to the Jungle,Jake Kasdan,2017,Adventure,0 days 01:59:00,Coolidge Corner Theatre,2025-02-02,10:30 AM,,,unresolved,,Unknown
The Flying Ace,Richard E. Norman,1926,Crime,0 days 01:05:00,Somerville Theatre,2025-02-02,2:00 PM,,,unresolved,,Unknown
The Teachers' Lounge,İlker Çatak,2023,Drama,0 days 01:38:00,Goethe-Institut,2025-02-03,7:00 PM,,,unresolved,,Unknown
Barry Lyndon,Stanley Kubrick,1975,Drama,0 days 03:05:00,Coolidge Corner Theatre,2025-02-03,7:00 PM,4227,Barry Lyndon,exact_film,English,English listed
Once Upon a Time... in Hollywood,Quentin Tarantino,2019,Comedy,0 days 02:42:00,Somerville Theatre,2025-02-03,7:30 PM,,,unresolved,,Unknown
Sanggyedong Olympic / Graeae: A Stationed Idea,"Kim Dong-won, Jeong Yeo-reum",1988,Documentary,0 days 01:02:00,Harvard Film Archive,2025-02-03,7:30 PM,,,unresolved,,Unknown
Different from the Others,Richard Oswald,1919,Drama,0 days 00:51:00,The Brattle,2025-02-04,6:00 PM,1887155,Different from the Others,exact_title,Silent film; German intertitles,No English listed
Armand,Halfdan Ullmann Tøndel,2024,Drama,0 days 01:56:00,Coolidge Corner Theatre,2025-02-04,7:00 PM,76881722,Armand (film),exact_film,Norwegian,No English listed
His Girl Friday,Howard Hawks,1940,Comedy,0 days 01:32:00,Coolidge Corner Theatre,2025-02-04,7:00 PM,74018,His Girl Friday,exact_title,English,English listed
Once Upon a Time... in Hollywood,Quentin Tarantino,2019,Comedy,0 days 02:42:00,Somerville Theatre,2025-02-04,7:30 PM,,,unresolved,,Unknown
The Facts of Murder,Pietro Germi,1959,Mystery,0 days 01:55:00,Somerville Theatre,2025-02-05,7:30 PM,,,unresolved,,Unknown
The Ice Storm,Ang Lee,1997,Drama,0 days 01:52:00,The Brattle,2025-02-05,8:00 PM,7770667,The Ice Storm (film),exact_film,English,English listed
The Bird with the Crystal Plumage,Dario Argento,1970,Horror,0 days 01:36:00,Somerville Theatre,2025-02-06,8:45 PM,,,unresolved,,Unknown
Cure,Kiyoshi Kurosawa,1997,Crime,0 days 01:51:00,The Brattle,2025-02-06,7:15 PM,2359777,Cure (film),exact_year,Japanese,No English listed
Blood and Black Lace,Mario Bava,1964,Horror,0 days 01:28:00,Somerville Theatre,2025-02-06,7:10 PM,2010907,Blood and Black Lace,exact_film,,Unknown
Mulholland Drive,David Lynch,2001,Thriller,0 days 02:27:00,West Newton Cinema,2025-02-06,6:30 PM,20786,Mulholland Drive (film),exact_film,English,English listed
Memories of Murder,Bong Joon-ho,2003,Crime,0 days 02:11:00,The Brattle,2025-02-06,"4:30 PM, 9:30 PM",2746792,Memories of Murder,exact_year,Korean,No English listed
Super Fly,Gordon Parks Jr.,1972,Crime,0 days 01:31:00,Coolidge Corner Theatre,2025-02-06,7:00 PM,195776,Super Fly (1972 film),exact_year,English,English listed
You Look Like a Carriage That Not Even the Oxen Can Stop,Nelson Carlos de los Santos Arias,2013,,0 days 01:24:00,Harvard Film Archive,2025-02-07,9:45 PM,,,unresolved,,Unknown
Outrage,Ida Lupino,1950,Drama,0 days 01:15:00,The Brattle,2025-02-07,7:45 PM,3688065,Outrage (1950 film),exact_year,English,English listed
Rapid Fire,Dwight H. Little,1992,Action,0 days 01:35:00,Coolidge Corner Theatre,2025-02-07,11:59 PM,551753,Rapid Fire (1992 film),exact_year,English,English listed
No Other Land,"Basel Adra, Hamdan Ballal, Yuval Abraham, Rachel Szor",2024,Documentary,0 days 01:36:00,Coolidge Corner Theatre,2025-02-07,7:00 PM,76180709,No Other Land,exact_title,Plainlist|; Arabic; Hebrew; English,English listed
Repulsion,Roman Polanski,1965,Drama,0 days 01:45:00,The Brattle,2025-02-07,"5:30 PM, 9:30 PM",1001142,Repulsion (film),exact_film,English,English listed
Santa Teresa & Other Stories,Nelson Carlos de los Santos Arias,2015,Documentary,0 days 01:05:00,Harvard Film Archive,2025-02-07,7:30 PM,,,unresolved,,Unknown
Outrage,Ida Lupino,1950,Drama,0 days 01:15:00,The Brattle,2025-02-08,12:00 PM,3688065,Outrage (1950 film),exact_year,English,English listed
Repulsion,Roman Polanski,1965,Drama,0 days 01:45:00,The Brattle,2025-02-08,1:45 PM,1001142,Repulsion (film),exact_film,English,English listed
The Vanishing,George Sluizer,1988,Thriller,0 days 01:46:00,The Brattle,2025-02-08,"4:00 PM, 8:45 PM",350584,The Vanishing (1988 film),exact_year,Plainlist|; Dutch; French; English,English listed
Insomnia,Christopher Nolan,2002,Crime,0 days 01:58:00,The Brattle,2025-02-08,6:15 PM,4760936,Insomnia (2002 film),exact_year,English,English listed
Mambar Pierrette,Rosine Mbakam,2024,Drama,0 days 01:33:00,Harvard Film Archive,2025-02-08,7:00 PM,,,unresolved,,Unknown
Black Belt Jones,Robert Clouse,1974,Action,0 days 01:27:00,Coolidge Corner Theatre,2025-02-08,11:55 PM,1853942,Black Belt Jones,exact_title,English,English listed
Twin Peaks: Fire Walk with Me,David Lynch,1992,Drama,0 days 02:15:00,The Brattle,2025-02-09,"4:30 PM, 7:30 PM",,,unresolved,,Unknown
Delphine’s Prayers,Rosine Mbakam,2021,Documentary,0 days 01:30:00,Harvard Film Archive,2025-02-09,7:00 PM,,,unresolved,,Unknown
Unforgiven,Clint Eastwood,1992,Western,0 days 02:10:00,Somerville Theatre,2025-02-09,4:00 PM,133574,Unforgiven,exact_year,English,English listed
In the Heat of the Night,Norman Jewison,1967,Crime,0 days 01:49:00,Coolidge Corner Theatre,2025-02-09,2:00 PM,1715414,In the Heat of the Night (film),exact_film,English,English listed
A Fistful of Dollars,Sergio Leone,1964,Western,0 days 01:39:00,Somerville Theatre,2025-02-09,"2:00 PM, 6:30 PM",441926,A Fistful of Dollars,exact_title,English,English listed
From Hilde with Love,Andreas Dresen,2024,Drama,0 days 02:04:00,Coolidge Corner Theatre,2025-02-09,11:00 AM,,,unresolved,,Unknown
"Voyages through Earth, Sea and Space",Georges Méliès,1896,Documentary,0 days 01:00:00,Harvard Film Archive,2025-02-09,3:00 PM,,,unresolved,,Unknown
The Double,Richard Ayoade,2014,Thriller,0 days 01:33:00,The Brattle,2025-02-10,"5:00 PM, 9:00 PM",,,unresolved,,Unknown
Enemy,Denis Villeneuve,2014,Thriller,0 days 01:31:00,The Brattle,2025-02-10,7:00 PM,38850565,Enemy (2013 film),exact_year,English,English listed
The Garden That Tilts,Guy Gilles,1975,Drama,0 days 01:30:00,Harvard Film Archive,2025-02-10,7:30 PM,,,unresolved,,Unknown
Mädchen in Uniform,"Leontine Sagan, Carl Froelich",1931,Drama,0 days 01:28:00,The Brattle,2025-02-11,6:00 PM,1245942,Mädchen in Uniform,exact_year,German,No English listed
The Killing of a Sacred Deer,Yorgos Lanthimos,2017,Drama,0 days 02:01:00,The Brattle,2025-02-11,8:30 PM,,,unresolved,,Unknown
Under the Skin,Jonathan Glazer,2014,Thriller,0 days 01:48:00,The Brattle,2025-02-12,6:30 PM,39502001,Under the Skin (2013 film),exact_year,English,English listed
High Life,Claire Denis,2018,SciFi,0 days 01:53:00,The Brattle,2025-02-12,"4:00 PM, 8:45 PM",54459964,High Life (2018 film),exact_year,English,English listed
Girl Talk,Lucia Small,2022,Documentary,0 days 01:31:00,West Newton Cinema,2025-02-12,6:30 PM,,,unresolved,,Unknown
An Affair to Remember,Leo McCarey,1957,Drama,0 days 01:51:00,Coolidge Corner Theatre,2025-02-12,7:00 PM,884742,An Affair to Remember,exact_title,English,English listed
The Princess Bride,Rob Reiner,1987,Adventure,0 days 01:39:00,The Brattle,2025-02-13,10:00 PM,31153,The Princess Bride,exact_film,English,English listed
Barb & Star Go to Vista Del Mar,Josh Greenbaum,2021,Comedy,0 days 01:47:00,Coolidge Corner Theatre,2025-02-13,9:30 PM,,,unresolved,,Unknown
Notting Hill,Roger Michell,1999,Romance,0 days 02:04:00,Coolidge Corner Theatre,2025-02-13,7:00 PM,204019,Notting Hill (film),exact_film,English,English listed
Casablanca,Michael Curtiz,1943,Drama,0 days 01:42:00,The Brattle,2025-02-13,"4:00 PM, 7:00 PM",57585,Casablanca (film),exact_film,English,English listed
Pepe,Nelson Carlos de los Santos Arias,2025,Drama,0 days 02:02:00,Harvard Film Archive,2025-02-13,7:00 PM,,,unresolved,,Unknown
Romeo Must Die,Andrzej Bartkowiak,2000,Action,0 days 01:55:00,Coolidge Corner Theatre,2025-02-14,11:59 PM,,,unresolved,,Unknown
The Princess Bride,Rob Reiner,1987,Adventure,0 days 01:39:00,The Brattle,2025-02-14,10:00 PM,31153,The Princess Bride,exact_film,English,English listed
Cocote,Nelson Carlos de los Santos Arias,2017,Drama,0 days 01:46:00,Harvard Film Archive,2025-02-14,7:30 PM,58474254,Cocote,exact_title,Spanish,No English listed
Singles,Cameron Crowe,1992,Comedy,0 days 01:39:00,West Newton Cinema,2025-02-14,6:30 PM,577663,Singles (1992 film),exact_year,English,English listed
Casablanca,Michael Curtiz,1943,Drama,0 days 01:42:00,The Brattle,2025-02-14,"4:00 PM, 7:00 PM",57585,Casablanca (film),exact_film,English,English listed
The Bugs Bunny Film Festival,Various,1950,Animation,0 days 01:20:00,The Brattle,2025-02-15,"11:00 AM, 1:00 PM, 3:00 PM, 5:00 PM, 7:00 PM",,,unresolved,,Unknown
"Jeanne Dielman, 23, quai du Commerce, 1080 Bruxelles",Chantal Akerman,1976,Drama,0 days 03:22:00,Harvard Film Archive,2025-02-15,6:00 PM,,,unresolved,,Unknown
Crash,David Cronenberg,1996,Drama,0 days 01:40:00,The Brattle,2025-02-15,9:00 PM,2077360,Crash (1996 film),exact_year,English,English listed
Enter the Dragon,Robert Clouse,1973,Action,0 days 01:42:00,Coolidge Corner Theatre,2025-02-15,11:59 PM,10193,Enter the Dragon,exact_title,English; Cantonese,English listed
Little Women,Greta Gerwig,2019,Drama,0 days 02:15:00,Wang Theatre,2025-02-16,1:00 PM,57793159,Little Women (2019 film),exact_year,English,English listed
Crash,David Cronenberg,1996,Drama,0 days 01:40:00,The Brattle,2025-02-16,9:00 PM,2077360,Crash (1996 film),exact_year,English,English listed
Donkey Skin,Jacques Demy,1970,Fantasy,0 days 01:30:00,Harvard Film Archive,2025-02-16,3:00 PM,3071676,Donkey Skin (film),exact_film,French,No English listed
Boston Sci-Fi Film Festival Marathon,Various,2025,SciFi,1 days 00:00:00,Somerville Theatre,2025-02-16,12:00 PM,,,unresolved,,Unknown
Glory,Edward Zwick,1989,Drama,0 days 02:02:00,Coolidge Corner Theatre,2025-02-16,2:00 PM,509676,Glory (1989 film),exact_year,English,English listed
Glory,Edward Zwick,1989,Drama,0 days 02:02:00,Wang Theatre,2025-02-16,7:00 PM,509676,Glory (1989 film),exact_year,English,English listed
Labor News No. 1 / melting icecream,"Labor News Production, Hong Jin-hwon",1989,Documentary,0 days 02:23:00,Harvard Film Archive,2025-02-16,7:00 PM,,,unresolved,,Unknown
Muppet Treasure Island,Brian Henson,1996,Comedy,0 days 01:40:00,Coolidge Corner Theatre,2025-02-17,1:00 PM,1458752,Muppet Treasure Island,exact_title,English,English listed
The Boy and the Heron,Hayao Miyazaki,2023,Animation,0 days 02:04:00,The Brattle,2025-02-17,6:00 PM,,,unresolved,,Unknown
Point Break,Kathryn Bigelow,1991,Action,0 days 02:02:00,Coolidge Corner Theatre,2025-02-17,7:00 PM,483274,Point Break,exact_year,English,English listed
The Wizard of Oz,Victor Fleming,1939,Adventure,0 days 01:42:00,Wang Theatre,2025-02-17,7:00 PM,561315,The Wizard of Oz,exact_year,English,English listed
Fantastic Mr. Fox,Wes Anderson,2009,Adventure,0 days 01:27:00,Coolidge Corner Theatre,2025-02-18,4:00 PM,3112909,Fantastic Mr. Fox (film),exact_film,English,English listed
Victor and Victoria,Reinhold Schünzel,1933,Music,0 days 01:39:00,The Brattle,2025-02-18,6:00 PM,,,unresolved,,Unknown
Holiday,George Cukor,1938,Comedy,0 days 01:37:00,Coolidge Corner Theatre,2025-02-18,7:00 PM,4070671,Holiday (1938 film),exact_year,English,English listed
The Incredibles,Brad Bird,2004,Action,0 days 01:55:00,Coolidge Corner Theatre,2025-02-19,4:00 PM,565879,The Incredibles,exact_year,English,English listed
The Return,Uberto Pasolini,2024,History,0 days 01:56:00,The Brattle,2025-02-19,8:00 PM,73050420,The Return (2024 film),exact_year,English,English listed
Judas and the Black Messiah,Shaka King,2021,Drama,0 days 02:06:00,Coolidge Corner Theatre,2025-02-19,7:00 PM,62113200,Judas and the Black Messiah,exact_title,English,English listed
The Parent Trap,Nancy Meyers,1998,Comedy,0 days 02:08:00,Coolidge Corner Theatre,2025-02-20,1:00 PM,2236329,The Parent Trap (1998 film),exact_year,English,English listed
Two Years at Sea,Ben Rivers,2011,Documentary,0 days 01:28:00,Harvard Film Archive,2025-02-21,7:00 PM,,,unresolved,,Unknown
The Cell,Tarsem Singh,2000,Horror,0 days 01:47:00,The Brattle,2025-02-21,8:30 PM,666948,The Cell (film),exact_film,English,English listed
Golden Eighties,Chantal Akerman,1986,Music,0 days 01:36:00,Harvard Film Archive,2025-02-21,9:30 PM,64325894,Golden Eighties,exact_title,French,No English listed
Rumble in the Bronx,Stanley Tong,1995,Crime,0 days 01:46:00,Coolidge Corner Theatre,2025-02-21,11:59 PM,,,unresolved,,Unknown
The Fall,Tarsem,2008,Adventure,0 days 01:57:00,The Brattle,2025-02-21,6:00 PM,27941350,The Fall (2008 film),exact_year,English,English listed
Punch-Drunk Love / Ali: Fear Eats the Soul,"Paul Thomas Anderson,  Rainer Werner Fassbinder",1974,Drama,0 days 03:08:00,Harvard Film Archive,2025-02-22,2:00 PM,,,unresolved,,Unknown
The Cell,Tarsem Singh,2000,Horror,0 days 01:47:00,The Brattle,2025-02-22,"4:00 PM, 8:45 PM",666948,The Cell (film),exact_film,English,English listed
The Fall,Tarsem,2008,Adventure,0 days 01:57:00,The Brattle,2025-02-22,6:15 PM,27941350,The Fall (2008 film),exact_year,English,English listed
Eephus,Carson Lund,2025,Drama,0 days 01:38:00,Harvard Film Archive,2025-02-22,7:00 PM,445172,Eephus,exact_film,English,English listed
Rush Hour,Brett Ratner,1998,Action,0 days 01:37:00,Coolidge Corner Theatre,2025-02-22,11:59 PM,489800,Rush Hour (1998 film),exact_year,Plainlist|; English; Cantonese; Mandarin,English listed
The Cell,Tarsem Singh,2000,Horror,0 days 01:47:00,The Brattle,2025-02-23,8:30 PM,666948,The Cell (film),exact_film,English,English listed
This Woman,Alan Zhang,2023,Documentary,0 days 01:30:00,Museum of Fine Arts,2025-02-23,2:30 PM,56077935,This Woman (film),exact_film,Silent (English intertitles),English listed
The Fall,Tarsem,2008,Adventure,0 days 01:57:00,The Brattle,2025-02-23,6:00 PM,27941350,The Fall (2008 film),exact_year,English,English listed
Sherlock Jr.,Buster Keaton,1924,Action,0 days 00:45:00,Somerville Theatre,2025-02-23,2:00 PM,,,unresolved,,Unknown
Sister Act,Emile Ardolino,1992,Music,0 days 01:40:00,Coolidge Corner Theatre,2025-02-23,2:00 PM,920468,Sister Act,exact_film,English,English listed
Hear Her With Your Eyes,Ting Chi-wen,2023,Drama,0 days 00:25:00,Museum of Fine Arts,2025-02-23,2:30 PM,,,unresolved,,Unknown
Hatari!,Howard Hawks,1962,Adventure,0 days 02:37:00,Harvard Film Archive,2025-02-23,3:00 PM,1955767,Hatari!,exact_title,English,English listed
Be Pretty and Shut Up!,Delphine Seyrig,1981,Documentary,0 days 01:51:00,Harvard Film Archive,2025-02-23,7:00 PM,,,unresolved,,Unknown
RPM Fest Presents Mountains Meet the Sea: Kathy Rugh,Kathy Rugh,2007,Documentary,0 days 01:07:00,The Brattle,2025-02-23,4:00 PM,,,unresolved,,Unknown
Blue Velvet,David Lynch,1986,Mystery,0 days 02:00:00,The Brattle,2025-02-24,8:30 PM,3947,Blue Velvet (film),exact_film,English,English listed
Sherlock Jr.,Buster Keaton,1924,Action,0 days 00:45:00,Somerville Theatre,2025-02-24,7:30 PM,,,unresolved,,Unknown
Collective Monologue,Jessica Sarah Rinland,2024,Documentary,0 days 01:44:00,Harvard Film Archive,2025-02-24,7:00 PM,,,unresolved,,Unknown
X-Men: First Class,Matthew Vaughn,2011,Action,0 days 02:12:00,Coolidge Corner Theatre,2025-02-24,7:00 PM,28648635,X-Men: First Class,exact_year,English,English listed
Notorious,Alfred Hitchcock,1946,Thriller,0 days 01:43:00,Coolidge Corner Theatre,2025-02-25,7:00 PM,255198,Notorious (1946 film),exact_year,English,English listed
Blue Velvet,David Lynch,1986,Mystery,0 days 02:00:00,The Brattle,2025-02-25,8:30 PM,3947,Blue Velvet (film),exact_film,English,English listed
"It Is Not the Homosexual Who Is Perverse, But the Society in Which He Lives",Rosa von Praunheim,1971,Drama,0 days 01:07:00,The Brattle,2025-02-25,6:00 PM,25326806,"It Is Not the Homosexual Who Is Perverse, But the Society in Which He Lives",exact_title,German,No English listed
Blue Velvet,David Lynch,1986,Mystery,0 days 02:00:00,The Brattle,2025-02-26,6:00 PM,3947,Blue Velvet (film),exact_film,English,English listed
Tangerine,Sean Baker,2015,Comedy,0 days 01:27:00,Coolidge Corner Theatre,2025-02-26,7:00 PM,45254449,Tangerine (film),exact_film,plainlist|; English; Armenian,English listed
Mulholland Drive,David Lynch,2001,Thriller,0 days 02:27:00,The Brattle,2025-02-26,8:45 PM,20786,Mulholland Drive (film),exact_film,English,English listed
Mulholland Drive,David Lynch,2001,Thriller,0 days 02:27:00,The Brattle,2025-02-27,"6:00 PM, 9:00 PM",20786,Mulholland Drive (film),exact_film,English,English listed
Porcelain War,"Slava Leontyev, Brendan Bellomo",2024,Documentary,0 days 01:27:00,Museum of Fine Arts,2025-02-27,7:00 PM,75931881,Porcelain War,exact_title,Plainlist|; Ukrainian; English; Russian,English listed
Buck and the Preacher,Sidney Poitier,1972,Action,0 days 01:42:00,Coolidge Corner Theatre,2025-02-27,7:00 PM,18764211,Buck and the Preacher,exact_title,English,English listed
Eraserhead,David Lynch,1978,Horror,0 days 01:29:00,Harvard Film Archive,2025-02-28,7:00 PM,36814246,Eraserhead,exact_film,English,English listed
The Silence of the Lambs,Jonathan Demme,1991,Crime,0 days 01:59:00,The Brattle,2025-02-28,9:00 PM,30006,The Silence of the Lambs (film),exact_film,English,English listed
One Flew Over the Cuckoo's Nest,Miloš Forman,1975,Drama,0 days 02:13:00,The Brattle,2025-02-28,6:00 PM,21913863,One Flew Over the Cuckoo's Nest (film),exact_film,English,English listed
Eastern Condors,Sammo Hung Kam-Bo,1987,Action,0 days 01:37:00,Coolidge Corner Theatre,2025-02-28,11:59 PM,12085775,Eastern Condors,exact_title,Cantonese; English; Vietnamese,English listed
Anora,Sean Baker,2024,Romance,0 days 02:19:00,Museum of Fine Arts,2025-02-28,7:00 PM,75146745,Anora,exact_year,Plainlist|; English; Russian; Armenian,English listed
It Happened One Night,Frank Capra,1934,Comedy,0 days 01:45:00,The Brattle,2025-03-01,12:30 PM,44696,It Happened One Night,exact_title,English,English listed
Titicut Follies,Frederick Wiseman,1967,Documentary,0 days 01:24:00,Museum of Fine Arts,2025-03-01,1:30 PM,,,unresolved,,Unknown
One Flew Over the Cuckoo's Nest,Miloš Forman,1975,Drama,0 days 02:13:00,The Brattle,2025-03-01,"3:00 PM, 6:00 PM",21913863,One Flew Over the Cuckoo's Nest (film),exact_film,English,English listed
Twin Peaks: Fire Walk with Me,David Lynch,1992,Drama,0 days 02:15:00,Harvard Film Archive,2025-03-01,7:00 PM,,,unresolved,,Unknown
Shock Waves,Ken Wiederhorn,1977,Horror,0 days 01:25:00,Somerville Theatre,2025-03-01,8:00 PM,3084973,Shock Waves (film),exact_film,English,English listed
The Silence of the Lambs,Jonathan Demme,1991,Crime,0 days 01:59:00,The Brattle,2025-03-01,9:00 PM,30006,The Silence of the Lambs (film),exact_film,English,English listed
The Funhouse,Tobe Hooper,1981,Horror,0 days 01:36:00,Somerville Theatre,2025-03-01,10:00 PM,,,unresolved,,Unknown
Alligator,Lewis Teague,1980,Horror,0 days 01:31:00,Somerville Theatre,2025-03-01,11:59 PM,4946798,Alligator (film),exact_year,English,English listed
The Silence of the Lambs,Jonathan Demme,1991,Crime,0 days 01:59:00,The Brattle,2025-03-02,12:00 PM,30006,The Silence of the Lambs (film),exact_film,English,English listed
Aloïse,Liliane de Kermadec,1975,Drama,0 days 01:55:00,Harvard Film Archive,2025-03-02,3:00 PM,22586634,Aloïse (film),exact_film,French,No English listed
It Happened One Night,Frank Capra,1934,Comedy,0 days 01:45:00,The Brattle,2025-03-02,3:00 PM,44696,It Happened One Night,exact_title,English,English listed
Dorian Gray in the Mirror of the Yellow Press,Ulrike Ottinger,1984,Drama,0 days 02:30:00,Harvard Film Archive,2025-03-02,7:00 PM,,,unresolved,,Unknown
Essene,Frederick Wiseman,1972,Documentary,0 days 01:26:00,The Brattle,2025-03-03,8:00 PM,,,unresolved,,Unknown
Dahomey,Mati Diop,2024,Documentary,0 days 01:08:00,Harvard Film Archive,2025-03-03,7:00 PM,75935839,Dahomey (film),exact_film,"French, Fon",No English listed
Hospital,Frederick Wiseman,1970,Documentary,0 days 01:24:00,The Brattle,2025-03-03,6:00 PM,74376,Hospital (1970 film),exact_year,,Unknown
The Bitter Tears of Petra von Kant,Rainer Werner Fassbinder,1972,Drama,0 days 02:04:00,The Brattle,2025-03-04,6:00 PM,,,unresolved,,Unknown
Flow,Gints Zilbalodis,2024,Animation,0 days 01:25:00,Museum of Fine Arts,2025-03-06,7:00 PM,76884533,Flow (2024 film),exact_year,,Unknown
The Girl with the Needle,Magnus von Horn,2024,Drama,0 days 02:03:00,Museum of Fine Arts,2025-03-07,7:00 PM,76585133,The Girl with the Needle,exact_film,Danish,No English listed
The Death of Louis XIV,Albert Serra,2016,Drama,0 days 01:55:00,Harvard Film Archive,2025-03-07,7:00 PM,,,unresolved,,Unknown
Liberté,Albert Serra,2019,Drama,0 days 02:12:00,Harvard Film Archive,2025-03-07,9:15 PM,60531704,Liberté (2019 film),exact_year,plainlist|; French; German; Italian,No English listed
Beau travail / Brief Encounter,"Claire Denis, David Lean",1945,Drama,0 days 03:00:00,Harvard Film Archive,2025-03-08,2:00 PM,,,unresolved,,Unknown
Bogancloch,Ben Rivers,2024,Documentary,0 days 01:25:00,Harvard Film Archive,2025-03-08,7:00 PM,77506270,Bogancloch,exact_title,English; Scots,English listed
Spirited Away,Hayao Miyazaki,2001,Animation,0 days 02:05:00,Museum of Fine Arts,2025-03-09,2:30 PM,70091,Spirited Away,exact_film,Japanese,No English listed
Edvard Munch,Peter Watkins,1974,TVMovie,0 days 03:30:00,Harvard Film Archive,2025-03-09,7:00 PM,828348,Edvard Munch (film),exact_film,Norwegian; Swedish; English; German; Danish,English listed
"Now, at Last!",Ben Rivers,2018,Documentary,0 days 00:38:00,Harvard Film Archive,2025-03-10,7:00 PM,,,unresolved,,Unknown
Kubo and the Two Strings,Travis Knight,2016,Animation,0 days 01:42:00,Museum of Fine Arts,2025-03-14,7:00 PM,45062970,Kubo and the Two Strings,exact_title,English,English listed
National Gallery,Frederick Wiseman,2014,Documentary,0 days 03:00:00,Museum of Fine Arts,2025-03-15,1:30 PM,77252576,National Gallery (film),exact_film,English,English listed
Eephus,Carson Lund,2025,Drama,0 days 01:38:00,Somerville Theatre,2025-03-15,7:30 PM,445172,Eephus,exact_film,English,English listed
Divine Madness,Michael Ritchie,1980,Documentary,0 days 01:35:00,Somerville Theatre,2025-03-25,7:30 PM,5028682,Divine Madness (film),exact_film,English,English listed
Dead Ringers,David Cronenberg,1988,Thriller,0 days 01:55:00,The Brattle,2025-03-25,9:00 PM,826482,Dead Ringers (film),exact_year,English,English listed
Aimée & Jaguar,Max Färberböck,1999,Drama,0 days 02:05:00,The Brattle,2025-03-25,6:00 PM,451791,Aimée & Jaguar,exact_title,German,No English listed
Mulholland Drive,David Lynch,2001,Thriller,0 days 02:27:00,Coolidge Corner Theatre,2025-03-25,7:00 PM,20786,Mulholland Drive (film),exact_film,English,English listed
Taxi Driver,Martin Scorsese,1976,Crime,0 days 01:54:00,The Brattle,2025-03-26,6:00 PM,30000,Taxi Driver,exact_year,English,English listed
Suspiria,Dario Argento,1977,Horror,0 days 01:39:00,The Brattle,2025-03-26,8:30 PM,347000,Suspiria,exact_year,Plainlist|; English; Italian,English listed
Amazing Grace,Alan Elliott,2018,Music,0 days 01:27:00,Somerville Theatre,2025-03-27,7:30 PM,60361320,Amazing Grace (2018 film),exact_year,English,English listed
Dead Men Don't Wear Plaid,Carl Reiner,1982,Comedy,0 days 01:29:00,The Brattle,2025-03-28,3:30 PM,103088,Dead Men Don't Wear Plaid,exact_title,English,English listed
GoodFellas,Martin Scorsese,1990,Drama,0 days 02:25:00,Coolidge Corner Theatre,2025-03-28,6:00 PM,,,unresolved,,Unknown
The Annihilation of Fish,Charles Burnett,1999,Drama,0 days 01:48:00,The Brattle,2025-03-28,6:00 PM,,,unresolved,,Unknown
Pacifiction,Albert Serra,2022,Drama,0 days 02:46:00,Harvard Film Archive,2025-03-28,7:00 PM,,,unresolved,,Unknown
Female Perversions,Susan Streitfeld,1997,Drama,0 days 01:59:00,The Brattle,2025-03-28,8:30 PM,30306989,Female Perversions,exact_title,English,English listed
Heat,Michael Mann,1995,Crime,0 days 02:50:00,Coolidge Corner Theatre,2025-03-28,9:45 PM,43566,Heat (1995 film),exact_year,English,English listed
Outbreak,Wolfgang Petersen,1995,Action,0 days 02:07:00,Coolidge Corner Theatre,2025-03-28,11:59 PM,733927,Outbreak (1995 film),exact_year,English,English listed
Planet of the Apes,Tim Burton,2001,Thriller,0 days 02:00:00,Coolidge Corner Theatre,2025-03-29,11:59 PM,20181491,Planet of the Apes (2001 film),exact_year,English,English listed
The Town,Ben Affleck,2010,Crime,0 days 02:05:00,Coolidge Corner Theatre,2025-03-29,9:45 PM,24228929,The Town (2010 film),exact_year,English,English listed
Story of My Death,Albert Serra,2013,History,0 days 02:28:00,Harvard Film Archive,2025-03-29,7:00 PM,,,unresolved,,Unknown
Go Fish,Rose Troche,1994,Drama,0 days 01:23:00,The Brattle,2025-03-29,8:30 PM,6721185,Go Fish (film),exact_film,English,English listed
The Verdict,Sidney Lumet,1982,Drama,0 days 02:09:00,Coolidge Corner Theatre,2025-03-29,3:00 PM,106359,The Verdict,exact_year,English,English listed
The Annihilation of Fish,Charles Burnett,1999,Drama,0 days 01:48:00,The Brattle,2025-03-29,"1:00 PM, 3:30 PM, 6:00 PM",,,unresolved,,Unknown
Good Will Hunting,Gus Van Sant,1997,Drama,0 days 02:07:00,Coolidge Corner Theatre,2025-03-29,6:30 PM,142456,Good Will Hunting,exact_title,English,English listed
The Departed,Martin Scorsese,2006,Drama,0 days 02:31:00,Coolidge Corner Theatre,2025-03-30,7:30 PM,1349086,The Departed,exact_film,English,English listed
The Annihilation of Fish,Charles Burnett,1999,Drama,0 days 01:48:00,The Brattle,2025-03-30,"3:00 PM, 5:30 PM, 8:00 PM",,,unresolved,,Unknown
The Friends of Eddie Coyle,Peter Yates,1973,Crime,0 days 01:42:00,Coolidge Corner Theatre,2025-03-30,2:00 PM,,,unresolved,,Unknown
Spotlight,Tom McCarthy,2015,Drama,0 days 02:09:00,Coolidge Corner Theatre,2025-03-30,4:00 PM,43842546,Spotlight (film),exact_year,English,English listed
Stand by Me,Rob Reiner,1986,Crime,0 days 01:29:00,West Newton Cinema,2025-03-30,12:30 PM,87983,Stand by Me (film),exact_film,English,English listed
Joy of Sex,Martha Coolidge,1984,Comedy,0 days 01:33:00,The Brattle,2025-03-30,12:30 PM,24668194,Joy of Sex (film),exact_film,English,English listed
Address Unknown,William Cameron Menzies,1944,Drama,0 days 01:15:00,Coolidge Corner Theatre,2025-03-30,2:00 PM,20760084,Address Unknown (1944 film),exact_year,English,English listed
Model,Frederick Wiseman,1981,Documentary,0 days 02:09:00,The Brattle,2025-03-31,6:00 PM,81559609,Model (film),exact_year,English,English listed
Afternoons of Solitude,Albert Serra,2025,Documentary,0 days 02:05:00,Harvard Film Archive,2025-03-31,7:00 PM,77946692,Afternoons of Solitude,exact_title,Spanish,No English listed
Valley Girl,Martha Coolidge,1983,Comedy,0 days 01:39:00,Coolidge Corner Theatre,2025-03-31,7:00 PM,2406870,Valley Girl (1983 film),exact_year,English,English listed
The French Connection,William Friedkin,1971,Action,0 days 01:44:00,Coolidge Corner Theatre,2025-04-01,7:00 PM,99463,The French Connection (film),exact_film,Plainlist|; English; French,English listed
The Big Lebowski,"Joel Coen, Ethan Coen",1998,Comedy,0 days 01:57:00,Somerville Theatre,2025-04-01,7:30 PM,,,unresolved,,Unknown
High School,Frederick Wiseman,1969,Documentary,0 days 01:15:00,Coolidge Corner Theatre,2025-04-01,7:30 PM,,,unresolved,,Unknown
The Store,Frederick Wiseman,1983,Documentary,0 days 01:58:00,Somerville Theatre,2025-04-03,7:00 PM,82587910,The Store (film),exact_film,,Unknown
Virtuosity,Brett Leonard,1995,Action,0 days 01:46:00,Coolidge Corner Theatre,2025-04-04,11:59 PM,234731,Virtuosity,exact_film,English,English listed
Youth (Spring),Wang Bing,2023,Documentary,0 days 03:32:00,Harvard Film Archive,2025-04-04,6:00 PM,,,unresolved,,Unknown
La Jetée / In the Mood for Love,"Chris Marker, Wong Kar-wai",1962,Drama,0 days 02:06:00,Harvard Film Archive,2025-04-05,2:00 PM,,,unresolved,,Unknown
Princess Mononoke,Hayao Miyazaki,1997,Adventure,0 days 02:14:00,Somerville Theatre,2025-04-05,11:59 PM,,,unresolved,,Unknown
Youth (Hard Times),Wang Bing,2024,Documentary,0 days 03:47:00,Harvard Film Archive,2025-04-05,6:00 PM,,,unresolved,,Unknown
American Gangster,Ridley Scott,2007,Drama,0 days 02:37:00,Coolidge Corner Theatre,2025-04-05,11:30 PM,5017604,American Gangster (film),exact_year,English,English listed
The Conversation,Francis Ford Coppola,1974,Crime,0 days 01:53:00,Coolidge Corner Theatre,2025-04-06,2:00 PM,66853,The Conversation,exact_film,English,English listed
It's the Old Army Game,A. Edward Sutherland,1926,Comedy,0 days 01:16:00,Somerville Theatre,2025-04-06,2:00 PM,33839298,It's the Old Army Game,exact_title,Silent (English intertitles),English listed
"RPM Presents: Time, a Substance: Janie Geiser",Janie Geiser,2020,Documentary,0 days 01:07:00,The Brattle,2025-04-06,2:00 PM,,,unresolved,,Unknown
Youth (Homecoming),Wang Bing,2024,Documentary,0 days 02:32:00,Harvard Film Archive,2025-04-06,2:00 PM,,,unresolved,,Unknown
Dahomey,Mati Diop,2024,Documentary,0 days 01:08:00,Harvard Film Archive,2025-04-06,7:00 PM,75935839,Dahomey (film),exact_film,"French, Fon",No English listed
Harakiri,Masaki Kobayashi,1962,Action,0 days 02:15:00,Harvard Film Archive,2025-04-07,7:00 PM,3137571,Harakiri (1962 film),exact_year,Japanese,No English listed
Brief Encounter,David Lean,1945,Drama,0 days 01:26:00,Coolidge Corner Theatre,2025-04-07,7:15 PM,70508,Brief Encounter,exact_film,English,English listed
Racetrack,Frederick Wiseman,1985,Documentary,0 days 01:54:00,Somerville Theatre,2025-04-08,7:00 PM,82443910,Racetrack (1985 film),exact_year,,Unknown
Hoosiers,David Anspaugh,1986,Drama,0 days 01:54:00,Coolidge Corner Theatre,2025-04-08,7:00 PM,74375,Hoosiers (film),exact_film,English,English listed
I'm Not There,Todd Haynes,2007,Drama,0 days 02:15:00,Coolidge Corner Theatre,2025-04-09,7:00 PM,5388717,I'm Not There,exact_title,English,English listed
A Serious Man,"Ethan Coen, Joel Coen",2009,Comedy,0 days 01:46:00,West Newton Cinema,2025-04-10,6:30 PM,19226290,A Serious Man,exact_title,Plainlist|; English; Hebrew; Yiddish,English listed
Menus-Plaisirs - Les Troisgros,Frederick Wiseman,2023,Documentary,0 days 04:00:00,Coolidge Corner Theatre,2025-04-10,7:00 PM,76603481,Menus-Plaisirs – Les Troisgros,exact_year,French,No English listed
Singin' in the Rain,"Stanley Donen, Gene Kelly",1952,Comedy,0 days 01:43:00,Coolidge Corner Theatre,2025-04-10,7:15 PM,1883157,Singin' in the Rain,exact_film,English,English listed
Fallen,Gregory Hoblit,1998,Crime,0 days 02:04:00,Coolidge Corner Theatre,2025-04-11,11:59 PM,1151458,Fallen (1998 film),exact_year,English,English listed
To the Japs: South Korean A-Bomb Survivors Speak Out,NDU,1971,Documentary,0 days 00:52:00,Harvard Film Archive,2025-04-11,9:00 PM,,,unresolved,,Unknown
"Prewar and Wartime Animation, Part One",Various,1931,Animation,0 days 01:11:00,Harvard Film Archive,2025-04-11,7:00 PM,,,unresolved,,Unknown
Tangerine,Sean Baker,2015,Comedy,0 days 01:27:00,West Newton Cinema,2025-04-11,7:00 PM,45254449,Tangerine (film),exact_film,plainlist|; English; Armenian,English listed
Sea Palace / The Sea Demon on Land,Masaoka Kenzo and Igayama Masamitsu,1930,Animation,0 days 01:02:00,Harvard Film Archive,2025-04-12,7:00 PM,,,unresolved,,Unknown
Afternoons of Solitude,Albert Serra,2025,Documentary,0 days 02:05:00,Harvard Film Archive,2025-04-12,9:00 PM,77946692,Afternoons of Solitude,exact_title,Spanish,No English listed
The Nice Guys,Shane Black,2016,Comedy,0 days 01:56:00,Coolidge Corner Theatre,2025-04-12,11:59 PM,43846431,The Nice Guys,exact_year,English,English listed
Alpe-Adria Underground!,"Matevž Jerman, Jurij Meden",2024,,0 days 01:38:00,Harvard Film Archive,2025-04-13,7:00 PM,,,unresolved,,Unknown
Game Changers,Aysun Bademsoy,2024,Documentary,0 days 01:26:00,Coolidge Corner Theatre,2025-04-13,11:00 AM,,,unresolved,,Unknown
Night Moves,Arthur Penn,1975,Crime,0 days 01:40:00,Coolidge Corner Theatre,2025-04-13,2:00 PM,1665824,Night Moves (1975 film),exact_year,English,English listed
Underground and in the Air: Musical Experiments in Yugoslavia,Various,1962,Music,0 days 01:19:00,Harvard Film Archive,2025-04-13,3:00 PM,,,unresolved,,Unknown
Subject to Review,Theo Anthony,2019,Documentary,0 days 00:37:00,Harvard Film Archive,2025-04-14,7:00 PM,,,unresolved,,Unknown
Shakespeare in Love,John Madden,1998,Romance,0 days 02:03:00,Coolidge Corner Theatre,2025-04-14,7:00 PM,,,unresolved,,Unknown
Aspen,Frederick Wiseman,1991,Documentary,0 days 02:26:00,Somerville Theatre,2025-04-15,7:00 PM,82444554,Aspen (film),exact_film,,Unknown
Mississippi Burning,Alan Parker,1988,Drama,0 days 02:08:00,Coolidge Corner Theatre,2025-04-15,7:00 PM,129410,Mississippi Burning,exact_title,English,English listed
Asia is One,NDU,1973,Documentary,0 days 01:36:00,Harvard Film Archive,2025-04-28,7:00 PM,,,unresolved,,Unknown
Megalopolis,Francis Ford Coppola,2024,SciFi,0 days 02:18:00,Coolidge Corner Theatre,2025-04-28,7:00 PM,68613611,Megalopolis (film),exact_film,English,English listed
Scarface,Brian De Palma,1983,Action,0 days 02:49:00,Coolidge Corner Theatre,2025-04-28,7:00 PM,267848,Scarface (1983 film),exact_year,English,English listed
The Royal Tenenbaums,Wes Anderson,2001,Comedy,0 days 01:50:00,Coolidge Corner Theatre,2025-04-29,7:00 PM,,,unresolved,,Unknown
Megalopolis,Francis Ford Coppola,2024,SciFi,0 days 02:18:00,Coolidge Corner Theatre,2025-04-29,2:00 PM,68613611,Megalopolis (film),exact_film,English,English listed
Phenomena,Dario Argento,1985,Horror,0 days 01:50:00,The Brattle,2025-04-30,6:00 PM,3999301,Phenomena (film),exact_film,English,English listed
Scarecrow,Jerry Schatzberg,1973,Drama,0 days 01:52:00,Somerville Theatre,2025-04-30,7:30 PM,2232039,Scarecrow (1973 film),exact_year,English,English listed
Tenebre,Dario Argento,1982,Thriller,0 days 01:41:00,The Brattle,2025-04-30,8:30 PM,4011202,Tenebrae (film),exact_film,,Unknown
Absolute Power,Clint Eastwood,1997,Crime,0 days 02:01:00,Somerville Theatre,2025-04-30,9:40 PM,3123893,Absolute Power (film),exact_film,English,English listed
The Wicker Man,Robin Hardy,1973,Horror,0 days 01:28:00,The Brattle,2025-05-01,6:00 PM,42313,The Wicker Man,exact_year,English,English listed
Nine to Five,Colin Higgins,1980,Comedy,0 days 01:50:00,Coolidge Corner Theatre,2025-05-01,7:00 PM,582398,9 to 5 (film),exact_film,English,English listed
Pineapple Express,David Gordon Green,2008,Action,0 days 01:51:00,Somerville Theatre,2025-05-01,7:30 PM,9264341,Pineapple Express (film),exact_film,English,English listed
Chungking Express,Wong Kar-wai,1994,Drama,0 days 01:43:00,The Brattle,2025-05-01,8:30 PM,213471,Chungking Express,exact_title,Cantonese; Mandarin,No English listed
Midsommar,Ari Aster,2019,Horror,0 days 02:27:00,Coolidge Corner Theatre,2025-05-01,9:30 PM,58032225,Midsommar,exact_film,English,English listed
Donnie Darko,Richard Kelly,2001,Fantasy,0 days 01:54:00,The Brattle,2025-05-02,8:30 PM,57820,Donnie Darko,exact_year,English,English listed
Sorcerer,William Friedkin,1977,Thriller,0 days 02:01:00,Coolidge Corner Theatre,2025-05-02,11:59 PM,447139,Sorcerer (film),exact_film,English; French; Spanish; German,English listed
Donnie Darko,Richard Kelly,2001,Fantasy,0 days 01:54:00,The Brattle,2025-05-03,8:30 PM,57820,Donnie Darko,exact_year,English,English listed
Kamikaze 1989,Wolf Gremm,1982,SciFi,0 days 01:46:00,Coolidge Corner Theatre,2025-05-03,11:59 PM,23095277,Kamikaze 1989,exact_film,German,No English listed
The Lord of the Rings Trilogy,Peter Jackson,2001,Fantasy,0 days 12:45:00,Coolidge Corner Theatre,2025-05-04,11:00 AM,,,unresolved,,Unknown
Donnie Darko,Richard Kelly,2001,Fantasy,0 days 01:54:00,The Brattle,2025-05-04,9:00 PM,57820,Donnie Darko,exact_year,English,English listed
Daisies,Věra Chytilová,1966,Comedy,0 days 01:16:00,Coolidge Corner Theatre,2025-05-05,7:00 PM,10163440,Daisies (film),exact_film,Czech,No English listed
Youth (Spring),Wang Bing,2023,Documentary,0 days 03:32:00,Harvard Film Archive,2025-05-05,6:00 PM,,,unresolved,,Unknown
Real Genius,Martha Coolidge,1985,Comedy,0 days 01:46:00,The Brattle,2025-05-06,"4:15 PM, 8:30 PM",483745,Real Genius,exact_film,English,English listed
Top Secret!,"Jim Abrahams, David Zucker, Jerry Zucker",1984,Comedy,0 days 01:30:00,The Brattle,2025-05-06,6:30 PM,,,unresolved,,Unknown
Summertime,David Lean,1955,Drama,0 days 01:40:00,Coolidge Corner Theatre,2025-05-06,7:00 PM,190393,Summertime (1955 film),exact_year,English,English listed
Boxing Gym,Frederick Wiseman,2010,Documentary,0 days 01:31:00,Somerville Theatre,2025-05-06,7:00 PM,56456888,Boxing Gym,exact_title,English,English listed
Millennium Actress,Satoshi Kon,2002,Animation,0 days 01:27:00,Coolidge Corner Theatre,2025-05-07,7:00 PM,829780,Millennium Actress,exact_title,Japanese,No English listed
Raiders of the Lost Ark,Steven Spielberg,1981,Adventure,0 days 01:55:00,Somerville Theatre,2025-05-07,7:30 PM,,,unresolved,,Unknown
Real Genius,Martha Coolidge,1985,Comedy,0 days 01:46:00,The Brattle,2025-05-07,8:00 PM,483745,Real Genius,exact_film,English,English listed
Buena Vista Social Club,Wim Wenders,1999,Documentary,0 days 01:45:00,Coolidge Corner Theatre,2025-05-08,7:00 PM,267633,Buena Vista Social Club (film),exact_film,Plainlist|; English; Spanish,English listed
A Woman Is a Woman,Jean-Luc Godard,1961,Comedy,0 days 01:23:00,The Brattle,2025-05-09,"5:30 PM, 7:30 PM, 9:30 PM",1644858,A Woman Is a Woman,exact_title,French,No English listed
Document of Collision: The Whiplashed Ones (Dokyumento Rinka: Muchiutareru Mono),Ko Hiroh,1969,Documentary,0 days 01:07:00,Harvard Film Archive,2025-05-09,6:00 PM,,,unresolved,,Unknown
All About My Mother,Pedro Almodóvar,1999,Comedy,0 days 01:41:00,Harvard Film Archive,2025-05-09,9:00 PM,61664,All About My Mother,exact_title,Plainlist|; Spanish; Catalan; English,English listed
Risky Business,Paul Brickman,1983,Romance,0 days 01:38:00,Coolidge Corner Theatre,2025-05-09,11:59 PM,561226,Risky Business,exact_year,English,English listed
Eraserhead,David Lynch,1978,Horror,0 days 01:29:00,Coolidge Corner Theatre,2025-05-10,11:59 PM,36814246,Eraserhead,exact_film,English,English listed
Mother,Bong Joon Ho,2009,Crime,0 days 02:09:00,Harvard Film Archive,2025-05-10,9:15 PM,22833707,Mother (2009 film),exact_year,Korean,No English listed
Legend,Ridley Scott,1985,Adventure,0 days 01:34:00,Coolidge Corner Theatre,2025-05-10,11:59 PM,922084,Legend (1985 film),exact_year,English,English listed
News from Home,Chantal Akerman,1977,Documentary,0 days 01:29:00,Harvard Film Archive,2025-05-10,5:00 PM,29932707,News from Home,exact_title,French,No English listed
A Woman Is a Woman,Jean-Luc Godard,1961,Comedy,0 days 01:23:00,The Brattle,2025-05-10,"5:00 PM, 7:00 PM, 9:00 PM",1644858,A Woman Is a Woman,exact_title,French,No English listed
Alice Doesn't Live Here Anymore,Martin Scorsese,1974,Romance,0 days 01:52:00,Harvard Film Archive,2025-05-10,7:00 PM,225481,Alice Doesn't Live Here Anymore,exact_film,English,English listed
The Namesake,Mira Nair,2006,Drama,0 days 02:02:00,The Brattle,2025-05-10,1:00 PM,2973132,The Namesake (film),exact_film,English; Bengali,English listed
The Secret of NIMH,Don Bluth,1982,Family,0 days 01:23:00,The Brattle,2025-05-11,12:30 PM,,,unresolved,,Unknown
The Tale of The Princess Kaguya,Isao Takahata,2013,Animation,0 days 02:17:00,Coolidge Corner Theatre,2025-05-11,1:30 PM,37471874,The Tale of the Princess Kaguya (film),exact_film,Japanese,No English listed
Psycho,Alfred Hitchcock,1960,Horror,0 days 01:49:00,The Brattle,2025-05-11,2:30 PM,23880,Psycho (1960 film),exact_year,English,English listed
Everything Everywhere All at Once,"Daniel Scheinert, Daniel Kwan",2022,Action,0 days 02:20:00,Museum of Fine Arts,2025-05-11,2:30 PM,58342225,Everything Everywhere All at Once,exact_title,Plainlist|; English; Mandarin; Cantonese,English listed
A Woman Under the Influence,John Cassavetes,1974,Drama,0 days 02:35:00,Harvard Film Archive,2025-05-11,3:00 PM,76643,A Woman Under the Influence,exact_title,English,English listed
A Woman Is a Woman,Jean-Luc Godard,1961,Comedy,0 days 01:23:00,The Brattle,2025-05-11,"5:00 PM, 7:00 PM, 9:00 PM",1644858,A Woman Is a Woman,exact_title,French,No English listed
Mildred Pierce,Michael Curtiz,1945,Crime,0 days 01:51:00,Harvard Film Archive,2025-05-11,7:00 PM,4995581,Mildred Pierce (film),exact_year,English,English listed
A Woman Is a Woman,Jean-Luc Godard,1961,Comedy,0 days 01:23:00,The Brattle,2025-05-12,"5:00 PM, 7:00 PM, 9:00 PM",1644858,A Woman Is a Woman,exact_title,French,No English listed
Mamma Roma,Pier Paolo Pasolini,1962,Drama,0 days 01:50:00,Harvard Film Archive,2025-05-12,7:00 PM,3653844,Mamma Roma,exact_title,Italian,No English listed
2 or 3 Things I Know About Her,Jean-Luc Godard,1967,Comedy,0 days 01:27:00,Coolidge Corner Theatre,2025-05-12,7:00 PM,,,unresolved,,Unknown
Indiana Jones and the Last Crusade,Steven Spielberg,1989,Adventure,0 days 02:07:00,Somerville Theatre,2025-05-14,7:30 PM,51888,Indiana Jones and the Last Crusade,exact_title,English,English listed
The Big Chill,Lawrence Kasdan,1983,Comedy,0 days 01:45:00,Coolidge Corner Theatre,2025-05-15,7:00 PM,545795,The Big Chill (film),exact_film,English,English listed
Vampire Hunter D,Toyoo Ashida,1985,Animation,0 days 01:20:00,Coolidge Corner Theatre,2025-05-15,9:30 PM,5162931,Vampire Hunter D (1985 film),exact_year,Japanese,No English listed
Miracle Mile,Steve De Jarnatt,1988,Romance,0 days 01:28:00,Coolidge Corner Theatre,2025-05-16,11:59 PM,936429,Miracle Mile (film),exact_film,English,English listed
The Room,Tommy Wiseau,2003,Drama,0 days 01:39:00,Coolidge Corner Theatre,2025-05-16,11:59 PM,5443971,The Room,exact_year,English,English listed
Days and Nights in the Forest,Satyajit Ray,1970,Drama,0 days 01:55:00,Harvard Film Archive,2025-05-16,7:00 PM,2679338,Days and Nights in the Forest,exact_film,Bengali,No English listed
The Adversary,Satyajit Ray,1970,Drama,0 days 01:50:00,Harvard Film Archive,2025-05-16,9:30 PM,3384689,Pratidwandi,exact_year,Bengali,No English listed
The Music Room,Satyajit Ray,1958,Drama,0 days 01:40:00,Coolidge Corner Theatre,2025-05-17,7:00 PM,2508699,Jalsaghar,exact_film,Bengali,No English listed
Charulata,Satyajit Ray,1964,Drama,0 days 01:57:00,Harvard Film Archive,2025-05-17,9:15 PM,1773524,Charulata,exact_title,Bengali,No English listed
Near Dark,Kathryn Bigelow,1987,Horror,0 days 01:34:00,Coolidge Corner Theatre,2025-05-17,11:59 PM,1637470,Near Dark,exact_title,English,English listed
Days and Nights in the Forest,Satyajit Ray,1970,Drama,0 days 01:55:00,Harvard Film Archive,2025-05-18,3:00 PM,2679338,Days and Nights in the Forest,exact_film,Bengali,No English listed
The Glory of Life,"Judith Kaufmann, Georg Maas",2024,Drama,0 days 01:38:00,Coolidge Corner Theatre,2025-05-18,11:00 AM,77072322,The Glory of Life (2024 film),exact_year,German,No English listed
Weathering with You,Makoto Shinkai,2019,Animation,0 days 01:52:00,Coolidge Corner Theatre,2025-05-18,2:00 PM,,,unresolved,,Unknown
Bedknobs and Broomsticks,Robert Stevenson,1971,Adventure,0 days 01:57:00,Somerville Theatre,2025-05-18,2:00 PM,357525,Bedknobs and Broomsticks,exact_title,English,English listed
The Big City,Satyajit Ray,1963,Drama,0 days 02:16:00,Harvard Film Archive,2025-05-18,7:00 PM,2509635,Mahanagar,exact_year,Bengali,No English listed
Picnic at Hanging Rock,Peter Weir,1975,Drama,0 days 01:55:00,Coolidge Corner Theatre,2025-05-19,7:00 PM,5878044,Picnic at Hanging Rock (film),exact_film,English,English listed
Public Housing,Frederick Wiseman,1997,Documentary,0 days 03:20:00,Somerville Theatre,2025-05-20,6:30 PM,54570979,Public Housing (film),exact_film,English,English listed
Happy Together,Wong Kar-wai,1997,Drama,0 days 01:36:00,Coolidge Corner Theatre,2025-05-20,7:00 PM,184987,Happy Together (1997 film),exact_year,Cantonese; Spanish; English; Mandarin,English listed
Belladonna of Sadness,Eiichi Yamamoto,1973,Animation,0 days 01:26:00,Coolidge Corner Theatre,2025-05-21,7:00 PM,9974948,Belladonna of Sadness,exact_title,Japanese,No English listed
The Social Network,David Fincher,2010,Drama,0 days 02:01:00,Coolidge Corner Theatre,2025-05-22,7:00 PM,24319139,The Social Network,exact_film,English,English listed
10 Things I Hate About You,Gil Junger,1999,Comedy,0 days 01:37:00,Coolidge Corner Theatre,2025-05-22,7:00 PM,398934,10 Things I Hate About You,exact_film,English,English listed
Downfall,Oliver Hirschbiegel,2004,Drama,0 days 02:35:00,Somerville Theatre,2025-05-22,7:30 PM,993791,Downfall (2004 film),exact_year,German,No English listed
Thief,Michael Mann,1981,Crime,0 days 02:03:00,Coolidge Corner Theatre,2025-05-23,11:59 PM,1330774,Thief (film),exact_year,English,English listed
The Keep,Michael Mann,1983,Horror,0 days 01:36:00,Coolidge Corner Theatre,2025-05-24,11:59 PM,1401046,The Keep (film),exact_film,English,English listed
Ghost in the Shell Double Feature,Mamoru Oshii,1995,Animation,0 days 03:03:00,Coolidge Corner Theatre,2025-05-25,1:00 PM,,,unresolved,,Unknown
The Sound of Music,Robert Wise,1965,Drama,0 days 02:54:00,Somerville Theatre,2025-05-25,2:00 PM,4836239,The Sound of Music (film),exact_year,English,English listed
The Great Escape,John Sturges,1963,Adventure,0 days 02:53:00,Somerville Theatre,2025-05-25,6:00 PM,181229,The Great Escape (film),exact_film,English; German; French; Russian,English listed
The Heartbreak Kid,Elaine May,1972,Romance,0 days 01:45:00,Coolidge Corner Theatre,2025-05-26,7:00 PM,857298,The Heartbreak Kid (1972 film),exact_year,English,English listed
Neon Genesis Evangelion: The End of Evangelion,"Hideaki Anno, Kazuya Tsurumaki",1997,Animation,0 days 01:27:00,Coolidge Corner Theatre,2025-05-27,7:00 PM,,,unresolved,,Unknown
Inu-Oh,Masaaki Yuasa,2022,Animation,0 days 01:39:00,Coolidge Corner Theatre,2025-05-28,7:00 PM,68616843,Inu-Oh,exact_title,Japanese,No English listed
The Mortal Storm,Frank Borzage,1940,Drama,0 days 01:40:00,Somerville Theatre,2025-05-28,7:30 PM,,,unresolved,,Unknown
Wet Hot American Summer,David Wain,2001,Comedy,0 days 01:37:00,Coolidge Corner Theatre,2025-05-29,9:30 PM,,,unresolved,,Unknown
Vision Quest,Harold Becker,1985,Drama,0 days 01:45:00,Coolidge Corner Theatre,2025-05-30,11:59 PM,678599,Vision Quest (film),exact_film,English,English listed
The Rocky Horror Picture Show,Jim Sharman,1975,Comedy,0 days 01:40:00,Coolidge Corner Theatre,2025-05-31,11:59 PM,,,unresolved,,Unknown
Firestarter,Mark L. Lester,1984,Horror,0 days 01:55:00,Coolidge Corner Theatre,2025-05-31,11:59 PM,16182808,Firestarter (1984 film),exact_year,English,English listed
Phantom Lady,Robert Siodmak,1944,Mystery,0 days 01:27:00,The Brattle,2025-06-16,6:00 PM,1757150,Phantom Lady (film),exact_year,English,English listed
The Apartment,Billy Wilder,1960,Comedy,0 days 02:05:00,Coolidge Corner Theatre,2025-06-16,7:00 PM,43849,The Apartment,exact_year,English,English listed
The Watermelon Woman,Cheryl Dunye,1997,Drama,0 days 01:25:00,Coolidge Corner Theatre,2025-06-16,7:15 PM,,,unresolved,,Unknown
Before Midnight,Richard Linklater,2013,Romance,0 days 01:49:00,The Brattle,2025-06-16,8:00 PM,36929245,Before Midnight,exact_year,English,English listed
Don Q Son of Zorro,Donald Crisp,1925,Western,0 days 01:51:00,Coolidge Corner Theatre,2025-06-17,7:00 PM,,,unresolved,,Unknown
The Times of Harvey Milk,Rob Epstein,1984,Documentary,0 days 01:30:00,The Brattle,2025-06-17,"6:00 PM, 8:00 PM",,,unresolved,,Unknown
Daughters of the Dust,Julie Dash,1991,Drama,0 days 01:52:00,The Brattle,2025-06-18,6:00 PM,2014023,Daughters of the Dust,exact_title,"Gullah, English",English listed
Good Burger,Brian Robbins,1997,Family,0 days 01:35:00,The Speedway,2025-06-18,8:00 PM,230536,Good Burger,exact_film,English,English listed
The Miseducation of Cameron Post,Desiree Akhavan,2018,Drama,0 days 01:32:00,The Brattle,2025-06-18,8:30 PM,52316133,The Miseducation of Cameron Post (film),exact_film,English,English listed
Daughters of the Dust,Julie Dash,1991,Drama,0 days 01:52:00,The Brattle,2025-06-19,"3:00 PM, 5:30 PM, 8:00 PM",2014023,Daughters of the Dust,exact_title,"Gullah, English",English listed
The Long Goodbye,Robert Altman,1973,Mystery,0 days 01:52:00,Coolidge Corner Theatre,2025-06-19,7:00 PM,3624815,The Long Goodbye (film),exact_year,English,English listed
Female Trouble,John Waters,1974,Comedy,0 days 01:37:00,Somerville Theatre,2025-06-19,7:30 PM,1328186,Female Trouble,exact_title,English,English listed
The Company of Strangers,Cynthia Scott,1990,Drama,0 days 01:41:00,The Brattle,2025-06-20,3:30 PM,,,unresolved,,Unknown
Rabid,David Cronenberg,1977,Horror,0 days 01:31:00,The Brattle,2025-06-20,"6:00 PM, 10:00 PM",451003,Rabid (1977 film),exact_year,English,English listed
Hairspray,John Waters,1988,Comedy,0 days 01:32:00,Somerville Theatre,2025-06-20,7:30 PM,1613987,Hairspray (1988 film),exact_year,English,English listed
The Brood,David Cronenberg,1979,Horror,0 days 01:32:00,The Brattle,2025-06-20,8:00 PM,451023,The Brood,exact_film,English,English listed
Pecker,John Waters,1998,Comedy,0 days 01:26:00,Somerville Theatre,2025-06-20,9:15 PM,1799076,Pecker (film),exact_film,English,English listed
28 Weeks Later,Juan Carlos Fresnadillo,2007,Horror,0 days 01:40:00,Coolidge Corner Theatre,2025-06-20,11:59 PM,5971538,28 Weeks Later,exact_title,English,English listed
Day of the Dead,George A. Romero,1985,Horror,0 days 01:41:00,Coolidge Corner Theatre,2025-06-21,10:00 PM,63310,Day of the Dead (1985 film),exact_year,English,English listed
Videodrome,David Cronenberg,1983,Horror,0 days 01:28:00,The Brattle,2025-06-21,"5:00 PM, 9:15 PM",,,unresolved,,Unknown
Alien,Ridley Scott,1979,Horror,0 days 01:57:00,Somerville Theatre,2025-06-21,11:59 PM,23487440,Alien (film),exact_year,English,English listed
Scanners,David Cronenberg,1981,SciFi,0 days 01:43:00,The Brattle,2025-06-21,"2:45 PM, 7:00 PM",378213,Scanners,exact_film,English,English listed
Nightbreed,Clive Barker,1990,Horror,0 days 02:01:00,The Brattle,2025-06-21,12:30 PM,,,unresolved,,Unknown
The World Before Your Feet,Jeremy Workman,2018,Documentary,0 days 01:35:00,West Newton Cinema,2025-06-21,1:00 PM,,,unresolved,,Unknown
Two to One,Natja Brunckhorst,2024,Comedy,0 days 01:56:00,Coolidge Corner Theatre,2025-06-22,11:00 AM,,,unresolved,,Unknown
Naked Lunch,David Cronenberg,1991,Crime,0 days 01:55:00,The Brattle,2025-06-22,12:00 PM,307690,Naked Lunch (film),exact_film,English,English listed
The Fly,David Cronenberg,1986,Horror,0 days 01:36:00,The Brattle,2025-06-22,"2:30 PM, 7:00 PM",456601,The Fly (1986 film),exact_year,English,English listed
Dead Ringers,David Cronenberg,1988,Thriller,0 days 01:55:00,The Brattle,2025-06-22,4:30 PM,826482,Dead Ringers (film),exact_year,English,English listed
Nightbreed,Clive Barker,1990,Horror,0 days 02:01:00,The Brattle,2025-06-22,9:15 PM,,,unresolved,,Unknown
The Brood,David Cronenberg,1979,Horror,0 days 01:32:00,The Brattle,2025-06-23,8:30 PM,451023,The Brood,exact_film,English,English listed
Funeral Parade of Roses,Toshio Matsumoto,1969,Drama,0 days 01:45:00,Coolidge Corner Theatre,2025-06-23,7:00 PM,6620825,Funeral Parade of Roses,exact_title,Japanese,No English listed
Naked Lunch,David Cronenberg,1991,Crime,0 days 01:55:00,The Brattle,2025-06-23,6:00 PM,307690,Naked Lunch (film),exact_film,English,English listed
eXistenZ,David Cronenberg,1999,Action,0 days 01:37:00,The Brattle,2025-06-24,6:00 PM,,,unresolved,,Unknown
Spirited Away,Hayao Miyazaki,2001,Animation,0 days 02:05:00,Coolidge Corner Theatre,2025-06-24,6:00 PM,70091,Spirited Away,exact_film,Japanese,No English listed
Midsommar,Ari Aster,2019,Horror,0 days 02:27:00,West Newton Cinema,2025-06-24,7:00 PM,58032225,Midsommar,exact_film,English,English listed
Crimes of the Future,David Cronenberg,2022,SciFi,0 days 01:47:00,The Brattle,2025-06-24,8:15 PM,66580777,Crimes of the Future (2022 film),exact_year,English,English listed
Beyond the Valley of the Dolls,Russ Meyer,1970,Comedy,0 days 01:49:00,Somerville Theatre,2025-06-25,7:30 PM,921865,Beyond the Valley of the Dolls,exact_title,English,English listed
Blade Runner,Ridley Scott,1982,SciFi,0 days 01:58:00,The Greenway,2025-06-25,8:00 PM,3746,Blade Runner,exact_year,English,English listed
National Treasure,Jon Turteltaub,2004,Adventure,0 days 02:11:00,Coolidge Corner Theatre,2025-06-26,7:00 PM,699208,National Treasure (film),exact_film,English,English listed
2001: A Space Odyssey,Stanley Kubrick,1968,SciFi,0 days 02:29:00,Somerville Theatre,2025-06-26,7:30 PM,23941708,2001: A Space Odyssey,exact_film,English,English listed
Battalion to My Beat,Eimi Imanishi,2016,Drama,0 days 00:14:00,West Newton Cinema,2025-06-26,7:00 PM,,,unresolved,,Unknown
Killer's Kiss,Stanley Kubrick,1955,Thriller,0 days 01:08:00,MassArt,2025-06-26,1:30 PM,1102966,Killer's Kiss,exact_title,English,English listed
The Celluloid Closet,"Rob Epstein, Jeffrey Friedman",1996,Documentary,0 days 01:42:00,The Brattle,2025-06-27,3:30 PM,2069950,The Celluloid Closet (film),exact_film,English,English listed
House,Nobuhiko Obayashi,1977,Comedy,0 days 01:28:00,The Brattle,2025-06-27,7:00 PM,20286230,House (1977 film),exact_year,Japanese,No English listed
Harakiri,Masaki Kobayashi,1962,Action,0 days 02:15:00,Somerville Theatre,2025-06-27,7:00 PM,3137571,Harakiri (1962 film),exact_year,Japanese,No English listed
Beyond the Blue Border,Sarah Neumann,2024,Drama,0 days 01:42:00,Goethe-Institut,2025-06-27,8:00 PM,,,unresolved,,Unknown
Love Lies Bleeding,Rose Glass,2024,Crime,0 days 01:44:00,The Brattle,2025-06-27,9:00 PM,70547951,Love Lies Bleeding (2024 film),exact_year,English,English listed
The Sword of Doom,Kihachi Okamoto,1966,Action,0 days 02:02:00,Somerville Theatre,2025-06-27,9:45 PM,,,unresolved,,Unknown
Bride of Re-Animator,Brian Yuzna,1990,Horror,0 days 01:36:00,Coolidge Corner Theatre,2025-06-27,11:59 PM,1336108,Bride of Re-Animator,exact_title,English,English listed
The Little Girl Who Conquered Time,Nobuhiko Obayashi,1983,SciFi,0 days 01:44:00,The Brattle,2025-06-28,"2:15 PM, 6:30 PM",21079738,The Girl Who Leapt Through Time (1983 film),exact_title,JapaneseWillis; 1985,No English listed
House,Nobuhiko Obayashi,1977,Comedy,0 days 01:28:00,The Brattle,2025-06-28,12:00 PM,20286230,House (1977 film),exact_year,Japanese,No English listed
The Hunt for Red October,John McTiernan,1990,Action,0 days 02:15:00,Somerville Theatre,2025-06-28,"3:00 PM, 8:00 PM",3557540,The Hunt for Red October (film),exact_film,Plainlist|; English; Russian,English listed
School in the Crosshairs,Nobuhiko Obayashi,1981,Fantasy,0 days 01:30:00,The Brattle,2025-06-28,4:30 PM,,,unresolved,,Unknown
The Living End,Gregg Araki,1992,Crime,0 days 01:25:00,The Brattle,2025-06-28,9:00 PM,6074576,The Living End (film),exact_film,English,English listed
Return of the Living Dead III,Brian Yuzna,1993,Horror,0 days 01:37:00,Coolidge Corner Theatre,2025-06-28,11:59 PM,,,unresolved,,Unknown
Princess Mononoke,Hayao Miyazaki,1997,Adventure,0 days 02:14:00,Somerville Theatre,2025-06-28,11:59 PM,,,unresolved,,Unknown
Far and Away,Ron Howard,1992,Adventure,0 days 02:20:00,Somerville Theatre,2025-06-29,6:30 PM,705925,Far and Away,exact_title,English,English listed
How to Survive a Plague,David France,2012,Documentary,0 days 01:49:00,The Brattle,2025-06-29,8:30 PM,37922084,How to Survive a Plague,exact_title,English,English listed
"His Motorbike, Her Island",Nobuhiko Obayashi,1986,Romance,0 days 01:30:00,The Brattle,2025-06-29,6:30 PM,26778372,"His Motorbike, Her Island",exact_title,Japanese,No English listed
School in the Crosshairs,Nobuhiko Obayashi,1981,Fantasy,0 days 01:30:00,The Brattle,2025-06-29,12:00 PM,,,unresolved,,Unknown
Always,Steven Spielberg,1989,Romance,0 days 02:02:00,Somerville Theatre,2025-06-29,3:00 PM,848218,Always (1989 film),exact_year,English,English listed
The Little Girl Who Conquered Time,Nobuhiko Obayashi,1983,SciFi,0 days 01:44:00,The Brattle,2025-06-29,2:00 PM,21079738,The Girl Who Leapt Through Time (1983 film),exact_title,JapaneseWillis; 1985,No English listed
The Island Closest to Heaven,Nobuhiko Obayashi,1984,Drama,0 days 01:43:00,The Brattle,2025-06-29,4:15 PM,,,unresolved,,Unknown
The Island Closest to Heaven,Nobuhiko Obayashi,1984,Drama,0 days 01:43:00,The Brattle,2025-06-30,4:15 PM,,,unresolved,,Unknown
"His Motorbike, Her Island",Nobuhiko Obayashi,1986,Romance,0 days 01:30:00,The Brattle,2025-06-30,6:30 PM,26778372,"His Motorbike, Her Island",exact_title,Japanese,No English listed
Lawrence of Arabia,David Lean,1962,Adventure,0 days 03:48:00,Somerville Theatre,2025-06-30,6:30 PM,43452,Lawrence of Arabia (film),exact_film,English,English listed
Querelle,Rainer Werner Fassbinder,1982,Drama,0 days 01:48:00,Coolidge Corner Theatre,2025-06-30,7:00 PM,,,unresolved,,Unknown
Ugetsu,Kenji Mizoguchi,1953,Fantasy,0 days 01:36:00,Coolidge Corner Theatre,2025-07-01,7:00 PM,1975933,Ugetsu,exact_film,Japanese,No English listed
Scott Pilgrim vs. the World,Edgar Wright,2010,Action,0 days 01:53:00,Somerville Theatre,2025-07-01,7:30 PM,,,unresolved,,Unknown
Mommie Dearest,Frank Perry,1981,Drama,0 days 02:08:00,Somerville Theatre,2025-07-02,7:30 PM,2079686,Mommie Dearest (film),exact_film,English,English listed
Jackass: The Movie,Jeff Tremaine,2002,Comedy,0 days 01:25:00,Coolidge Corner Theatre,2025-07-03,9:30 PM,1161730,Jackass: The Movie,exact_title,English,English listed
Drop Dead Gorgeous,Michael Patrick Jann,1999,Comedy,0 days 01:38:00,Coolidge Corner Theatre,2025-07-03,7:00 PM,871658,Drop Dead Gorgeous (film),exact_film,English,English listed
Green Room,Jeremy Saulnier,2016,Horror,0 days 01:35:00,Coolidge Corner Theatre,2025-07-05,11:59 PM,44256011,Green Room (film),exact_film,English,English listed
Sudden Rain,Mikio Naruse,1956,Drama,0 days 01:31:00,Harvard Film Archive,2025-07-05,9:30 PM,21167644,Sudden Rain,exact_year,Japanese,No English listed
Floating Clouds,Mikio Naruse,1955,Drama,0 days 02:03:00,Harvard Film Archive,2025-07-05,7:00 PM,15242021,Floating Clouds,exact_title,Japanese,No English listed
Yearning,Mikio Naruse,1964,Drama,0 days 01:38:00,Harvard Film Archive,2025-07-06,7:00 PM,31740169,Yearning (1964 film),exact_year,Japanese,No English listed
Floating Clouds,Mikio Naruse,1955,Drama,0 days 02:03:00,Harvard Film Archive,2025-07-06,3:00 PM,15242021,Floating Clouds,exact_title,Japanese,No English listed
All About My Mother,Pedro Almodóvar,1999,Comedy,0 days 01:41:00,Coolidge Corner Theatre,2025-07-07,7:00 PM,61664,All About My Mother,exact_title,Plainlist|; Spanish; Catalan; English,English listed
Sound of the Mountain,Mikio Naruse,1954,Drama,0 days 01:36:00,Harvard Film Archive,2025-07-07,7:00 PM,,,unresolved,,Unknown
Kuroneko,Kaneto Shindō,1968,Horror,0 days 01:40:00,Coolidge Corner Theatre,2025-07-08,7:00 PM,6289269,Kuroneko,exact_title,Japanese,No English listed
Ash Wednesday,Larry Peerce,1973,Mystery,0 days 01:39:00,Somerville Theatre,2025-07-09,7:30 PM,24689511,Ash Wednesday (1973 film),exact_year,English,English listed
Sabrina,Billy Wilder,1954,Comedy,0 days 01:53:00,Coolidge Corner Theatre,2025-07-09,7:00 PM,1356971,Sabrina (1954 film),exact_year,English,English listed
The Outsiders,Francis Ford Coppola,1983,Crime,0 days 01:34:00,Coolidge Corner Theatre,2025-07-10,7:00 PM,3186725,The Outsiders (film),exact_film,English,English listed
Kill Bill: Vol. 1,Quentin Tarantino,2003,Action,0 days 01:51:00,Coolidge Corner Theatre,2025-07-11,11:59 PM,,,unresolved,,Unknown
Untamed Woman,Mikio Naruse,1957,Drama,0 days 02:01:00,Harvard Film Archive,2025-07-11,7:00 PM,18066013,Untamed (1957 film),exact_title,Japanese,No English listed
A Wife's Heart,Mikio Naruse,1956,Drama,0 days 01:38:00,Harvard Film Archive,2025-07-11,9:30 PM,16342092,A Wife's Heart,exact_title,Japanese,No English listed
Life of a Shock Force Worker,Bahrudin 'Bato' Čengić,2023,Comedy,0 days 01:16:00,Harvard Film Archive,2025-07-12,7:00 PM,,,unresolved,,Unknown
"The Ecstatic Square: Karpo Godina’s Experimental Shorts, 1965-1972",Karpo Godina,1965,Documentary,0 days 00:58:00,Harvard Film Archive,2025-07-12,9:15 PM,,,unresolved,,Unknown
Kill Bill: Vol. 2,Quentin Tarantino,2004,Action,0 days 02:16:00,Coolidge Corner Theatre,2025-07-12,11:59 PM,,,unresolved,,Unknown
Untamed Woman,Mikio Naruse,1957,Drama,0 days 02:01:00,Harvard Film Archive,2025-07-13,3:00 PM,18066013,Untamed (1957 film),exact_title,Japanese,No English listed
Sudden Rain,Mikio Naruse,1956,Drama,0 days 01:31:00,Harvard Film Archive,2025-07-13,7:00 PM,21167644,Sudden Rain,exact_year,Japanese,No English listed
Sabbath Queen,Sandi Simcha Dubowski,2024,Documentary,0 days 01:45:00,Coolidge Corner Theatre,2025-07-13,2:00 PM,,,unresolved,,Unknown
The People's Joker,Vera Drew,2024,Comedy,0 days 01:32:00,Coolidge Corner Theatre,2025-07-14,7:00 PM,,,unresolved,,Unknown
"Frame for a Few Poses, Episodes 1 - 3",Karpo Godina,1976,Documentary,0 days 01:30:00,Harvard Film Archive,2025-07-14,7:00 PM,,,unresolved,,Unknown
Demon Pond,Masahiro Shinoda,1979,Fantasy,0 days 02:04:00,Coolidge Corner Theatre,2025-07-15,7:00 PM,78156753,Demon Pond (1979 film),exact_year,Japanese,No English listed
Seven Samurai,Akira Kurosawa,1954,Action,0 days 03:27:00,Coolidge Corner Theatre,2025-08-13,3:15 PM,31371,Seven Samurai,exact_title,Japanese,No English listed
Weekend,Jean-Luc Godard,1967,Comedy,0 days 01:44:00,The Brattle,2025-08-13,"3:45 PM, 8:00 PM",2117053,Weekend (1967 film),exact_year,French,No English listed
The Exterminating Angel,Luis Buñuel,1962,Comedy,0 days 01:33:00,The Brattle,2025-08-13,6:00 PM,2642594,The Exterminating Angel,exact_film,Spanish,No English listed
He Got Game,Spike Lee,1998,Drama,0 days 02:16:00,Coolidge Corner Theatre,2025-08-13,7:00 PM,1644364,He Got Game,exact_title,English,English listed
High and Low,Akira Kurosawa,1963,Drama,0 days 02:22:00,Coolidge Corner Theatre,2025-08-13,7:30 PM,867935,High and Low (1963 film),exact_year,Japanese,No English listed
Johnny Guitar,Nicholas Ray,1954,Western,0 days 01:50:00,Somerville Theatre,2025-08-13,7:30 PM,1352995,Johnny Guitar,exact_title,English,English listed
Shin Godzilla,"Shinji Higuchi, Hideaki Anno",2016,Action,0 days 02:00:00,Somerville Theatre,2025-08-13,7:40 PM,,,unresolved,,Unknown
The Blob,Chuck Russell,1988,Horror,0 days 01:35:00,The Greenway,2025-08-13,8:00 PM,2521806,The Blob (1988 film),exact_year,English,English listed
Freddy Got Fingered,Tom Green,2001,Comedy,0 days 01:27:00,Coolidge Corner Theatre,2025-08-14,9:30 PM,518018,Freddy Got Fingered,exact_title,English,English listed
Shin Godzilla,"Shinji Higuchi, Hideaki Anno",2016,Action,0 days 02:00:00,Somerville Theatre,2025-08-14,7:40 PM,,,unresolved,,Unknown
Days of Being Wild,Wong Kar-wai,1990,Crime,0 days 01:34:00,Somerville Theatre,2025-08-14,7:30 PM,430419,Days of Being Wild,exact_title,Cantonese,No English listed
Sweet Sweetback's Baadasssss Song,Melvin Van Peebles,1971,Action,0 days 01:38:00,Coolidge Corner Theatre,2025-08-14,7:00 PM,,,unresolved,,Unknown
Daisies,Věra Chytilová,1966,Comedy,0 days 01:16:00,The Brattle,2025-08-14,"6:00 PM, 9:45 PM",10163440,Daisies (film),exact_film,Czech,No English listed
Ran,Akira Kurosawa,1985,Action,0 days 02:40:00,Coolidge Corner Theatre,2025-08-14,"4:00 PM, 7:30 PM",75984,Ran (film),exact_year,Japanese,No English listed
Something Different,Věra Chytilová,1963,Drama,0 days 01:25:00,The Brattle,2025-08-14,"4:00 PM, 7:45 PM",61231426,Something Different (1963 film),exact_year,Czech,No English listed
Dazed and Confused,Richard Linklater,1993,Comedy,0 days 01:42:00,West Newton Cinema,2025-08-14,6:30 PM,503573,Dazed and Confused (film),exact_year,English,English listed
Breathless,Jim McBride,1983,Romance,0 days 01:40:00,The Brattle,2025-08-15,8:30 PM,5989305,Breathless (1983 film),exact_year,English,English listed
Bloody Birthday,Ed Hunt,1981,Horror,0 days 01:25:00,Coolidge Corner Theatre,2025-08-15,11:59 PM,4343515,Bloody Birthday,exact_title,English,English listed
Bullitt,Peter Yates,1968,Action,0 days 01:53:00,Somerville Theatre,2025-08-15,9:40 PM,433285,Bullitt,exact_title,English,English listed
Yourself and Yours,Hong Sang-soo,2016,Drama,0 days 01:27:00,Harvard Film Archive,2025-08-15,9:00 PM,,,unresolved,,Unknown
The French Connection,William Friedkin,1971,Action,0 days 01:44:00,Somerville Theatre,2025-08-15,7:30 PM,99463,The French Connection (film),exact_film,Plainlist|; English; French,English listed
Wallace & Gromit: The Curse of the Were-Rabbit,"Steve Box, Nick Park",2005,Adventure,0 days 01:25:00,Kendall/MIT Open Space,2025-08-15,6:00 PM,,,unresolved,,Unknown
The Devil and Daniel Johnston,Jeff Feuerzeig,2006,Documentary,0 days 01:50:00,West Newton Cinema,2025-08-15,7:00 PM,,,unresolved,,Unknown
A New Leaf,Elaine May,1971,Comedy,0 days 01:42:00,The Brattle,2025-08-15,6:00 PM,4932099,A New Leaf (film),exact_film,English,English listed
Modern Times,Charlie Chaplin,1936,Comedy,0 days 01:27:00,The Brattle,2025-08-15,3:30 PM,74962,Modern Times (film),exact_film,Sound (part-talkie); English intertitles,English listed
In Another Country,Hong Sang-soo,2012,Drama,0 days 01:29:00,Harvard Film Archive,2025-08-15,7:00 PM,35562670,In Another Country (film),exact_film,Korean; English,English listed
Pee-wee's Big Adventure,Tim Burton,1985,Comedy,0 days 01:31:00,The Brattle,2025-08-16,"12:00 PM, 2:00 PM",,,unresolved,,Unknown
Swimming to Cambodia,Jonathan Demme,1987,Comedy,0 days 01:25:00,The Brattle,2025-08-16,6:00 PM,1624783,Swimming to Cambodia,exact_title,English,English listed
The Thin Line,Mikio Naruse,1966,Crime,0 days 01:42:00,Harvard Film Archive,2025-08-16,7:00 PM,52317782,The Stranger Within a Woman,exact_year,Japanese,No English listed
Mixed Blood,Paul Morrissey,1984,Action,0 days 01:38:00,The Brattle,2025-08-16,8:30 PM,26085256,Mixed Blood (1984 film),exact_year,English,English listed
Chungking Express,Wong Kar-wai,1994,Drama,0 days 01:43:00,Somerville Theatre,2025-08-16,8:30 PM,213471,Chungking Express,exact_title,Cantonese; Mandarin,No English listed
Like You Know It All,Hong Sang-soo,2009,Drama,0 days 02:08:00,Harvard Film Archive,2025-08-16,9:00 PM,20442820,Like You Know It All,exact_title,Korean,No English listed
The Brood,David Cronenberg,1979,Horror,0 days 01:32:00,Coolidge Corner Theatre,2025-08-16,11:59 PM,451023,The Brood,exact_film,English,English listed
Walk Up,Hong Sang-soo,2022,Drama,0 days 01:37:00,Harvard Film Archive,2025-08-17,7:00 PM,,,unresolved,,Unknown
Jade,William Friedkin,1995,Mystery,0 days 01:35:00,The Brattle,2025-08-17,8:00 PM,4032134,Jade (1995 film),exact_year,English,English listed
Ashes of Time,Wong Kar-wai,1994,Drama,0 days 01:40:00,Somerville Theatre,2025-08-17,6:00 PM,221858,Ashes of Time,exact_title,Cantonese,No English listed
Other Side,"Carter Oakley, Heather Hogan",2025,Documentary,0 days 01:30:00,West Newton Cinema,2025-08-17,1:00 PM,,,unresolved,,Unknown
When a Woman Ascends the Stairs,Mikio Naruse,1960,Drama,0 days 01:51:00,Harvard Film Archive,2025-08-17,3:00 PM,,,unresolved,,Unknown
Videoheaven,Alex Ross Perry,2025,Documentary,0 days 02:52:00,The Brattle,2025-08-17,4:00 PM,,,unresolved,,Unknown
Pee-wee's Big Adventure,Tim Burton,1985,Comedy,0 days 01:31:00,The Brattle,2025-08-17,"12:00 PM, 2:00 PM",,,unresolved,,Unknown
Kansas City,Robert Altman,1996,Drama,0 days 01:56:00,The Brattle,2025-08-18,"3:30 PM, 8:30 PM",1693894,Kansas City (film),exact_year,English,English listed
Thieves Like Us,Robert Altman,1974,Crime,0 days 02:03:00,The Brattle,2025-08-18,6:00 PM,4539015,Thieves Like Us (film),exact_film,English,English listed
Travelling Actors,Mikio Naruse,1940,Comedy,0 days 01:10:00,Harvard Film Archive,2025-08-18,7:00 PM,67635297,Travelling Actors,exact_year,Japanese,No English listed
Cat People,Jacques Tourneur,1942,Mystery,0 days 01:13:00,Somerville Theatre,2025-08-18,7:15 PM,1056686,Cat People (1942 film),exact_year,English,English listed
Cat People,Paul Schrader,1982,Thriller,0 days 01:58:00,Somerville Theatre,2025-08-18,8:45 PM,1056696,Cat People (1982 film),exact_year,English,English listed
Short Cuts,Robert Altman,1993,Drama,0 days 03:08:00,The Brattle,2025-08-19,"4:00 PM, 8:00 PM",676038,Short Cuts,exact_film,English,English listed
Dirty Dancing,Emile Ardolino,1987,Drama,0 days 01:40:00,Coolidge Corner Theatre,2025-08-19,7:00 PM,680361,Dirty Dancing,exact_year,English,English listed
Fallen Angels,Wong Kar-wai,1995,Action,0 days 01:38:00,Somerville Theatre,2025-08-19,7:30 PM,624433,Fallen Angels (1995 film),exact_year,Plainlist|; Cantonese; Mandarin,No English listed
Twin Peaks: Fire Walk with Me,David Lynch,1992,Drama,0 days 02:15:00,The Speedway,2025-08-20,8:00 PM,,,unresolved,,Unknown
All About Eve,Joseph L. Mankiewicz,1950,Drama,0 days 02:19:00,Somerville Theatre,2025-08-20,7:30 PM,41881,All About Eve,exact_film,English,English listed
Franky Five Star,Birgit Möller,2023,Drama,0 days 01:54:00,Goethe-Institut,2025-08-20,8:00 PM,,,unresolved,,Unknown
"One, Two, Three",Billy Wilder,1961,Comedy,0 days 01:49:00,The Brattle,2025-08-20,6:00 PM,17440633,One Two Three,exact_film,Hindi,No English listed
Dr. Strangelove or: How I Learned to Stop Worrying and Love the Bomb,Stanley Kubrick,1964,Comedy,0 days 01:35:00,The Brattle,2025-08-20,"3:45 PM, 8:15 PM",,,unresolved,,Unknown
Inside Man,Spike Lee,2006,Crime,0 days 02:09:00,Coolidge Corner Theatre,2025-08-20,7:00 PM,3592692,Inside Man,exact_year,English,English listed
The Girls,Mai Zetterling,1968,Drama,0 days 01:40:00,The Brattle,2025-08-21,"3:45 PM, 8:30 PM",32684003,The Girls (1968 film),exact_year,Swedish,No English listed
Loving Couples,Mai Zetterling,1964,Drama,0 days 01:58:00,The Brattle,2025-08-21,6:00 PM,21759848,Loving Couples (1964 film),exact_year,Swedish,No English listed
Death & Taxes,Justin Schein,2024,Documentary,0 days 01:26:00,West Newton Cinema,2025-08-21,7:00 PM,4844776,Death & Taxes (film),exact_film,English,English listed
The Fast and the Furious: Tokyo Drift,Justin Lin,2006,Action,0 days 01:44:00,Coolidge Corner Theatre,2025-08-21,7:00 PM,,,unresolved,,Unknown
Happy Together,Wong Kar-wai,1997,Drama,0 days 01:36:00,Somerville Theatre,2025-08-21,7:30 PM,184987,Happy Together (1997 film),exact_year,Cantonese; Spanish; English; Mandarin,English listed
"Alice, Sweet Alice",Alfred Sole,1976,Horror,0 days 01:48:00,Coolidge Corner Theatre,2025-08-22,11:59 PM,2009947,"Alice, Sweet Alice",exact_title,English,English listed
Ghost Ship,Steve Beck,2002,Horror,0 days 01:31:00,Somerville Theatre,2025-08-22,9:45 PM,1354688,Ghost Ship (2002 film),exact_year,English,English listed
Dogtooth,Yorgos Lanthimos,2009,Drama,0 days 01:38:00,The Brattle,2025-08-22,9:45 PM,22832896,Dogtooth (film),exact_film,Greek,No English listed
In Our Day,Hong Sang-soo,2023,Drama,0 days 01:24:00,Harvard Film Archive,2025-08-22,9:15 PM,75600131,In Our Day,exact_title,Korean,No English listed
Two in the Shadow,Mikio Naruse,1967,Romance,0 days 01:48:00,Harvard Film Archive,2025-08-22,7:00 PM,,,unresolved,,Unknown
North by Northwest,Alfred Hitchcock,1959,Mystery,0 days 02:16:00,Kendall/MIT Open Space,2025-08-22,7:00 PM,73412,North by Northwest,exact_film,English,English listed
Barry Lyndon,Stanley Kubrick,1975,Drama,0 days 03:05:00,The Brattle,2025-08-22,6:00 PM,4227,Barry Lyndon,exact_film,English,English listed
Fever Pitch,"Bobby Farrelly, Peter Farrelly",2005,Romance,0 days 01:44:00,WBUR CitySpace,2025-08-22,7:00 PM,1448684,Fever Pitch (2005 film),exact_year,English,English listed
Eraserhead,David Lynch,1978,Horror,0 days 01:29:00,Coolidge Corner Theatre,2025-08-23,11:59 PM,36814246,Eraserhead,exact_film,English,English listed
Goodnight Mommy,"Severin Fiala, Veronika Franz",2015,Horror,0 days 01:40:00,Coolidge Corner Theatre,2025-08-23,11:59 PM,47543704,Goodnight Mommy,exact_title,German,No English listed
Flowing,Mikio Naruse,1956,Drama,0 days 01:57:00,Harvard Film Archive,2025-08-23,8:45 PM,17723727,Flowing (1956 film),exact_year,Japanese,No English listed
Wife! Be Like a Rose!,Mikio Naruse,1935,Drama,0 days 01:14:00,Harvard Film Archive,2025-08-23,7:00 PM,,,unresolved,,Unknown
In the Mood for Love,Wong Kar-wai,2000,Drama,0 days 01:38:00,Somerville Theatre,2025-08-23,8:00 PM,213413,In the Mood for Love,exact_title,Cantonese; Shanghainese,No English listed
Dogtooth,Yorgos Lanthimos,2009,Drama,0 days 01:38:00,The Brattle,2025-08-23,"3:45 PM, 9:45 PM",22832896,Dogtooth (film),exact_film,Greek,No English listed
Barry Lyndon,Stanley Kubrick,1975,Drama,0 days 03:05:00,The Brattle,2025-08-23,"12:00 PM, 6:00 PM",4227,Barry Lyndon,exact_film,English,English listed
Barry Lyndon,Stanley Kubrick,1975,Drama,0 days 03:05:00,The Brattle,2025-08-24,"12:00 PM, 6:00 PM",4227,Barry Lyndon,exact_film,English,English listed
Two in the Shadow,Mikio Naruse,1967,Romance,0 days 01:48:00,Harvard Film Archive,2025-08-24,3:00 PM,,,unresolved,,Unknown
Dogtooth,Yorgos Lanthimos,2009,Drama,0 days 01:38:00,The Brattle,2025-08-24,"3:45 PM, 9:45 PM",22832896,Dogtooth (film),exact_film,Greek,No English listed
2046,Wong Kar-wai,2004,Drama,0 days 02:08:00,Somerville Theatre,2025-08-24,6:00 PM,213462,2046 (film),exact_film,Cantonese; Japanese; Mandarin,No English listed
Night and Day,Hong Sang-soo,2008,Drama,0 days 02:24:00,Harvard Film Archive,2025-08-24,7:00 PM,20425100,Night and Day (2008 film),exact_year,Korean,No English listed
Barry Lyndon,Stanley Kubrick,1975,Drama,0 days 03:05:00,The Brattle,2025-08-25,2:00 PM,4227,Barry Lyndon,exact_film,English,English listed
Cape Fear,J. Lee Thompson,1962,Thriller,0 days 01:45:00,Somerville Theatre,2025-08-25,7:00 PM,171029,Cape Fear (1962 film),exact_year,English,English listed
Flowing,Mikio Naruse,1956,Drama,0 days 01:57:00,Harvard Film Archive,2025-08-25,7:00 PM,17723727,Flowing (1956 film),exact_year,Japanese,No English listed
Hero,Zhang Yimou,2002,Drama,0 days 01:39:00,Coolidge Corner Theatre,2025-08-25,7:00 PM,318542,Hero (2002 film),exact_year,Mandarin,No English listed
The Player,Robert Altman,1992,Mystery,0 days 02:04:00,The Brattle,2025-08-25,8:30 PM,358263,The Player (1992 film),exact_year,English,English listed
Cape Fear,Martin Scorsese,1991,Drama,0 days 02:08:00,Somerville Theatre,2025-08-25,9:00 PM,171026,Cape Fear (1991 film),exact_year,English,English listed
Dogtooth,Yorgos Lanthimos,2009,Drama,0 days 01:38:00,The Brattle,2025-08-26,9:15 PM,22832896,Dogtooth (film),exact_film,Greek,No English listed
Double Feature: The Sweet Hereafter and Gates of Heaven,"Atom Egoyan, Errol Morris",1980,Documentary,0 days 03:15:00,Mount Auburn Cemetery,2025-08-26,8:00 PM,,,unresolved,,Unknown
Road House,Rowdy Herrington,1989,Action,0 days 01:54:00,Coolidge Corner Theatre,2025-08-26,7:00 PM,901489,Road House (1989 film),exact_year,English,English listed
Gosford Park,Robert Altman,2001,Drama,0 days 02:17:00,The Brattle,2025-08-26,"3:30 PM, 6:30 PM",142476,Gosford Park,exact_title,English,English listed
Watermelon Man,Melvin Van Peebles,1970,Comedy,0 days 01:40:00,The Brattle,2025-08-27,"4:15 PM, 8:30 PM",2735755,Watermelon Man (film),exact_film,English,English listed
Putney Swope,Robert Downey Sr.,1969,Comedy,0 days 01:25:00,The Brattle,2025-08-27,6:30 PM,3692025,Putney Swope,exact_title,English,English listed
The Big Cube,Tito Davison,1969,Drama,0 days 01:38:00,Somerville Theatre,2025-08-27,7:30 PM,18802880,The Big Cube,exact_title,English,English listed
Beyond the Blue Border,Sarah Neumann,2024,Drama,0 days 01:42:00,Goethe-Institut,2025-08-27,8:00 PM,,,unresolved,,Unknown
"Jeanne Dielman, 23, quai du Commerce, 1080 Bruxelles",Chantal Akerman,1976,Drama,0 days 03:22:00,The Brattle,2025-08-28,"2:30 PM, 6:30 PM",,,unresolved,,Unknown
The Women,George Cukor,1939,Comedy,0 days 02:13:00,Coolidge Corner Theatre,2025-08-28,7:00 PM,19978736,The Women (1939 film),exact_year,English; Italian,English listed
The Straight Story,David Lynch,1999,Drama,0 days 01:52:00,Somerville Theatre,2025-08-28,7:30 PM,,,unresolved,,Unknown
The Brady Bunch Movie,Betty Thomas,1995,Family,0 days 01:29:00,Coolidge Corner Theatre,2025-08-28,9:30 PM,2158983,The Brady Bunch Movie,exact_title,English,English listed
Jaws,Steven Spielberg,1975,Horror,0 days 02:04:00,Coolidge Corner Theatre,2025-08-29,7:00 PM,74830,Jaws (film),exact_year,English,English listed
The Power of Kangwon Province,Hong Sang-soo,1998,Drama,0 days 01:49:00,Harvard Film Archive,2025-08-29,7:00 PM,,,unresolved,,Unknown
Grass,Hong Sang-soo,2018,Drama,0 days 01:06:00,Harvard Film Archive,2025-08-29,9:15 PM,56764960,Grass (2018 film),exact_year,Korean,No English listed
Them,"Xavier Palud, David Moreau",2006,Horror,0 days 01:17:00,Coolidge Corner Theatre,2025-08-29,11:59 PM,9249020,Them (2006 film),exact_year,French; Romanian,No English listed
Village of the Damned,John Carpenter,1995,Thriller,0 days 01:39:00,Coolidge Corner Theatre,2025-08-30,11:59 PM,1721255,Village of the Damned (1995 film),exact_year,English,English listed
Ha Ha Ha,Hong Sang-soo,2010,Comedy,0 days 01:56:00,Harvard Film Archive,2025-08-30,8:30 PM,,,unresolved,,Unknown
Hill of Freedom,Hong Sang-soo,2014,Drama,0 days 01:06:00,Harvard Film Archive,2025-08-30,7:00 PM,44253359,Hill of Freedom,exact_title,Korean; English; Japanese,English listed
Jaws,Steven Spielberg,1975,Horror,0 days 02:04:00,Coolidge Corner Theatre,2025-08-30,7:00 PM,74830,Jaws (film),exact_year,English,English listed
The Power of Kangwon Province,Hong Sang-soo,1998,Drama,0 days 01:49:00,Harvard Film Archive,2025-08-31,3:00 PM,,,unresolved,,Unknown
Jaws,Steven Spielberg,1975,Horror,0 days 02:04:00,Coolidge Corner Theatre,2025-08-31,7:00 PM,74830,Jaws (film),exact_year,English,English listed
In Our Day,Hong Sang-soo,2023,Drama,0 days 01:24:00,Harvard Film Archive,2025-08-31,7:00 PM,75600131,In Our Day,exact_title,Korean,No English listed
Inside Llewyn Davis,"Joel Coen, Ethan Coen",2013,Drama,0 days 01:44:00,The Brattle,2025-09-03,"3:30 PM, 8:30 PM",34604057,Inside Llewyn Davis,exact_title,English,English listed
The Last Class,Elliot Kirschner,2025,Documentary,0 days 01:11:00,The Brattle,2025-09-03,6:00 PM,,,unresolved,,Unknown
Alien,Ridley Scott,1979,Horror,0 days 01:57:00,The Brattle,2025-09-04,8:30 PM,23487440,Alien (film),exact_year,English,English listed
The Sting,George Roy Hill,1973,Comedy,0 days 02:09:00,Coolidge Corner Theatre,2025-09-04,7:00 PM,62440,The Sting,exact_film,English,English listed
When the Cat Comes,Vojtěch Jasný,1963,Comedy,0 days 01:44:00,The Brattle,2025-09-04,6:00 PM,,,unresolved,,Unknown
Flow,Gints Zilbalodis,2024,Animation,0 days 01:25:00,The Brattle,2025-09-04,4:00 PM,76884533,Flow (2024 film),exact_year,,Unknown
On the Occasion of Remembering the Turning Gate,Hong Sang-soo,2002,Drama,0 days 01:56:00,Harvard Film Archive,2025-09-05,7:00 PM,7362626,On the Occasion of Remembering the Turning Gate,exact_title,Korean,No English listed
The Lovers on the Bridge,Leos Carax,1991,Drama,0 days 02:06:00,The Brattle,2025-09-05,8:15 PM,3329045,Les Amants du Pont-Neuf,exact_film,French,No English listed
In Another Country,Hong Sang-soo,2012,Drama,0 days 01:29:00,Harvard Film Archive,2025-09-05,9:30 PM,35562670,In Another Country (film),exact_film,Korean; English,English listed
A Better Tomorrow,John Woo,1986,Action,0 days 01:35:00,Coolidge Corner Theatre,2025-09-05,11:59 PM,89541,A Better Tomorrow,exact_year,Cantonese,No English listed
Hundreds of Beavers,Mike Cheslik,2024,Comedy,0 days 01:48:00,Coolidge Corner Theatre,2025-09-06,11:59 PM,76208655,Hundreds of Beavers,exact_title,English,English listed
City on Fire,Ringo Lam Ling-Tung,1987,Action,0 days 01:45:00,Coolidge Corner Theatre,2025-09-06,11:59 PM,1640215,City on Fire (1987 film),exact_year,Cantonese,No English listed
Lovers Rock,Steve McQueen,2020,Drama,0 days 01:13:00,Harvard Film Archive,2025-09-06,7:00 PM,64179486,Lovers Rock (2020 film),exact_year,English,English listed
The Lovers on the Bridge,Leos Carax,1991,Drama,0 days 02:06:00,The Brattle,2025-09-06,"3:15 PM, 8:15 PM",3329045,Les Amants du Pont-Neuf,exact_film,French,No English listed
"Red, White and Blue",Steve McQueen,2020,Drama,0 days 01:20:00,Harvard Film Archive,2025-09-06,8:45 PM,65968147,"Red, White and Blue (2020 film)",exact_year,English,English listed
Caught by the Tides,Jia Zhangke,2024,Drama,0 days 01:51:00,West Newton Cinema,2025-09-07,1:00 PM,76585127,Caught by the Tides,exact_title,Mandarin,No English listed
Ha Ha Ha,Hong Sang-soo,2010,Comedy,0 days 01:56:00,Harvard Film Archive,2025-09-07,3:00 PM,,,unresolved,,Unknown
The Lovers on the Bridge,Leos Carax,1991,Drama,0 days 02:06:00,The Brattle,2025-09-07,"3:15 PM, 8:15 PM",3329045,Les Amants du Pont-Neuf,exact_film,French,No English listed
Hill of Freedom,Hong Sang-soo,2014,Drama,0 days 01:06:00,Harvard Film Archive,2025-09-07,7:00 PM,44253359,Hill of Freedom,exact_title,Korean; English; Japanese,English listed
A Traveler's Needs,Hong Sang-soo,2024,Drama,0 days 01:30:00,Harvard Film Archive,2025-09-08,7:00 PM,75929437,A Traveler's Needs,exact_title,English; French; Korean,English listed
Shanghai Blues,Tsui Hark,1984,Comedy,0 days 01:43:00,The Brattle,2025-09-09,"6:00 PM, 8:30 PM",,,unresolved,,Unknown
Twin Peaks: The Return (Part 1 & 2),David Lynch,2017,Drama,0 days 01:54:00,The Brattle,2025-09-10,8:30 PM,,,unresolved,,Unknown
Beauty and the Beast,Jean Cocteau,1946,Drama,0 days 01:36:00,Coolidge Corner Theatre,2025-09-10,7:15 PM,1226363,Beauty and the Beast (1946 film),exact_year,French,No English listed
Michael Clayton,Tony Gilroy,2007,Drama,0 days 01:59:00,West Newton Cinema,2025-09-11,6:30 PM,5968326,Michael Clayton,exact_film,English,English listed
Clueless,Amy Heckerling,1995,Comedy,0 days 01:37:00,Coolidge Corner Theatre,2025-09-11,7:00 PM,105872,Clueless,exact_film,English,English listed
The Palm Beach Story,Preston Sturges,1942,Comedy,0 days 01:28:00,The Brattle,2025-09-11,4:00 PM,,,unresolved,,Unknown
The Darjeeling Limited,Wes Anderson,2007,Adventure,0 days 01:32:00,The Brattle,2025-09-11,6:00 PM,,,unresolved,,Unknown
Twin Peaks: The Return (Part 3 & 4),David Lynch,2017,Drama,0 days 01:54:00,The Brattle,2025-09-11,8:30 PM,,,unresolved,,Unknown
Roma,Federico Fellini,1972,Comedy,0 days 02:00:00,Harvard Film Archive,2025-09-12,9:00 PM,1721399,Roma (1972 film),exact_year,Plainlist|; Italian; German; English; French; Latin; Spanish,English listed
Twin Peaks: The Return (Part 1 & 2),David Lynch,2017,Drama,0 days 01:54:00,The Brattle,2025-09-12,10:30 PM,,,unresolved,,Unknown
The Left Handed Gun,Arthur Penn,1958,Western,0 days 01:42:00,Harvard Film Archive,2025-09-12,7:00 PM,,,unresolved,,Unknown
A Better Tomorrow II,John Woo,1987,Action,0 days 01:43:00,Coolidge Corner Theatre,2025-09-12,11:59 PM,3365741,A Better Tomorrow II,exact_title,Cantonese; English,English listed
Beuys,Andres Veiel,2017,Documentary,0 days 01:47:00,Goethe-Institut,2025-09-12,7:00 PM,52994727,Beuys (film),exact_film,German,No English listed
Hackers,Iain Softley,1995,Action,0 days 01:47:00,Somerville Theatre,2025-09-12,6:30 PM,40852758,Hackers (film),exact_year,English,English listed
I like America and America likes Me,Helmut Wietz,1974,,0 days 00:40:00,Goethe-Institut,2025-09-12,6:00 PM,,,unresolved,,Unknown
The Thing,John Carpenter,1982,Horror,0 days 01:49:00,The Brattle,2025-09-12,7:00 PM,30809,The Thing (1982 film),exact_year,English,English listed
The Room,Tommy Wiseau,2003,Drama,0 days 01:39:00,Coolidge Corner Theatre,2025-09-13,11:59 PM,5443971,The Room,exact_year,English,English listed
The Killer,John Woo,1989,Action,0 days 01:50:00,Coolidge Corner Theatre,2025-09-13,11:59 PM,451877,The Killer (1989 film),exact_year,Cantonese,No English listed
Twin Peaks: The Return (Part 11 & 12),David Lynch,2017,Drama,0 days 01:51:00,The Brattle,2025-09-13,10:00 PM,,,unresolved,,Unknown
Twin Peaks: The Return (Part 9 & 10),David Lynch,2017,Drama,0 days 01:51:00,The Brattle,2025-09-13,7:30 PM,,,unresolved,,Unknown
Alex Wheatle/Education,Steve McQueen,2020,Drama,0 days 02:15:00,Harvard Film Archive,2025-09-13,7:00 PM,,,unresolved,,Unknown
Art War,Marco Wilms,2014,Documentary,0 days 01:30:00,Goethe-Institut,2025-09-13,5:30 PM,,,unresolved,,Unknown
Twin Peaks: The Return (Part 7 & 8),David Lynch,2017,Drama,0 days 01:55:00,The Brattle,2025-09-13,5:00 PM,,,unresolved,,Unknown
Harald Naegeli - Der Sprayer von Zürich,Nathalie David,2021,Documentary,0 days 01:37:00,Goethe-Institut,2025-09-13,3:30 PM,,,unresolved,,Unknown
Twin Peaks: The Return (Part 5 & 6),David Lynch,2017,Drama,0 days 01:56:00,The Brattle,2025-09-13,2:30 PM,,,unresolved,,Unknown
Sticker Movie,Will Deloney,2023,Documentary,0 days 00:00:00,Goethe-Institut,2025-09-13,2:00 PM,,,unresolved,,Unknown
"I Was Born, But… / Pixote","Ozu Yasujiro, Héctor Babenco, Chuck Jones",1932,Drama,0 days 03:45:00,Harvard Film Archive,2025-09-13,2:00 PM,,,unresolved,,Unknown
Twin Peaks: The Return (Part 3 & 4),David Lynch,2017,Drama,0 days 01:54:00,The Brattle,2025-09-13,12:00 PM,,,unresolved,,Unknown
Twin Peaks: The Return (Part 11 & 12),David Lynch,2017,Drama,0 days 01:51:00,The Brattle,2025-09-14,9:30 PM,,,unresolved,,Unknown
FOUND FOOTAGE FEST: Porcelain VHS Treasures,"Joe Pickett, Nick Prueher",2025,Documentary,0 days 01:30:00,The Brattle,2025-09-14,7:00 PM,,,unresolved,,Unknown
Yourself and Yours,Hong Sang-soo,2016,Drama,0 days 01:27:00,Harvard Film Archive,2025-09-14,7:00 PM,,,unresolved,,Unknown
Twin Peaks: The Return (Part 7 & 8),David Lynch,2017,Drama,0 days 01:55:00,The Brattle,2025-09-14,12:30 PM,,,unresolved,,Unknown
The Catered Affair,Richard Brooks,1956,Drama,0 days 01:34:00,Harvard Film Archive,2025-09-14,3:00 PM,7885996,The Catered Affair,exact_title,English,English listed
Castle in the Sky,Hayao Miyazaki,1986,Adventure,0 days 02:05:00,West Newton Cinema,2025-09-14,1:00 PM,147697,Castle in the Sky,exact_film,Japanese,No English listed
Twin Peaks: The Return (Part 9 & 10),David Lynch,2017,Drama,0 days 01:51:00,The Brattle,2025-09-14,3:30 PM,,,unresolved,,Unknown
Clueless,Amy Heckerling,1995,Comedy,0 days 01:37:00,The Brattle,2025-09-15,6:00 PM,105872,Clueless,exact_film,English,English listed
Postcards from the Edge,Mike Nichols,1990,Comedy,0 days 01:41:00,Coolidge Corner Theatre,2025-09-15,7:00 PM,21675573,Postcards from the Edge (film),exact_film,English,English listed
Like You Know It All,Hong Sang-soo,2009,Drama,0 days 02:08:00,Harvard Film Archive,2025-09-15,7:00 PM,20442820,Like You Know It All,exact_title,Korean,No English listed
Twin Peaks: The Return (Part 13 & 14),David Lynch,2017,Drama,0 days 01:55:00,The Brattle,2025-09-15,8:30 PM,,,unresolved,,Unknown
Twin Peaks: The Return (Part 13 & 14),David Lynch,2017,Drama,0 days 01:55:00,The Brattle,2025-09-16,4:00 PM,,,unresolved,,Unknown
Twin Peaks: The Return (Part 15 & 16),David Lynch,2017,Drama,0 days 01:52:00,The Brattle,2025-09-16,"6:30 PM, 9:00 PM",,,unresolved,,Unknown
Eno,Gary Hustwit,2024,Documentary,0 days 00:00:00,The Brattle,2025-09-17,6:00 PM,75853418,Eno (2024 film),exact_year,English,English listed
Teenage Mutant Ninja Turtles,Steve Barron,1990,SciFi,0 days 01:33:00,The Speedway,2025-09-17,8:00 PM,2323962,Teenage Mutant Ninja Turtles (1990 film),exact_year,English,English listed
Twin Peaks: The Return (Part 17 & 18),David Lynch,2017,Drama,0 days 01:56:00,The Brattle,2025-09-17,8:30 PM,,,unresolved,,Unknown
Blue Velvet,David Lynch,1986,Mystery,0 days 02:00:00,Coolidge Corner Theatre,2025-09-18,9:30 PM,3947,Blue Velvet (film),exact_film,English,English listed
Ray,Taylor Hackford,2004,Drama,0 days 02:32:00,Coolidge Corner Theatre,2025-09-18,7:00 PM,993226,Ray (film),exact_year,English,English listed
Dude Bro Party Massacre III,"Michael Rousselet, Jon Salmon, Tomm Jacobsen",2015,Horror,0 days 01:41:00,The Brattle,2025-09-18,9:00 PM,53255086,Dude Bro Party Massacre III,exact_title,English,English listed
Twin Peaks: The Return (Part 17 & 18),David Lynch,2017,Drama,0 days 01:56:00,The Brattle,2025-09-18,6:30 PM,,,unresolved,,Unknown
Hello Beautiful,Ziad H. Hamzeh,2025,,0 days 01:40:00,West Newton Cinema,2025-09-18,7:00 PM,80112149,Hello Beautiful (film),exact_film,English; Arabic,English listed
One Cut of the Dead,Shinichiro Ueda,2017,Comedy,0 days 01:36:00,The Brattle,2025-09-19,6:00 PM,,,unresolved,,Unknown
Floating Clouds,Mikio Naruse,1955,Drama,0 days 02:03:00,Harvard Film Archive,2025-09-19,7:00 PM,15242021,Floating Clouds,exact_title,Japanese,No English listed
Hello Beautiful,Ziad H. Hamzeh,2025,,0 days 01:40:00,West Newton Cinema,2025-09-19,7:00 PM,80112149,Hello Beautiful (film),exact_film,English; Arabic,English listed
Lightning,Mikio Naruse,1952,Drama,0 days 01:27:00,Harvard Film Archive,2025-09-19,9:30 PM,23208313,Lightning (1952 film),exact_year,Japanese,No English listed
Hell House LLC,Stephen Cognetti,2015,Horror,0 days 01:33:00,The Brattle,2025-09-19,10:00 PM,52965398,Hell House LLC,exact_title,English,English listed
A Chinese Ghost Story,Tony Ching Siu-Tung,1987,Fantasy,0 days 01:36:00,Coolidge Corner Theatre,2025-09-19,11:59 PM,204809,A Chinese Ghost Story,exact_title,Cantonese,No English listed
Eraserhead,David Lynch,1978,Horror,0 days 01:29:00,Coolidge Corner Theatre,2025-09-20,11:59 PM,36814246,Eraserhead,exact_film,English,English listed
Peking Opera Blues,Tsui Hark,1986,Action,0 days 01:44:00,Coolidge Corner Theatre,2025-09-20,11:59 PM,,,unresolved,,Unknown
Walk Up,Hong Sang-soo,2022,Drama,0 days 01:37:00,Harvard Film Archive,2025-09-20,9:00 PM,,,unresolved,,Unknown
A Traveler's Needs,Hong Sang-soo,2024,Drama,0 days 01:30:00,Harvard Film Archive,2025-09-20,7:00 PM,75929437,A Traveler's Needs,exact_title,English; French; Korean,English listed
Eat Drink Man Woman,Ang Lee,1994,Comedy,0 days 02:03:00,Museum of Fine Arts,2025-09-20,2:30 PM,881249,Eat Drink Man Woman,exact_title,Mandarin,No English listed
Willow Creek,Bobcat Goldthwait,2013,Horror,0 days 01:20:00,The Brattle,2025-09-20,4:15 PM,39530705,Willow Creek (film),exact_film,English,English listed
Troll Hunter,André Øvredal,2010,Fantasy,0 days 01:44:00,The Brattle,2025-09-20,2:00 PM,,,unresolved,,Unknown
One Cut of the Dead,Shinichiro Ueda,2017,Comedy,0 days 01:36:00,The Brattle,2025-09-20,12:00 PM,,,unresolved,,Unknown
Noroi: The Curse,Koji Shiraishi,2005,Horror,0 days 01:55:00,The Brattle,2025-09-20,6:30 PM,,,unresolved,,Unknown
Lake Mungo,Joel Anderson,2009,Horror,0 days 01:27:00,The Brattle,2025-09-21,6:30 PM,21652388,Lake Mungo (film),exact_film,English,English listed
The Sacrament,Ti West,2013,Horror,0 days 01:39:00,The Brattle,2025-09-21,9:00 PM,41438706,The Sacrament (2013 film),exact_year,English,English listed
On the Occasion of Remembering the Turning Gate,Hong Sang-soo,2002,Drama,0 days 01:56:00,Harvard Film Archive,2025-09-21,7:00 PM,7362626,On the Occasion of Remembering the Turning Gate,exact_title,Korean,No English listed
The Midnight Swim,Sarah Adina Smith,2015,Drama,0 days 01:24:00,The Brattle,2025-09-21,4:15 PM,,,unresolved,,Unknown
Impatience of the Heart,Lauro Cress,2025,Drama,0 days 01:44:00,Coolidge Corner Theatre,2025-09-21,11:00 AM,,,unresolved,,Unknown
Ghostwatch,Lesley Manning,1992,Horror,0 days 01:31:00,The Brattle,2025-09-21,2:00 PM,931331,Ghostwatch,exact_title,English,English listed
"RPM Fest Presents Crossing Lines, Films by Raymond Rea",Raymond Rea,1982,Documentary,0 days 01:12:00,The Brattle,2025-09-21,12:00 PM,,,unresolved,,Unknown
Night and Day,Hong Sang-soo,2008,Drama,0 days 02:24:00,Harvard Film Archive,2025-09-21,3:00 PM,20425100,Night and Day (2008 film),exact_year,Korean,No English listed
M*A*S*H,Robert Altman,1970,Comedy,0 days 01:56:00,Coolidge Corner Theatre,2025-09-22,7:00 PM,23784006,M*A*S*H (film),exact_film,English,English listed
A Wanderer's Notebook,Mikio Naruse,1962,Drama,0 days 02:04:00,Harvard Film Archive,2025-09-22,7:00 PM,31750495,A Wanderer's Notebook,exact_title,Japanese,No English listed
Europa Report,Sebastián Cordero,2013,SciFi,0 days 01:30:00,The Brattle,2025-09-22,8:00 PM,34707165,Europa Report,exact_title,English,English listed
The McPherson Tape,Dean Alioto,1989,Horror,0 days 01:03:00,The Brattle,2025-09-22,9:45 PM,,,unresolved,,Unknown
The Last Exorcism,Daniel Stamm,2010,Horror,0 days 01:27:00,The Brattle,2025-09-23,8:45 PM,,,unresolved,,Unknown
The Devil's Doorway,Aislinn Clarke,2018,Horror,0 days 01:16:00,The Brattle,2025-09-23,7:00 PM,,,unresolved,,Unknown
Salli,Lien Chien-Hung,2024,Comedy,0 days 01:46:00,Coolidge Corner Theatre,2025-09-23,7:00 PM,,,unresolved,,Unknown
WALL·E,Andrew Stanton,2008,Animation,0 days 01:38:00,Coolidge Corner Theatre,2025-09-23,7:00 PM,,,unresolved,,Unknown
V/H/S/2,"Adam Wingard, Gregg Hale, Eduardo Sánchez, Simon Barrett, Timo Tjahjanto, Jason Eisener, Gareth Evans",2013,Horror,0 days 01:36:00,The Brattle,2025-09-24,9:30 PM,,,unresolved,,Unknown
Cloverfield,Matt Reeves,2008,Action,0 days 01:24:00,The Brattle,2025-09-25,9:30 PM,12064359,Cloverfield,exact_year,English,English listed
The Trouble with Harry,Alfred Hitchcock,1955,Comedy,0 days 01:39:00,Museum of Fine Arts,2025-09-25,7:00 PM,,,unresolved,,Unknown
Magic Mike XXL,Gregory Jacobs,2015,Comedy,0 days 01:55:00,Coolidge Corner Theatre,2025-09-25,9:45 PM,43719778,Magic Mike XXL,exact_title,English,English listed
Yen and Ai-Lee,Tom Lin,2024,Drama,0 days 01:47:00,The Brattle,2025-09-25,6:30 PM,,,unresolved,,Unknown
Midnight Run,Martin Brest,1988,Action,0 days 02:06:00,West Newton Cinema,2025-09-25,7:00 PM,1122030,Midnight Run,exact_film,English,English listed
8½,Federico Fellini,1963,Drama,0 days 02:19:00,The Brattle,2025-09-26,6:00 PM,318810,8½,exact_film,Italian,No English listed
The Rocky Horror Picture Show,Jim Sharman,1975,Comedy,0 days 01:40:00,Somerville Theatre,2025-09-26,11:59 PM,,,unresolved,,Unknown
Singin' in the Rain,"Stanley Donen, Gene Kelly",1952,Comedy,0 days 01:43:00,Capitol Theatre,2025-09-26,7:30 PM,1883157,Singin' in the Rain,exact_film,English,English listed
Hard Boiled,John Woo,1992,Action,0 days 02:06:00,Coolidge Corner Theatre,2025-09-26,11:59 PM,577618,Hard Boiled,exact_film,Cantonese,No English listed
The Muppets Take Manhattan,Frank Oz,1984,Romance,0 days 01:34:00,The Brattle,2025-09-26,3:30 PM,,,unresolved,,Unknown
Wife,Mikio Naruse,1953,Drama,0 days 01:36:00,Harvard Film Archive,2025-09-26,9:00 PM,43865754,Wife (film),exact_film,Japanese,No English listed
Late Chrysanthemums,Mikio Naruse,1954,Drama,0 days 01:41:00,Harvard Film Archive,2025-09-26,7:00 PM,18587615,Late Chrysanthemums,exact_title,Japanese,No English listed
Opening Night,John Cassavetes,1977,Drama,0 days 02:24:00,West Newton Cinema,2025-09-26,6:30 PM,2581818,Opening Night (1977 film),exact_year,English,English listed
Don't Torture a Duckling,Lucio Fulci,1972,Horror,0 days 01:45:00,The Brattle,2025-09-26,9:00 PM,11510742,Don't Torture a Duckling,exact_title,Italian,No English listed
8½,Federico Fellini,1963,Drama,0 days 02:19:00,The Brattle,2025-09-27,2:00 PM,318810,8½,exact_film,Italian,No English listed
The Big Heat,Fritz Lang,1953,Crime,0 days 01:29:00,The Brattle,2025-09-27,5:00 PM,1564113,The Big Heat,exact_title,English,English listed
Lightning,Mikio Naruse,1952,Drama,0 days 01:27:00,Harvard Film Archive,2025-09-27,7:00 PM,23208313,Lightning (1952 film),exact_year,Japanese,No English listed
Repast,Mikio Naruse,1951,Drama,0 days 01:37:00,Harvard Film Archive,2025-09-27,9:00 PM,6584492,Repast (film),exact_film,Japanese,No English listed
Pink Narcissus,James Bidgood,1971,Drama,0 days 01:09:00,The Brattle,2025-09-27,9:45 PM,,,unresolved,,Unknown
The Rocky Horror Picture Show,Jim Sharman,1975,Comedy,0 days 01:40:00,Coolidge Corner Theatre,2025-09-27,11:59 PM,,,unresolved,,Unknown
Bullet in the Head,John Woo,1990,Action,0 days 02:11:00,Coolidge Corner Theatre,2025-09-27,11:59 PM,1862671,Bullet in the Head,exact_title,Cantonese; English; French; Vietnamese,English listed
Shane,George Stevens,1953,Drama,0 days 01:58:00,Capitol Theatre,2025-09-27,7:30 PM,76351,Shane (film),exact_film,English,English listed
Fleischer Fairy Tales,Max Fleischer,1931,Animation,0 days 01:05:00,The Brattle,2025-09-27,12:00 PM,,,unresolved,,Unknown
Thief,Michael Mann,1981,Crime,0 days 02:03:00,The Brattle,2025-09-27,7:00 PM,1330774,Thief (film),exact_year,English,English listed
Christopher Strong,Dorothy Arzner,1933,Drama,0 days 01:18:00,The Brattle,2025-09-28,1:30 PM,1958815,Christopher Strong,exact_title,English,English listed
Wife,Mikio Naruse,1953,Drama,0 days 01:36:00,Harvard Film Archive,2025-09-28,7:00 PM,43865754,Wife (film),exact_film,Japanese,No English listed
Four Nights of a Dreamer,Robert Bresson,1972,Drama,0 days 01:22:00,The Brattle,2025-09-28,8:00 PM,18555807,Four Nights of a Dreamer,exact_title,French,No English listed
Late Chrysanthemums,Mikio Naruse,1954,Drama,0 days 01:41:00,Harvard Film Archive,2025-09-28,3:00 PM,18587615,Late Chrysanthemums,exact_title,Japanese,No English listed
The Sealed Soil,Marva Nabili,1977,Drama,0 days 01:30:00,The Brattle,2025-09-28,4:00 PM,,,unresolved,,Unknown
Late Chrysanthemums,Mikio Naruse,1954,Drama,0 days 01:41:00,Coolidge Corner Theatre,2025-09-28,3:00 PM,18587615,Late Chrysanthemums,exact_title,Japanese,No English listed
Shanghai Express,Josef von Sternberg,1932,Drama,0 days 01:22:00,The Brattle,2025-09-28,6:00 PM,61061,Shanghai Express (film),exact_film,English,English listed
Snow White,J. Searle Dawley,1916,Fantasy,0 days 01:03:00,West Newton Cinema,2025-09-29,7:00 PM,2826225,Snow White (1916 film),exact_year,Silent (English intertitles),English listed
M,Fritz Lang,1931,Drama,0 days 01:51:00,Coolidge Corner Theatre,2025-09-29,7:00 PM,66322,M (1931 film),exact_year,German,No English listed
Repast,Mikio Naruse,1951,Drama,0 days 01:37:00,Harvard Film Archive,2025-09-29,7:00 PM,6584492,Repast (film),exact_film,Japanese,No English listed
Pat Garrett & Billy the Kid,Sam Peckinpah,1973,Western,0 days 01:55:00,The Brattle,2025-09-29,8:30 PM,,,unresolved,,Unknown
The Gold Rush,Charlie Chaplin,1925,Adventure,0 days 01:35:00,The Brattle,2025-09-29,4:00 PM,73882,The Gold Rush,exact_film,Silent film; English intertitles,English listed
7th Heaven,Frank Borzage,1927,Drama,0 days 01:59:00,The Brattle,2025-09-29,6:00 PM,61049,7th Heaven (1927 film),exact_year,Sound (Synchronized) (English intertitles),English listed
Lifeboat,Alfred Hitchcock,1944,War,0 days 01:36:00,The Brattle,2025-09-30,6:00 PM,264869,Lifeboat (1944 film),exact_year,English; German,English listed
Hour of the Wolf,Ingmar Bergman,1968,Drama,0 days 01:28:00,Coolidge Corner Theatre,2025-09-30,7:00 PM,1724742,Hour of the Wolf,exact_title,Swedish,No English listed
Golden Eighties,Chantal Akerman,1986,Music,0 days 01:36:00,The Brattle,2025-09-30,8:30 PM,64325894,Golden Eighties,exact_title,French,No English listed
The Sealed Soil,Marva Nabili,1977,Drama,0 days 01:30:00,The Brattle,2025-10-01,8:00 PM,,,unresolved,,Unknown
Heightened Scrutiny,Sam Feder,2025,Documentary,0 days 01:29:00,Coolidge Corner Theatre,2025-10-01,7:15 PM,83347199,Heightened Scrutiny (film),exact_year,English,English listed
Amores Perros,Alejandro González Iñárritu,2000,Drama,0 days 02:34:00,The Brattle,2025-10-02,6:00 PM,,,unresolved,,Unknown
Rope,Alfred Hitchcock,1948,Thriller,0 days 01:21:00,Coolidge Corner Theatre,2025-10-02,7:00 PM,23477436,Rope (film),exact_year,English,English listed
Carrie,Brian De Palma,1976,Horror,0 days 01:38:00,The Brattle,2025-10-02,9:00 PM,4899791,Carrie (1976 film),exact_year,English,English listed
A Terra! The Cinema of Marta Mateus Program I,Various,1974,Drama,0 days 01:10:00,Harvard Film Archive,2025-10-03,7:00 PM,,,unresolved,,Unknown
Greed,Erich von Stroheim,1924,Drama,0 days 02:20:00,Harvard Film Archive,2025-10-03,8:30 PM,73930,Greed (1924 film),exact_year,plainlist|; Silent film; English intertitles,English listed
Linda Linda Linda,Nobuhiro Yamashita,2005,Comedy,0 days 01:54:00,The Brattle,2025-10-03,8:30 PM,7587190,Linda Linda Linda,exact_title,Japanese,No English listed
Psycho,Alfred Hitchcock,1960,Horror,0 days 01:49:00,Coolidge Corner Theatre,2025-10-03,11:59 PM,23880,Psycho (1960 film),exact_year,English,English listed
The Texas Chain Saw Massacre,Tobe Hooper,1974,Horror,0 days 01:23:00,Coolidge Corner Theatre,2025-10-04,11:59 PM,,,unresolved,,Unknown
Street Without End,Mikio Naruse,1934,Drama,0 days 01:27:00,Harvard Film Archive,2025-10-04,8:30 PM,,,unresolved,,Unknown
Linda Linda Linda,Nobuhiro Yamashita,2005,Comedy,0 days 01:54:00,The Brattle,2025-10-04,"1:30 PM, 6:30 PM",7587190,Linda Linda Linda,exact_title,Japanese,No English listed
Dilwale Dulhania Le Jayenge,Aditya Chopra,1995,Comedy,0 days 03:10:00,Coolidge Corner Theatre,2025-10-04,1:00 PM,274258,Dilwale Dulhania Le Jayenge,exact_year,Hindi,No English listed
Every-Night Dreams,Mikio Naruse,1933,Drama,0 days 01:05:00,Harvard Film Archive,2025-10-04,7:00 PM,37554282,Every-Night Dreams,exact_title,Japanese,No English listed
Lovers Rock,Steve McQueen,2020,Drama,0 days 01:13:00,Harvard Film Archive,2025-10-05,7:00 PM,64179486,Lovers Rock (2020 film),exact_year,English,English listed
Mangrove,Steve McQueen,2020,Drama,0 days 02:13:00,Harvard Film Archive,2025-10-05,3:00 PM,64179488,Mangrove (film),exact_film,English,English listed
Linda Linda Linda,Nobuhiro Yamashita,2005,Comedy,0 days 01:54:00,The Brattle,2025-10-05,"3:30 PM, 8:30 PM",7587190,Linda Linda Linda,exact_title,Japanese,No English listed
Jane Austen Wrecked My Life,Laura Piani,2025,Comedy,0 days 01:38:00,West Newton Cinema,2025-10-05,4:00 PM,77791089,Jane Austen Wrecked My Life,exact_title,Plainlist|; French; English,English listed
The Day a Pig Fell Into the Well,Hong Sang-soo,1996,Drama,0 days 01:57:00,Harvard Film Archive,2025-10-06,7:00 PM,3603641,The Day a Pig Fell into the Well,exact_film,Korean,No English listed
The Spirit of the Beehive,Víctor Erice,1973,Drama,0 days 01:38:00,Coolidge Corner Theatre,2025-10-06,7:00 PM,,,unresolved,,Unknown
Linda Linda Linda,Nobuhiro Yamashita,2005,Comedy,0 days 01:54:00,The Brattle,2025-10-06,6:00 PM,7587190,Linda Linda Linda,exact_title,Japanese,No English listed
Carnival of Souls,Herk Harvey,1962,Horror,0 days 01:18:00,Coolidge Corner Theatre,2025-10-07,7:00 PM,1100688,Carnival of Souls,exact_year,English,English listed
Linda Linda Linda,Nobuhiro Yamashita,2005,Comedy,0 days 01:54:00,The Brattle,2025-10-08,6:00 PM,7587190,Linda Linda Linda,exact_title,Japanese,No English listed
Repulsion,Roman Polanski,1965,Drama,0 days 01:45:00,Coolidge Corner Theatre,2025-10-08,7:00 PM,1001142,Repulsion (film),exact_film,English,English listed
Madonna: Truth or Dare,Alek Keshishian,1991,Music,0 days 02:00:00,Coolidge Corner Theatre,2025-10-09,7:00 PM,5461236,Madonna: Truth or Dare,exact_title,English,English listed
Prom Night,Paul Lynch,1980,Horror,0 days 01:33:00,Coolidge Corner Theatre,2025-10-10,11:59 PM,2497347,Prom Night (1980 film),exact_year,English,English listed
Nosferatu,F. W. Murnau,1922,Horror,0 days 01:35:00,Capitol Theatre,2025-10-10,7:00 PM,82423,Nosferatu,exact_year,plainlist|; Silent film; German intertitles,No English listed
Our Sunhi,Hong Sang-soo,2013,Romance,0 days 01:29:00,Harvard Film Archive,2025-10-10,9:15 PM,,,unresolved,,Unknown
12 Angry Men,Sidney Lumet,1957,Drama,0 days 01:37:00,Capitol Theatre,2025-10-10,3:00 PM,92605,12 Angry Men,exact_year,English,English listed
By the Stream,Hong Sang-soo,2024,Drama,0 days 01:51:00,Harvard Film Archive,2025-10-10,7:00 PM,77327003,By the Stream,exact_title,Korean,No English listed
Gosford Park,Robert Altman,2001,Drama,0 days 02:17:00,Museum of Fine Arts,2025-10-11,2:30 PM,142476,Gosford Park,exact_title,English,English listed
"Suddenly, Last Summer",Joseph L. Mankiewicz,1959,Thriller,0 days 01:54:00,Harvard Film Archive,2025-10-11,7:00 PM,7771844,"Suddenly, Last Summer (film)",exact_film,English,English listed
I Accuse!,José Ferrer,1958,Drama,0 days 01:39:00,Harvard Film Archive,2025-10-11,9:30 PM,22811714,I Accuse!,exact_title,English,English listed
The Prowler,Joseph Zito,1981,Horror,0 days 01:29:00,Coolidge Corner Theatre,2025-10-11,11:59 PM,9489391,The Prowler (1981 film),exact_year,English,English listed
"Red, White and Blue",Steve McQueen,2020,Drama,0 days 01:20:00,Harvard Film Archive,2025-10-12,7:00 PM,65968147,"Red, White and Blue (2020 film)",exact_year,English,English listed
Diabolique,Henri-Georges Clouzot,1955,Thriller,0 days 01:57:00,Coolidge Corner Theatre,2025-10-12,2:00 PM,152749,Les Diaboliques (film),exact_year,French,No English listed
"Suddenly, Last Summer",Joseph L. Mankiewicz,1959,Thriller,0 days 01:54:00,Harvard Film Archive,2025-10-12,3:00 PM,7771844,"Suddenly, Last Summer (film)",exact_film,English,English listed
A Terra! The Cinema of Marta Mateus Program III,Various,1962,Drama,0 days 01:25:00,Harvard Film Archive,2025-10-13,7:00 PM,,,unresolved,,Unknown
The Phantom of the Opera,Rupert Julian,1925,Horror,0 days 01:47:00,Coolidge Corner Theatre,2025-10-13,7:00 PM,308930,The Phantom of the Opera (1925 film),exact_year,Silent (English intertitles),English listed
The Lost Boys,Joel Schumacher,1987,Horror,0 days 01:37:00,The Brattle,2025-10-13,6:00 PM,673472,The Lost Boys,exact_film,English,English listed
Possession,Andrzej Żuławski,1981,Horror,0 days 02:04:00,Coolidge Corner Theatre,2025-10-14,7:00 PM,5542682,Possession (1981 film),exact_year,English,English listed
Simple Men,Hal Hartley,1992,Crime,0 days 01:45:00,The Brattle,2025-10-15,4:00 PM,,,unresolved,,Unknown
The Unbelievable Truth,Hal Hartley,1990,Comedy,0 days 01:30:00,The Brattle,2025-10-15,6:15 PM,7760868,The Unbelievable Truth (film),exact_film,English,English listed
Kwaidan,Masaki Kobayashi,1965,Horror,0 days 03:03:00,Coolidge Corner Theatre,2025-10-15,7:00 PM,1268511,Kwaidan (film),exact_film,Japanese,No English listed
I Know What You Did Last Summer,Jim Gillespie,1997,Horror,0 days 01:40:00,The Speedway,2025-10-15,8:00 PM,255049,I Know What You Did Last Summer,exact_year,English,English listed
Trust,Hal Hartley,1990,Drama,0 days 01:47:00,The Brattle,2025-10-15,8:15 PM,4056928,Trust (1990 film),exact_year,,Unknown
Under the Skin,Jonathan Glazer,2014,Thriller,0 days 01:48:00,Coolidge Corner Theatre,2025-10-21,7:00 PM,39502001,Under the Skin (2013 film),exact_year,English,English listed
The Fog,John Carpenter,1980,Horror,0 days 01:30:00,Somerville Theatre,2025-10-21,7:30 PM,1443093,The Fog,exact_year,English,English listed
Mad Monster Party?,Jules Bass,1967,Animation,0 days 01:35:00,Somerville Theatre,2025-10-22,7:30 PM,7392111,Mad Monster Party?,exact_title,English,English listed
Child's Play 2,John Lafia,1990,Horror,0 days 01:24:00,Coolidge Corner Theatre,2025-10-23,9:30 PM,534812,Child's Play 2,exact_title,English,English listed
Frankenstein,James Whale,1931,Drama,0 days 01:10:00,West Newton Cinema,2025-10-23,7:00 PM,73488,Frankenstein (1931 film),exact_year,English,English listed
The Devil's Backbone,Guillermo del Toro,2001,Fantasy,0 days 01:48:00,Coolidge Corner Theatre,2025-10-23,7:00 PM,5523710,The Devil's Backbone,exact_title,Spanish,No English listed
Practical Magic,Griffin Dunne,1998,Romance,0 days 01:44:00,The Brattle,2025-10-23,5:30 PM,89445,Practical Magic,exact_title,English,English listed
The Crowd,King Vidor,1928,Drama,0 days 01:38:00,Coolidge Corner Theatre,2025-10-23,4:00 PM,928593,The Crowd (1928 film),exact_year,Silent (English intertitles),English listed
Gods and Monsters,Bill Condon,1998,Drama,0 days 01:45:00,The Brattle,2025-10-24,3:30 PM,171555,Gods and Monsters (film),exact_film,English,English listed
Brother and Sister,Mikio Naruse,1953,Drama,0 days 01:26:00,Harvard Film Archive,2025-10-24,7:00 PM,,,unresolved,,Unknown
Days of Wine and Roses,Blake Edwards,1963,Drama,0 days 01:57:00,West Newton Cinema,2025-10-24,7:00 PM,161866,Days of Wine and Roses (film),exact_film,English,English listed
Moment of Terror,Mikio Naruse,1966,Crime,0 days 01:40:00,Harvard Film Archive,2025-10-24,9:00 PM,,,unresolved,,Unknown
The Rocky Horror Picture Show,Jim Sharman,1975,Comedy,0 days 01:40:00,Coolidge Corner Theatre,2025-10-24,11:59 PM,,,unresolved,,Unknown
24th Halloween Horror Marathon,Various,2025,Horror,0 days 12:00:00,Coolidge Corner Theatre,2025-10-25,11:30 PM,,,unresolved,,Unknown
Fire of Wind,Marta Mateus,2024,Drama,0 days 01:12:00,Harvard Film Archive,2025-10-25,7:00 PM,,,unresolved,,Unknown
Some Like It Hot,Billy Wilder,1959,Comedy,0 days 02:02:00,West Newton Cinema,2025-10-25,6:15 PM,76366,Some Like It Hot,exact_film,English,English listed
E.T. the Extra-Terrestrial,Steven Spielberg,1982,SciFi,0 days 01:55:00,Coolidge Corner Theatre,2025-10-25,10:30 AM,73441,E.T. the Extra-Terrestrial,exact_title,English,English listed
The Tender Bar,George Clooney,2021,Drama,0 days 01:44:00,Somerville Theatre,2025-10-25,1:00 PM,66061508,The Tender Bar (film),exact_film,English,English listed
The Apartment,Billy Wilder,1960,Comedy,0 days 02:05:00,West Newton Cinema,2025-10-25,3:20 PM,43849,The Apartment,exact_year,English,English listed
Hotel Transylvania,Genndy Tartakovsky,2012,Animation,0 days 01:31:00,West Newton Cinema,2025-10-26,11:00 AM,31327794,Hotel Transylvania (film),exact_year,English,English listed
The Odd Couple,Gene Saks,1968,Comedy,0 days 01:46:00,West Newton Cinema,2025-10-26,1:00 PM,6492614,The Odd Couple (film),exact_film,English,English listed
A Girl Walks Home Alone at Night,Ana Lily Amirpour,2014,Horror,0 days 01:41:00,Coolidge Corner Theatre,2025-10-26,2:00 PM,41301968,A Girl Walks Home Alone at Night,exact_title,Persian,No English listed
I Accuse!,José Ferrer,1958,Drama,0 days 01:39:00,Harvard Film Archive,2025-10-26,3:00 PM,22811714,I Accuse!,exact_title,English,English listed
The Woman Who Ran,Hong Sang-soo,2020,Drama,0 days 01:17:00,Harvard Film Archive,2025-10-26,7:00 PM,,,unresolved,,Unknown
Jonathan,Hans W. Geißendörfer,1970,Horror,0 days 01:37:00,The Brattle,2025-10-27,6:30 PM,38024097,Jonathan (1970 film),exact_year,German,No English listed
"Farpões, baldios / O Pão","Marta Mateus, Manoel de Oliveira",1963,Drama,0 days 00:47:00,Harvard Film Archive,2025-10-27,7:00 PM,,,unresolved,,Unknown
Ed Wood,Tim Burton,1994,Comedy,0 days 02:07:00,Coolidge Corner Theatre,2025-10-27,7:00 PM,528464,Ed Wood (film),exact_film,English,English listed
The Omen,Richard Donner,1976,Horror,0 days 01:51:00,Somerville Theatre,2025-10-27,7:30 PM,186856,The Omen,exact_year,English,English listed
Lady Dracula,Franz Josef Gottlieb,1977,Comedy,0 days 01:19:00,The Brattle,2025-10-27,9:00 PM,62067684,Lady Dracula,exact_title,German,No English listed
A Terra! The Cinema of Marta Mateus Program III,Various,1962,Drama,0 days 01:25:00,Harvard Film Archive,2025-10-27,9:00 PM,,,unresolved,,Unknown
Re-Animator,Stuart Gordon,1985,SciFi,0 days 01:26:00,Somerville Theatre,2025-10-28,9:30 PM,,,unresolved,,Unknown
Tenderness of the Wolves,Ulli Lommel,1973,Horror,0 days 01:22:00,The Brattle,2025-10-28,9:00 PM,,,unresolved,,Unknown
A Nightmare on Elm Street 3: Dream Warriors,Chuck Russell,1987,Horror,0 days 01:36:00,The Brattle,2025-10-28,6:00 PM,3037946,A Nightmare on Elm Street 3: Dream Warriors,exact_title,English,English listed
Ghostbusters,Ivan Reitman,1984,Comedy,0 days 01:47:00,Somerville Theatre,2025-10-28,7:00 PM,205013,Ghostbusters,exact_year,English,English listed
The Substance,Coralie Fargeat,2024,Horror,0 days 02:21:00,Coolidge Corner Theatre,2025-10-28,7:00 PM,70519613,The Substance,exact_film,English,English listed
Tigers Are Not Afraid,Issa López,2017,Fantasy,0 days 01:23:00,The Brattle,2025-10-29,5:00 PM,61595904,Tigers Are Not Afraid,exact_film,es,No English listed
Candyman,Nia DaCosta,2021,Horror,0 days 01:31:00,Coolidge Corner Theatre,2025-10-29,7:00 PM,62150510,Candyman (2021 film),exact_year,English,English listed
The Witches of Eastwick,George Miller,1987,Comedy,0 days 01:58:00,Somerville Theatre,2025-10-29,7:00 PM,5526366,The Witches of Eastwick (film),exact_film,English,English listed
Oddity,Damian McCarthy,2024,Horror,0 days 01:38:00,The Brattle,2025-10-29,7:00 PM,76591225,Oddity (film),exact_film,English,English listed
Mandy,Panos Cosmatos,2018,Fantasy,0 days 02:02:00,The Brattle,2025-10-29,9:15 PM,56359151,Mandy (2018 film),exact_year,English,English listed
Wolf,Mike Nichols,1994,Horror,0 days 02:05:00,Somerville Theatre,2025-10-29,9:20 PM,686022,Wolf (1994 film),exact_year,English,English listed
The Crow,Alex Proyas,1994,Fantasy,0 days 01:42:00,The Brattle,2025-10-30,10:30 PM,406339,The Crow (1994 film),exact_year,English,English listed
Scary Movie,Keenen Ivory Wayans,2000,Comedy,0 days 01:28:00,Coolidge Corner Theatre,2025-10-30,9:30 PM,277667,Scary Movie,exact_year,English,English listed
The Silence of the Lambs,Jonathan Demme,1991,Crime,0 days 01:59:00,Somerville Theatre,2025-10-30,9:20 PM,30006,The Silence of the Lambs (film),exact_film,English,English listed
Elvira: Mistress of the Dark,James Signorelli,1988,Comedy,0 days 01:36:00,Coolidge Corner Theatre,2025-10-30,7:00 PM,4227273,Elvira: Mistress of the Dark (film),exact_film,English,English listed
Copycat,Jon Amiel,1995,Thriller,0 days 02:04:00,Somerville Theatre,2025-10-30,7:00 PM,3154773,Copycat (1995 film),exact_year,English,English listed
The Pit and the Pendulum,Roger Corman,1961,Horror,0 days 01:21:00,Capitol Theatre,2025-10-30,7:30 PM,5422414,The Pit and the Pendulum (1961 film),exact_year,English,English listed
Halloween,John Carpenter,1978,Horror,0 days 01:31:00,Coolidge Corner Theatre,2025-10-31,11:59 PM,20179415,Halloween (1978 film),exact_year,English,English listed
Phantasm,Don Coscarelli,1979,Horror,0 days 01:29:00,Capitol Theatre,2025-10-31,9:10 PM,1802400,Phantasm (film),exact_film,English,English listed
The Rocky Horror Picture Show,Jim Sharman,1975,Comedy,0 days 01:40:00,Somerville Theatre,2025-10-31,9:00 PM,,,unresolved,,Unknown
The Song Lantern,Mikio Naruse,1943,Drama,0 days 01:33:00,Harvard Film Archive,2025-10-31,9:00 PM,,,unresolved,,Unknown
Ginza Cosmetics,Mikio Naruse,1951,Drama,0 days 01:27:00,Harvard Film Archive,2025-10-31,7:00 PM,31731713,Ginza Cosmetics,exact_title,Japanese,No English listed
Psycho,Alfred Hitchcock,1960,Horror,0 days 01:49:00,Capitol Theatre,2025-10-31,7:00 PM,23880,Psycho (1960 film),exact_year,English,English listed
Bram Stoker's Dracula,Francis Ford Coppola,1992,Romance,0 days 02:08:00,The Brattle,2025-10-31,3:30 PM,337740,Bram Stoker's Dracula (1992 film),exact_year,English,English listed
Arsenic and Old Lace,Frank Capra,1944,Comedy,0 days 01:58:00,West Newton Cinema,2025-10-31,1:00 PM,787704,Arsenic and Old Lace (film),exact_film,English,English listed
Sinners,Ryan Coogler,2025,Horror,0 days 02:18:00,Museum of Fine Arts,2025-10-31,7:00 PM,75895455,Sinners (2025 film),exact_year,English,English listed
Fairyland,Andrew Durham,2023,Drama,0 days 01:54:00,Coolidge Corner Theatre,2025-11-01,2:00 PM,71693627,Fairyland (film),exact_film,Plainlist|; English; French,English listed
"Learn from Experience, Part One",Mikio Naruse,1937,Drama,0 days 01:18:00,Harvard Film Archive,2025-11-01,7:00 PM,,,unresolved,,Unknown
A Hard Day's Night,Richard Lester,1964,Comedy,0 days 01:28:00,Capitol Theatre,2025-11-01,7:30 PM,248601,A Hard Day's Night (film),exact_film,English,English listed
"Learn from Experience, Part Two",Mikio Naruse,1937,Drama,0 days 01:19:00,Harvard Film Archive,2025-11-01,8:45 PM,,,unresolved,,Unknown
Halloween II,Rob Zombie,2009,Horror,0 days 01:45:00,Coolidge Corner Theatre,2025-11-01,11:59 PM,20736730,Halloween II (2009 film),exact_year,English,English listed
The Road I Travel With You / Avalanche,Mikio Naruse,1936,Drama,0 days 02:08:00,Harvard Film Archive,2025-11-02,7:00 PM,,,unresolved,,Unknown
6-A Akash Ganga,Nirmal Chander,2023,Documentary,0 days 02:00:00,Coolidge Corner Theatre,2025-11-02,2:00 PM,,,unresolved,,Unknown
The Thomas Crown Affair,Norman Jewison,1968,Crime,0 days 01:42:00,Museum of Fine Arts,2025-11-02,2:30 PM,2367145,The Thomas Crown Affair (1968 film),exact_year,English,English listed
Our Sunhi,Hong Sang-soo,2013,Romance,0 days 01:29:00,Harvard Film Archive,2025-11-02,3:00 PM,,,unresolved,,Unknown
The Wiser Age,Mikio Naruse,1962,Drama,0 days 01:51:00,Harvard Film Archive,2025-11-03,8:15 PM,,,unresolved,,Unknown
No! YOU'RE WRONG. or: Spooky Action at a Distance,Crispin Glover,2025,,0 days 01:25:00,Coolidge Corner Theatre,2025-11-03,7:00 PM,,,unresolved,,Unknown
The Girl in the Rumor,Mikio Naruse,1935,Drama,0 days 00:55:00,Harvard Film Archive,2025-11-03,7:00 PM,,,unresolved,,Unknown
Au Hasard Balthazar,Robert Bresson,1966,Drama,0 days 01:36:00,Coolidge Corner Theatre,2025-11-06,7:00 PM,,,unresolved,,Unknown
Love Story,Arthur Hiller,1970,Romance,0 days 01:39:00,Capitol Theatre,2025-11-06,7:30 PM,99461,Love Story (1970 film),exact_year,English,English listed
Donnie Darko,Richard Kelly,2001,Fantasy,0 days 01:54:00,Coolidge Corner Theatre,2025-11-06,9:45 PM,57820,Donnie Darko,exact_year,English,English listed
Let Us Live,John Brahm,1939,Crime,0 days 01:05:00,Harvard Film Archive,2025-11-07,7:00 PM,33000092,Let Us Live,exact_title,English,English listed
"There Was, There Was Not",Emily Mkrtichian,2025,Documentary,0 days 01:35:00,West Newton Cinema,2025-11-07,7:00 PM,,,unresolved,,Unknown
The Sting,George Roy Hill,1973,Comedy,0 days 02:09:00,Capitol Theatre,2025-11-07,7:30 PM,62440,The Sting,exact_film,English,English listed
Washington Merry-Go-Round,James Cruze,1932,Drama,0 days 01:19:00,Harvard Film Archive,2025-11-07,8:45 PM,39674347,Washington Merry-Go-Round (film),exact_film,English,English listed
The Brave Bulls,Robert Rossen,1951,Drama,0 days 01:47:00,Harvard Film Archive,2025-11-08,9:00 PM,48139564,The Brave Bulls (film),exact_film,English,English listed
Saturday Night Fever,John Badham,1977,Music,0 days 01:58:00,Capitol Theatre,2025-11-08,7:30 PM,54175,Saturday Night Fever,exact_title,English,English listed
Miracle in Milan / Killer of Sheep,"Vittorio De Sica, Charles Burnett",1951,Drama,0 days 03:04:00,Harvard Film Archive,2025-11-08,2:00 PM,,,unresolved,,Unknown
GODZILLATHON,Various,1954,Horror,0 days 11:40:00,Somerville Theatre,2025-11-08,2:00 PM,,,unresolved,,Unknown
Address Unknown,William Cameron Menzies,1944,Drama,0 days 01:15:00,Harvard Film Archive,2025-11-08,7:00 PM,20760084,Address Unknown (1944 film),exact_year,English,English listed
Under Age / Girls Under 21,"Edward Dmytryk, Max Nosseck",1940,Drama,0 days 02:43:00,Harvard Film Archive,2025-11-09,7:00 PM,,,unresolved,,Unknown
Amar Akbar Anthony,Manmohan Desai,1977,Action,0 days 03:04:00,Coolidge Corner Theatre,2025-11-09,1:00 PM,1205729,Amar Akbar Anthony,exact_year,Hindi; Urdu,No English listed
The Day a Pig Fell Into the Well,Hong Sang-soo,1996,Drama,0 days 01:57:00,Harvard Film Archive,2025-11-09,3:00 PM,3603641,The Day a Pig Fell into the Well,exact_film,Korean,No English listed
The Muppet Movie,James Frawley,1979,Comedy,0 days 01:37:00,Capitol Theatre,2025-11-09,4:00 PM,,,unresolved,,Unknown
Jordan Belson by Raymond Foye - Program i,Jordan Belson,1951,Animation,0 days 00:51:00,Harvard Film Archive,2025-11-10,7:00 PM,,,unresolved,,Unknown
The Grapes of Wrath,John Ford,1940,Drama,0 days 02:09:00,Coolidge Corner Theatre,2025-11-10,7:00 PM,4350811,The Grapes of Wrath (film),exact_film,English,English listed
You've Got Mail,Nora Ephron,1998,Comedy,0 days 01:59:00,Coolidge Corner Theatre,2025-11-13,7:00 PM,158982,You've Got Mail,exact_film,English,English listed
Network,Sidney Lumet,1976,Drama,0 days 02:02:00,Capitol Theatre,2025-11-13,7:30 PM,101935,Network (1976 film),exact_year,English,English listed
Mysterious Intruder,William Castle,1946,Mystery,0 days 01:01:00,Harvard Film Archive,2025-11-14,7:00 PM,39976667,Mysterious Intruder,exact_title,English,English listed
E.T. the Extra-Terrestrial,Steven Spielberg,1982,SciFi,0 days 01:55:00,Capitol Theatre,2025-11-14,7:00 PM,73441,E.T. the Extra-Terrestrial,exact_title,English,English listed
Ladies in Retirement,Charles Vidor,1941,Drama,0 days 01:31:00,Harvard Film Archive,2025-11-14,8:30 PM,10872789,Ladies in Retirement,exact_title,English,English listed
Gunman's Walk,Phil Karlson,1958,Western,0 days 01:37:00,Harvard Film Archive,2025-11-15,7:00 PM,32812378,Gunman's Walk,exact_title,English,English listed
Thunderhoof,Phil Karlson,1948,Romance,0 days 01:17:00,Harvard Film Archive,2025-11-15,9:00 PM,63526212,Thunderhoof (film),exact_film,English,English listed
Smoke Signals,Chris Eyre,1998,Drama,0 days 01:29:00,West Newton Cinema,2025-11-27,"12:45 PM, 8:15 PM",1469880,Smoke Signals (film),exact_film,English,English listed
Home Alone,Chris Columbus,1990,Comedy,0 days 01:43:00,The Brattle,2025-11-27,"2:45 PM, 7:00 PM",216072,Home Alone,exact_film,English,English listed
Risky Business,Paul Brickman,1983,Romance,0 days 01:38:00,The Brattle,2025-11-27,"4:45 PM, 9:00 PM",561226,Risky Business,exact_year,English,English listed
Poltergeist III,Gary Sherman,1988,Horror,0 days 01:38:00,The Brattle,2025-11-28,8:00 PM,,,unresolved,,Unknown
Child's Play,Tom Holland,1988,Horror,0 days 01:27:00,The Brattle,2025-11-28,"6:00 PM, 10:00 PM",534792,Child's Play (1988 film),exact_year,English,English listed
The Visit,M. Night Shyamalan,2015,Horror,0 days 01:34:00,Coolidge Corner Theatre,2025-11-28,11:59 PM,,,unresolved,,Unknown
They Live,John Carpenter,1988,SciFi,0 days 01:33:00,The Brattle,2025-11-28,1:15 PM,342556,They Live,exact_film,English,English listed
Josie and the Pussycats,"Deborah Kaplan, Harry Elfont",2001,Comedy,0 days 01:38:00,The Brattle,2025-11-28,3:30 PM,754323,Josie and the Pussycats (film),exact_film,English,English listed
Trap,M. Night Shyamalan,2024,Crime,0 days 01:45:00,Coolidge Corner Theatre,2025-11-29,11:59 PM,71946032,Trap (2024 film),exact_year,English,English listed
The Fugitive,Andrew Davis,1993,Action,0 days 02:11:00,The Brattle,2025-11-29,"3:30 PM, 8:45 PM",1822067,The Fugitive (1993 film),exact_year,English,English listed
Where the Wild Things Are,Spike Jonze,2009,Fantasy,0 days 01:41:00,Coolidge Corner Theatre,2025-11-29,10:30 AM,3677015,Where the Wild Things Are (film),exact_film,English,English listed
The Untouchables,Brian De Palma,1987,Crime,0 days 01:59:00,The Brattle,2025-11-29,"1:00 PM, 6:15 PM",3842730,The Untouchables (film),exact_year,English,English listed
Ben-Hur,William Wyler,1959,History,0 days 03:42:00,Harvard Film Archive,2025-11-29,2:00 PM,1343342,Ben-Hur (1959 film),exact_year,English,English listed
Where the Wild Things Are,Spike Jonze,2009,Fantasy,0 days 01:41:00,Coolidge Corner Theatre,2025-11-30,10:30 AM,3677015,Where the Wild Things Are (film),exact_film,English,English listed
Call Northside 777,Henry Hathaway,1948,Crime,0 days 01:51:00,The Brattle,2025-11-30,1:00 PM,1611590,Call Northside 777,exact_title,English,English listed
Boyhood,Richard Linklater,2014,Drama,0 days 02:46:00,Coolidge Corner Theatre,2025-11-30,1:00 PM,11055577,Boyhood (2014 film),exact_year,English,English listed
Ben-Hur,William Wyler,1959,History,0 days 03:42:00,Harvard Film Archive,2025-11-30,2:00 PM,1343342,Ben-Hur (1959 film),exact_year,English,English listed
Love Jones,Theodore Witcher,1997,Comedy,0 days 01:48:00,The Brattle,2025-11-30,"3:45 PM, 8:30 PM",2812852,Love Jones (film),exact_year,English,English listed
About Last Night...,Edward Zwick,1986,Comedy,0 days 01:53:00,The Brattle,2025-11-30,6:00 PM,,,unresolved,,Unknown
Cooley High,Michael Schultz,1975,Comedy,0 days 01:47:00,The Brattle,2025-12-01,"4:00 PM, 6:30 PM",1692374,Cooley High,exact_title,English,English listed
Master and Commander: The Far Side of the World,Peter Weir,2003,Adventure,0 days 02:18:00,Coolidge Corner Theatre,2025-12-01,7:00 PM,,,unresolved,,Unknown
Myra Breckinridge,Michael Sarne,1970,Comedy,0 days 01:34:00,Harvard Film Archive,2025-12-01,7:00 PM,6782517,Myra Breckinridge (film),exact_film,English,English listed
Candyman,Nia DaCosta,2021,Horror,0 days 01:31:00,The Brattle,2025-12-01,9:00 PM,62150510,Candyman (2021 film),exact_year,English,English listed
Go Fish,Rose Troche,1994,Drama,0 days 01:23:00,The Brattle,2025-12-02,"6:00 PM, 8:00 PM",6721185,Go Fish (film),exact_film,English,English listed
Nirvanna the Band the Show the Movie,Matt Johnson,2026,Comedy,0 days 01:40:00,Coolidge Corner Theatre,2025-12-02,7:00 PM,,,unresolved,,Unknown
Jupiter Ascending,"Lana Wachowski, Lilly Wachowski",2015,SciFi,0 days 02:07:00,The Brattle,2025-12-03,8:30 PM,37599043,Jupiter Ascending,exact_film,English,English listed
High Fidelity,Stephen Frears,2000,Drama,0 days 01:53:00,The Brattle,2025-12-03,6:00 PM,160047,High Fidelity (film),exact_film,English,English listed
Blue Moon,Richard Linklater,2025,Comedy,0 days 01:40:00,Coolidge Corner Theatre,2025-12-03,"2:00 PM, 2:30 PM",77178873,Blue Moon (2025 film),exact_year,English,English listed
Hundreds of Beavers,Mike Cheslik,2024,Comedy,0 days 01:48:00,Somerville Theatre,2025-12-03,"6:00 PM, 8:20 PM",76208655,Hundreds of Beavers,exact_title,English,English listed
Nimona,"Nick Bruno, Troy Quane",2023,Adventure,0 days 01:39:00,Coolidge Corner Theatre,2025-12-04,6:00 PM,70090285,Nimona (film),exact_year,English,English listed
8 Women,François Ozon,2002,Comedy,0 days 01:51:00,Museum of Fine Arts,2025-12-04,7:00 PM,2594435,8 Women,exact_title,French,No English listed
Carol,Todd Haynes,2015,Romance,0 days 01:58:00,Coolidge Corner Theatre,2025-12-04,9:30 PM,39562051,Carol (film),exact_year,English,English listed
Yi Yi,Edward Yang,2000,Drama,0 days 02:53:00,The Brattle,2025-12-05,6:00 PM,3710372,Yi Yi,exact_year,Mandarin; Taiwanese Hokkien; Japanese; English,English listed
Don Hertzfeldt’s Animation Mixtape,Various,2025,Animation,0 days 01:25:00,The Brattle,2025-12-05,9:30 PM,,,unresolved,,Unknown
Commando,Mark L. Lester,1985,Action,0 days 01:30:00,Coolidge Corner Theatre,2025-12-05,11:59 PM,230483,Commando (1985 film),exact_year,English; Spanish,English listed
Devdas,Sanjay Leela Bhansali,2002,Drama,0 days 03:05:00,Coolidge Corner Theatre,2025-12-06,1:00 PM,,,unresolved,,Unknown
Yi Yi,Edward Yang,2000,Drama,0 days 02:53:00,The Brattle,2025-12-06,"2:30 PM, 6:00 PM",3710372,Yi Yi,exact_year,Mandarin; Taiwanese Hokkien; Japanese; English,English listed
Don Hertzfeldt’s Animation Mixtape,Various,2025,Animation,0 days 01:25:00,The Brattle,2025-12-06,9:30 PM,,,unresolved,,Unknown
Demolition Man,Marco Brambilla,1993,Crime,0 days 01:55:00,Coolidge Corner Theatre,2025-12-06,11:59 PM,548669,Demolition Man (film),exact_film,,Unknown
Best of RPM 2025,Various,2025,Documentary,0 days 01:30:00,The Brattle,2025-12-07,2:00 PM,,,unresolved,,Unknown
Yi Yi,Edward Yang,2000,Drama,0 days 02:53:00,The Brattle,2025-12-07,"4:30 PM, 8:00 PM",3710372,Yi Yi,exact_year,Mandarin; Taiwanese Hokkien; Japanese; English,English listed
Resurrection,Bi Gan,2025,Drama,0 days 02:40:00,Coolidge Corner Theatre,2025-12-08,6:30 PM,79910828,Resurrection (2025 film),exact_year,Mandarin,No English listed
Yi Yi,Edward Yang,2000,Drama,0 days 02:53:00,The Brattle,2025-12-08,3:00 PM,3710372,Yi Yi,exact_year,Mandarin; Taiwanese Hokkien; Japanese; English,English listed
None Shall Escape,André de Toth,1944,War,0 days 01:25:00,Harvard Film Archive,2025-12-08,7:00 PM,,,unresolved,,Unknown
Yi Yi,Edward Yang,2000,Drama,0 days 02:53:00,The Brattle,2025-12-09,8:00 PM,3710372,Yi Yi,exact_year,Mandarin; Taiwanese Hokkien; Japanese; English,English listed
Our Hospitality,"Buster Keaton, John G. Blystone",1923,Comedy,0 days 01:13:00,Coolidge Corner Theatre,2025-12-09,7:00 PM,,,unresolved,,Unknown
First Reformed,Paul Schrader,2018,Drama,0 days 01:53:00,Coolidge Corner Theatre,2025-12-10,7:00 PM,54729955,First Reformed,exact_film,English,English listed
Yi Yi,Edward Yang,2000,Drama,0 days 02:53:00,The Brattle,2025-12-10,7:30 PM,3710372,Yi Yi,exact_year,Mandarin; Taiwanese Hokkien; Japanese; English,English listed
We're No Angels,Michael Curtiz,1955,Comedy,0 days 01:46:00,The Brattle,2025-12-11,6:00 PM,3585054,We're No Angels (1955 film),exact_year,English; French,English listed
Tokyo Godfathers,Satoshi Kon,2003,Animation,0 days 01:32:00,Coolidge Corner Theatre,2025-12-11,7:00 PM,,,unresolved,,Unknown
We're No Angels,Neil Jordan,1989,Comedy,0 days 01:46:00,The Brattle,2025-12-11,8:30 PM,10587298,We're No Angels (1989 film),exact_year,English,English listed
Striptease,Andrew Bergman,1996,Comedy,0 days 01:55:00,Coolidge Corner Theatre,2025-12-12,11:59 PM,18943833,Striptease (film),exact_year,English,English listed
Don't Open Till Christmas,"Edmund Purdom, Alan Birkinshaw",1984,Thriller,0 days 01:27:00,The Brattle,2025-12-12,9:30 PM,,,unresolved,,Unknown
Together Again,Charles Vidor,1944,Comedy,0 days 01:33:00,Harvard Film Archive,2025-12-12,9:00 PM,27533931,Together Again (film),exact_film,English,English listed
My Sister Eileen,Alexander Hall,1942,Comedy,0 days 01:36:00,Harvard Film Archive,2025-12-12,7:00 PM,24067673,My Sister Eileen (1942 film),exact_year,English,English listed
It's a Wonderful Life,Frank Capra,1946,Drama,0 days 02:10:00,The Brattle,2025-12-12,"3:30 PM, 6:30 PM",60164,It's a Wonderful Life,exact_film,English,English listed
It's a Wonderful Life,Frank Capra,1946,Drama,0 days 02:10:00,The Brattle,2025-12-13,"12:00 PM, 3:00 PM, 6:00 PM",60164,It's a Wonderful Life,exact_film,English,English listed
Rebel Without a Cause / High School,"Nicholas Ray. Frederick Wiseman, Jack Kinney",1953,Drama,0 days 03:07:00,Harvard Film Archive,2025-12-13,2:00 PM,,,unresolved,,Unknown
The Librarians,Kim A. Snyder,2025,Documentary,0 days 01:32:00,Coolidge Corner Theatre,2025-12-13,2:00 PM,79003235,The Librarians (2025 film),exact_year,English,English listed
Women's Prison,Lewis Seiler,1955,Drama,0 days 01:19:00,Harvard Film Archive,2025-12-13,7:00 PM,33055398,Women's Prison (1955 film),exact_year,English,English listed
Pickup,Hugo Haas,1951,Drama,0 days 01:18:00,Harvard Film Archive,2025-12-13,9:00 PM,37126793,Pickup (1951 film),exact_year,English,English listed
Pumping Iron,"Robert Fiore, George Butler",1977,Documentary,0 days 01:26:00,Coolidge Corner Theatre,2025-12-13,11:59 PM,,,unresolved,,Unknown
None Shall Escape,André de Toth,1944,War,0 days 01:25:00,Harvard Film Archive,2025-12-14,7:00 PM,,,unresolved,,Unknown
Vanity Street / Three Wise Girls,"Nicholas Grinde, William Beaudine",1932,Drama,0 days 02:14:00,Harvard Film Archive,2025-12-14,3:00 PM,,,unresolved,,Unknown
Hysteria,Mehmet Akif Büyükatalay,2025,Thriller,0 days 01:43:00,Coolidge Corner Theatre,2025-12-14,11:00 AM,78930639,Hysteria (2025 film),exact_year,Turkish; English; Kurdish; Arabic; German,English listed
It's a Wonderful Life,Frank Capra,1946,Drama,0 days 02:10:00,The Brattle,2025-12-14,"12:00 PM, 3:00 PM, 6:00 PM",60164,It's a Wonderful Life,exact_film,English,English listed
Eyes Wide Shut,Stanley Kubrick,1999,Drama,0 days 02:39:00,The Brattle,2025-12-15,9:00 PM,9979,Eyes Wide Shut,exact_title,English,English listed
Kill Bill: The Whole Bloody Affair,Quentin Tarantino,2011,Action,0 days 04:07:00,Coolidge Corner Theatre,2025-12-15,6:30 PM,81317584,Kill Bill: The Whole Bloody Affair,exact_title,English,English listed
It's a Wonderful Life,Frank Capra,1946,Drama,0 days 02:10:00,The Brattle,2025-12-15,6:00 PM,60164,It's a Wonderful Life,exact_film,English,English listed
Every-Night Dreams,Mikio Naruse,1933,Drama,0 days 01:05:00,Harvard Film Archive,2025-12-15,7:00 PM,37554282,Every-Night Dreams,exact_title,Japanese,No English listed
Emma.,Autumn de Wilde,2020,Comedy,0 days 02:05:00,The Brattle,2025-12-16,"3:30 PM, 9:00 PM",58910666,Emma (2020 film),exact_year,English,English listed
Pride & Prejudice,Joe Wright,2005,Drama,0 days 02:07:00,The Brattle,2025-12-16,6:15 PM,2312056,Pride & Prejudice (2005 film),exact_year,English,English listed
Metropolitan,Whit Stillman,1990,Comedy,0 days 01:39:00,The Brattle,2025-12-17,6:30 PM,3493786,Metropolitan (1990 film),exact_year,English,English listed
All the President's Men,Alan J. Pakula,1976,Drama,0 days 02:18:00,The Brattle,2025-12-18,6:00 PM,3876620,All the President's Men (film),exact_film,English,English listed
The Santa Clause,John Pasquin,1994,Fantasy,0 days 01:37:00,Coolidge Corner Theatre,2025-12-18,7:00 PM,,,unresolved,,Unknown
Three Days of the Condor,Sydney Pollack,1975,Thriller,0 days 01:57:00,The Brattle,2025-12-18,8:45 PM,,,unresolved,,Unknown
A Face in the Crowd,Elia Kazan,1957,Drama,0 days 02:05:00,West Newton Cinema,2025-12-18,4:00 PM,2019404,A Face in the Crowd (film),exact_film,English,English listed
Die Hard,John McTiernan,1988,Action,0 days 02:12:00,Coolidge Corner Theatre,2025-12-19,11:59 PM,97646,Die Hard,exact_film,English,English listed
The Room,Tommy Wiseau,2003,Drama,0 days 01:39:00,Coolidge Corner Theatre,2025-12-19,11:59 PM,5443971,The Room,exact_year,English,English listed
The Natural,Barry Levinson,1984,Drama,0 days 02:17:00,The Brattle,2025-12-19,7:00 PM,11213660,The Natural (film),exact_film,English,English listed
The Sting,George Roy Hill,1973,Comedy,0 days 02:09:00,The Brattle,2025-12-20,6:00 PM,62440,The Sting,exact_film,English,English listed
Charlie's Angels: Full Throttle,McG,2003,Action,0 days 01:46:00,Coolidge Corner Theatre,2025-12-20,11:59 PM,256337,Charlie's Angels: Full Throttle,exact_title,English,English listed
The Muppet Christmas Carol,Brian Henson,1992,Music,0 days 01:25:00,Coolidge Corner Theatre,2025-12-20,10:30 AM,,,unresolved,,Unknown
Butch Cassidy and the Sundance Kid,George Roy Hill,1969,Adventure,0 days 01:51:00,The Brattle,2025-12-20,"3:30 PM, 8:30 PM",99031,Butch Cassidy and the Sundance Kid,exact_title,English,English listed
The Natural,Barry Levinson,1984,Drama,0 days 02:17:00,The Brattle,2025-12-20,12:30 PM,11213660,The Natural (film),exact_film,English,English listed
Elie Wiesel: Soul on Fire,Oren Rudavsky,2024,Documentary,0 days 01:28:00,Coolidge Corner Theatre,2025-12-21,2:00 PM,81327205,Elie Wiesel: Soul on Fire,exact_title,,Unknown
The Muppet Christmas Carol,Brian Henson,1992,Music,0 days 01:25:00,Coolidge Corner Theatre,2025-12-21,10:30 AM,,,unresolved,,Unknown
All the President's Men,Alan J. Pakula,1976,Drama,0 days 02:18:00,The Brattle,2025-12-21,12:30 PM,3876620,All the President's Men (film),exact_film,English,English listed
The Hot Rock,Peter Yates,1972,Crime,0 days 01:41:00,The Brattle,2025-12-21,"3:45 PM, 8:30 PM",5080099,The Hot Rock (film),exact_film,English,English listed
The Candidate,Michael Ritchie,1972,Comedy,0 days 01:50:00,The Brattle,2025-12-21,6:00 PM,3232438,The Candidate (1972 film),exact_year,English,English listed
The Electric Horseman,Sydney Pollack,1979,Drama,0 days 02:02:00,The Brattle,2025-12-22,"3:30 PM, 8:15 PM",,,unresolved,,Unknown
Jeremiah Johnson,Sydney Pollack,1972,Adventure,0 days 01:48:00,The Brattle,2025-12-22,6:00 PM,649482,Jeremiah Johnson (film),exact_film,English; Crow; Salish,English listed
White Christmas,Michael Curtiz,1954,Comedy,0 days 02:00:00,Coolidge Corner Theatre,2025-12-22,7:00 PM,2817162,White Christmas (film),exact_year,English,English listed
Downhill Racer,Michael Ritchie,1969,Drama,0 days 01:41:00,The Brattle,2025-12-23,"3:45 PM, 8:30 PM",6168251,Downhill Racer,exact_title,English,English listed
Ordinary People,Robert Redford,1980,Drama,0 days 02:04:00,The Brattle,2025-12-23,6:00 PM,106335,Ordinary People,exact_year,English,English listed
Charade,Stanley Donen,1963,Comedy,0 days 01:53:00,The Brattle,2025-12-25,3:30 PM,899442,Charade (1963 film),exact_year,English,English listed
Brazil,Terry Gilliam,1985,Comedy,0 days 02:23:00,The Brattle,2025-12-25,"6:00 PM, 9:00 PM",74537,Brazil (1985 film),exact_year,English; French; German,English listed
Rocky IV,Sylvester Stallone,1985,Drama,0 days 01:31:00,Coolidge Corner Theatre,2025-12-26,11:59 PM,,,unresolved,,Unknown
Brazil,Terry Gilliam,1985,Comedy,0 days 02:23:00,The Brattle,2025-12-26,"6:00 PM, 9:00 PM",74537,Brazil (1985 film),exact_year,English; French; German,English listed
Charade,Stanley Donen,1963,Comedy,0 days 01:53:00,The Brattle,2025-12-26,12:30 PM,899442,Charade (1963 film),exact_year,English,English listed
Charade,Stanley Donen,1963,Comedy,0 days 01:53:00,The Brattle,2025-12-27,12:30 PM,899442,Charade (1963 film),exact_year,English,English listed
Die Hard: With a Vengeance,John McTiernan,1995,Action,0 days 02:08:00,Coolidge Corner Theatre,2025-12-27,11:59 PM,,,unresolved,,Unknown
Brazil,Terry Gilliam,1985,Comedy,0 days 02:23:00,The Brattle,2025-12-27,"3:00 PM, 6:00 PM, 9:00 PM",74537,Brazil (1985 film),exact_year,English; French; German,English listed
Brazil,Terry Gilliam,1985,Comedy,0 days 02:23:00,The Brattle,2025-12-28,"3:00 PM, 6:00 PM, 9:00 PM",74537,Brazil (1985 film),exact_year,English; French; German,English listed
Charade,Stanley Donen,1963,Comedy,0 days 01:53:00,The Brattle,2025-12-28,12:30 PM,899442,Charade (1963 film),exact_year,English,English listed
Brazil,Terry Gilliam,1985,Comedy,0 days 02:23:00,The Brattle,2025-12-29,"6:00 PM, 9:00 PM",74537,Brazil (1985 film),exact_year,English; French; German,English listed
Charade,Stanley Donen,1963,Comedy,0 days 01:53:00,The Brattle,2025-12-29,3:30 PM,899442,Charade (1963 film),exact_year,English,English listed
Brazil,Terry Gilliam,1985,Comedy,0 days 02:23:00,The Brattle,2025-12-30,"6:00 PM, 9:00 PM",74537,Brazil (1985 film),exact_year,English; French; German,English listed
Charade,Stanley Donen,1963,Comedy,0 days 01:53:00,The Brattle,2025-12-30,3:30 PM,899442,Charade (1963 film),exact_year,English,English listed
Stop Making Sense,Jonathan Demme,1984,Documentary,0 days 01:28:00,The Brattle,2025-12-31,"6:00 PM, 8:30 PM",,,unresolved,,Unknown
After the Thin Man,W.S. Van Dyke,1936,Comedy,0 days 01:52:00,The Brattle,2025-12-31,3:00 PM,144637,After the Thin Man,exact_film,English,English listed
The Thin Man,W.S. Van Dyke,1934,Comedy,0 days 01:31:00,The Brattle,2025-12-31,1:00 PM,61175,The Thin Man (film),exact_film,English,English listed
Batman,Tim Burton,1989,Fantasy,0 days 02:06:00,The Brattle,2026-01-23,3:30 PM,4726,Batman (1989 film),exact_year,English,English listed
The Monkey,Osgood Perkins,2025,Horror,0 days 01:37:00,The Brattle,2026-01-23,6:30 PM,73762796,The Monkey (film),exact_film,English,English listed
The Mastermind,Kelly Reichardt,2025,Crime,0 days 01:50:00,Museum of Fine Arts,2026-01-23,7:00 PM,78207619,The Mastermind (film),exact_year,English,English listed
Final Destination Bloodlines,"Adam B. Stein, Zach Lipovsky",2025,Horror,0 days 01:50:00,The Brattle,2026-01-23,8:45 PM,68017316,Final Destination Bloodlines,exact_title,English,English listed
Henry: Portrait of a Serial Killer,John McNaughton,1986,Crime,0 days 01:23:00,Coolidge Corner Theatre,2026-01-23,11:59 PM,1141596,Henry: Portrait of a Serial Killer,exact_title,English,English listed
Sisters,Brian De Palma,1973,Thriller,0 days 01:33:00,Coolidge Corner Theatre,2026-01-24,11:59 PM,1519886,Sisters (1972 film),exact_year,English; French,English listed
Occupied City,Steve McQueen,2023,Documentary,0 days 04:26:00,Harvard Film Archive,2026-01-24,6:00 PM,,,unresolved,,Unknown
Eddington,Ari Aster,2025,Western,0 days 02:28:00,The Brattle,2026-01-24,"3:00 PM, 8:30 PM",75843768,Eddington (film),exact_film,English,English listed
How to Train Your Dragon,"Chris Sanders, Dean DeBlois",2010,Fantasy,0 days 01:38:00,Coolidge Corner Theatre,2026-01-24,10:30 AM,18394730,How to Train Your Dragon (2010 film),exact_year,English,English listed
Bugonia,Yorgos Lanthimos,2025,SciFi,0 days 01:59:00,The Brattle,2026-01-24,"12:30 PM, 6:00 PM",76136533,Bugonia (film),exact_film,English,English listed
The Painter and the Thief,Benjamin Ree,2020,Documentary,0 days 01:42:00,Museum of Fine Arts,2026-01-24,2:00 PM,,,unresolved,,Unknown
How to Train Your Dragon,"Chris Sanders, Dean DeBlois",2010,Fantasy,0 days 01:38:00,Coolidge Corner Theatre,2026-01-25,10:30 AM,18394730,How to Train Your Dragon (2010 film),exact_year,English,English listed
Amrum,Fatih Akin,2025,Drama,0 days 01:33:00,Coolidge Corner Theatre,2026-01-25,11:00 AM,79548502,Amrum (film),exact_film,Plainlist|; German; North Frisian,No English listed
Familiar Touch,Sarah Friedland,2025,Drama,0 days 01:30:00,The Brattle,2026-01-25,"12:00 PM, 4:00 PM",77753484,Familiar Touch,exact_title,English,English listed
RPM Fest Presents Crossing Lines: Films by Raymond Rea,Raymond Rea,1985,Documentary,0 days 01:30:00,The Brattle,2026-01-25,2:00 PM,,,unresolved,,Unknown
Keaton & Chaplin Double Feature: THE GENERAL / THE IMMIGRANT,"Buster Keaton, Charlie Chaplin",1917,Comedy,0 days 01:41:00,West Newton Cinema,2026-01-25,2:00 PM,,,unresolved,,Unknown
Fréwaka,Aislinn Clarke,2025,Drama,0 days 01:43:00,The Brattle,2026-01-25,6:00 PM,,,unresolved,,Unknown
Weapons,Zach Cregger,2025,Horror,0 days 02:09:00,The Brattle,2026-01-25,8:15 PM,73248680,Weapons (2025 film),exact_year,English,English listed
Familiar Touch,Sarah Friedland,2025,Drama,0 days 01:30:00,The Brattle,2026-01-26,4:00 PM,77753484,Familiar Touch,exact_title,English,English listed
"Sorry, Baby",Eva Victor,2025,Drama,0 days 01:43:00,The Brattle,2026-01-26,"6:00 PM, 8:45 PM",78578409,"Sorry, Baby (2025 film)",exact_year,English,English listed
The Conformist,Bernardo Bertolucci,1971,Drama,0 days 01:48:00,Harvard Film Archive,2026-01-26,7:00 PM,,,unresolved,,Unknown
Stalker,Andrei Tarkovsky,1979,SciFi,0 days 02:42:00,Coolidge Corner Theatre,2026-01-27,7:00 PM,286266,Stalker (1979 film),exact_year,Russian,No English listed
Among Neighbors,Yoav Potash,2024,Documentary,0 days 01:41:00,West Newton Cinema,2026-01-27,7:00 PM,83535228,Among Neighbors,exact_film,"English, Polish",English listed
Misericordia,Alain Guiraudie,2024,Drama,0 days 01:44:00,The Brattle,2026-01-27,9:00 PM,76603314,Misericordia (2024 film),exact_year,French,No English listed
Prickly Mountain and My Design/ Build Life,Allie Rood,2025,Documentary,0 days 01:30:00,Coolidge Corner Theatre,2026-01-28,6:30 PM,,,unresolved,,Unknown
Teenage Wasteland,"Amanda McBaine, Jesse Moss",2025,Documentary,0 days 01:50:00,West Newton Cinema,2026-01-28,6:30 PM,81747251,Teenage Wasteland (2025 film),exact_year,,Unknown
If I Had Legs I'd Kick You,Mary Bronstein,2025,Drama,0 days 01:53:00,The Brattle,2026-01-28,6:00 PM,76020898,If I Had Legs I'd Kick You,exact_title,English,English listed
Die My Love,Lynne Ramsay,2025,Drama,0 days 01:59:00,The Brattle,2026-01-28,"3:30 PM, 8:30 PM",77177879,Die My Love,exact_title,English,English listed
Nouvelle Vague,Richard Linklater,2025,Comedy,0 days 01:46:00,The Brattle,2026-01-29,6:00 PM,76269453,Nouvelle Vague (2025 film),exact_year,Plainlist|; French; English,English listed
Who Framed Roger Rabbit,Robert Zemeckis,1988,Fantasy,0 days 01:44:00,Coolidge Corner Theatre,2026-01-29,7:00 PM,76018,Who Framed Roger Rabbit,exact_film,English,English listed
Vulcanizadora,Joel Potrykus,2025,Comedy,0 days 01:25:00,The Brattle,2026-01-29,9:00 PM,,,unresolved,,Unknown
A Clockwork Orange,Stanley Kubrick,1971,SciFi,0 days 02:17:00,Coolidge Corner Theatre,2026-01-29,9:45 PM,1659954,A Clockwork Orange (film),exact_film,English,English listed
Suspiria,Dario Argento,1977,Horror,0 days 01:39:00,Coolidge Corner Theatre,2026-01-30,11:59 PM,347000,Suspiria,exact_year,Plainlist|; English; Italian,English listed
One of Them Days,Lawrence Lamont,2025,Comedy,0 days 01:37:00,The Brattle,2026-01-30,9:00 PM,,,unresolved,,Unknown
Blow-Up,Michelangelo Antonioni,1966,Drama,0 days 01:51:00,Harvard Film Archive,2026-01-30,7:00 PM,448385,Blowup,exact_film,English,English listed
Frankenstein,Guillermo del Toro,2025,Drama,0 days 02:30:00,The Brattle,2026-01-30,6:00 PM,73297429,Frankenstein (2025 film),exact_year,English,English listed
Crossing Delancey,Joan Micklin Silver,1988,Comedy,0 days 01:37:00,The Brattle,2026-01-30,3:30 PM,954902,Crossing Delancey,exact_title,English,English listed
Happyend,Neo Sora,2025,Drama,0 days 01:53:00,The Brattle,2026-01-31,"1:30 PM, 6:30 PM",77550744,Happyend,exact_title,Japanese,No English listed
Certified Copy,Abbas Kiarostami,2010,Drama,0 days 01:46:00,Museum of Fine Arts,2026-01-31,2:00 PM,26968376,Certified Copy (film),exact_film,Plainlist|; English; French; Italian,English listed
Cloud,Kiyoshi Kurosawa,2024,Action,0 days 02:04:00,The Brattle,2026-01-31,"4:00 PM, 9:00 PM",77246399,Cloud (film),exact_film,Japanese,No English listed
L'Avventura,Michelangelo Antonioni,1960,Drama,0 days 02:24:00,Harvard Film Archive,2026-01-31,7:00 PM,330874,L'Avventura,exact_title,Italian,No English listed
A Bay of Blood,Mario Bava,1971,Horror,0 days 01:25:00,Coolidge Corner Theatre,2026-01-31,11:59 PM,4136530,A Bay of Blood,exact_title,Italian,No English listed
Splitsville,Michael Angelo Covino,2025,Comedy,0 days 01:40:00,The Brattle,2026-02-01,7:00 PM,78277967,Splitsville (film),exact_film,English,English listed
Friendship,Andrew DeYoung,2025,Comedy,0 days 01:40:00,The Brattle,2026-02-01,"4:45 PM, 9:15 PM",,,unresolved,,Unknown
Eephus,Carson Lund,2025,Drama,0 days 01:38:00,The Brattle,2026-02-01,"12:00 PM, 2:15 PM",445172,Eephus,exact_film,English,English listed
Groundhog Day,Harold Ramis,1993,Romance,0 days 01:41:00,West Newton Cinema,2026-02-02,1:00 PM,142327,Groundhog Day (film),exact_film,English,English listed
Put Your Soul on Your Hand and Walk,Sepideh Farsi,2025,Documentary,0 days 01:53:00,The Brattle,2026-02-02,"3:30 PM, 6:00 PM",,,unresolved,,Unknown
Slap Shot,George Roy Hill,1977,Comedy,0 days 02:03:00,Coolidge Corner Theatre,2026-02-02,7:00 PM,1412408,Slap Shot,exact_film,English,English listed
Killer's Kiss,Stanley Kubrick,1955,Thriller,0 days 01:08:00,Harvard Film Archive,2026-02-02,7:00 PM,1102966,Killer's Kiss,exact_title,English,English listed
Train Dreams,Clint Bentley,2025,Drama,0 days 01:42:00,The Brattle,2026-02-02,8:30 PM,76032207,Train Dreams (film),exact_film,English,English listed
Fear and Desire,Stanley Kubrick,1953,Drama,0 days 01:02:00,Harvard Film Archive,2026-02-02,8:45 PM,543517,Fear and Desire,exact_title,English,English listed
Star Wars: Episode III - Revenge of the Sith,George Lucas,2005,Adventure,0 days 02:20:00,Coolidge Corner Theatre,2026-02-03,7:00 PM,,,unresolved,,Unknown
Peter Hujar's Day,Ira Sachs,2025,Drama,0 days 01:16:00,The Brattle,2026-02-03,6:15 PM,,,unresolved,,Unknown
The History of Sound,Oliver Hermanus,2025,Drama,0 days 02:07:00,The Brattle,2026-02-03,"3:30 PM, 8:30 PM",,,unresolved,,Unknown
Caught by the Tides,Jia Zhangke,2024,Drama,0 days 01:51:00,The Brattle,2026-02-04,"4:00 PM, 9:00 PM",76585127,Caught by the Tides,exact_title,Mandarin,No English listed
An Unfinished Film,Lou Ye,2024,Drama,0 days 01:47:00,The Brattle,2026-02-04,6:30 PM,76826415,An Unfinished Film,exact_title,Mandarin,No English listed
My Man Godfrey,Gregory La Cava,1936,Comedy,0 days 01:35:00,Coolidge Corner Theatre,2026-02-04,7:00 PM,74979,My Man Godfrey,exact_year,English,English listed
Wake Up Dead Man: A Knives Out Mystery,Rian Johnson,2025,Thriller,0 days 02:25:00,The Brattle,2026-02-05,"3:30 PM, 9:00 PM",67267207,Wake Up Dead Man,exact_year,English,English listed
The Mastermind,Kelly Reichardt,2025,Crime,0 days 01:50:00,The Brattle,2026-02-05,6:30 PM,78207619,The Mastermind (film),exact_year,English,English listed
The Defiant Ones,Stanley Kramer,1958,Crime,0 days 01:36:00,Coolidge Corner Theatre,2026-02-05,7:30 PM,92642,The Defiant Ones,exact_film,English,English listed
Gothic,Ken Russell,1987,Horror,0 days 01:28:00,Coolidge Corner Theatre,2026-02-06,11:59 PM,992455,Gothic (film),exact_film,English,English listed
Red Desert,Michelangelo Antonioni,1964,Drama,0 days 01:57:00,Harvard Film Archive,2026-02-06,7:00 PM,1833819,Red Desert (film),exact_film,Italian,No English listed
Do the Right Thing,Spike Lee,1989,Drama,0 days 02:00:00,The Brattle,2026-02-06,3:30 PM,73428,Do the Right Thing,exact_title,English,English listed
Safe,Todd Haynes,1995,Drama,0 days 01:59:00,The Brattle,2026-02-06,9:30 PM,2021218,Safe (1995 film),exact_year,English,English listed
Sholay,Ramesh Sippy,1975,Action,0 days 03:18:00,Coolidge Corner Theatre,2026-02-07,1:00 PM,648216,Sholay,exact_year,Hindi,No English listed
The Great Yawn of History,Aliyar Rasti,2024,Drama,0 days 01:33:00,Museum of Fine Arts,2026-02-07,2:30 PM,,,unresolved,,Unknown
Safe,Todd Haynes,1995,Drama,0 days 01:59:00,The Brattle,2026-02-07,"3:30 PM, 9:30 PM",2021218,Safe (1995 film),exact_year,English,English listed
City of Hope,John Sayles,1991,Drama,0 days 02:09:00,West Newton Cinema,2026-02-07,4:00 PM,10479762,City of Hope (1991 film),exact_year,English,English listed
The Spider's Stratagem,Bernardo Bertolucci,1970,Mystery,0 days 01:40:00,Harvard Film Archive,2026-02-07,7:00 PM,,,unresolved,,Unknown
Partner,Bernardo Bertolucci,1968,Drama,0 days 01:45:00,Harvard Film Archive,2026-02-07,9:00 PM,39145444,Partner (1968 film),exact_year,Italian,No English listed
The Hunger,Tony Scott,1983,Horror,0 days 01:36:00,Coolidge Corner Theatre,2026-02-07,11:59 PM,1139763,The Hunger (1983 film),exact_year,English,English listed
Sinners,Ryan Coogler,2025,Horror,0 days 02:18:00,West Newton Cinema,2026-02-08,1:00 PM,75895455,Sinners (2025 film),exact_year,English,English listed
Taste of Cherry,Abbas Kiarostami,1997,Drama,0 days 01:40:00,Museum of Fine Arts,2026-02-08,2:00 PM,1873693,Taste of Cherry,exact_film,Persian,No English listed
Killer's Kiss,Stanley Kubrick,1955,Thriller,0 days 01:08:00,Harvard Film Archive,2026-02-08,3:00 PM,1102966,Killer's Kiss,exact_title,English,English listed
The Killing,Stanley Kubrick,1956,Crime,0 days 01:25:00,Harvard Film Archive,2026-02-09,7:00 PM,282964,The Killing (film),exact_year,English,English listed
Woman of the Year,George Stevens,1942,Comedy,0 days 01:54:00,Coolidge Corner Theatre,2026-02-11,7:00 PM,76641,Woman of the Year,exact_year,English,English listed
"Now, Voyager",Irving Rapper,1942,Romance,0 days 01:57:00,Coolidge Corner Theatre,2026-02-12,7:00 PM,180993,"Now, Voyager",exact_title,English,English listed
Eve's Bayou,Kasi Lemmons,1997,Drama,0 days 01:49:00,Coolidge Corner Theatre,2026-02-13,11:59 PM,2159438,Eve's Bayou,exact_title,English,English listed
Bride of Chucky,Ronny Yu,1998,Comedy,0 days 01:29:00,The Brattle,2026-02-13,10:00 PM,30865068,Bride of Chucky,exact_title,English,English listed
The Spider's Stratagem,Bernardo Bertolucci,1970,Mystery,0 days 01:40:00,Harvard Film Archive,2026-02-13,8:15 PM,,,unresolved,,Unknown
Casablanca,Michael Curtiz,1943,Drama,0 days 01:42:00,The Brattle,2026-02-13,7:00 PM,57585,Casablanca (film),exact_film,English,English listed
Dangerous Liaisons,Stephen Frears,1988,Drama,0 days 01:59:00,The Brattle,2026-02-13,3:30 PM,75933,Dangerous Liaisons,exact_title,English,English listed
Trouble Sleep,Alain Kassanda,2020,Documentary,0 days 00:41:00,Harvard Film Archive,2026-02-13,7:00 PM,,,unresolved,,Unknown
Crimson Peak,Guillermo del Toro,2015,Horror,0 days 01:59:00,Coolidge Corner Theatre,2026-02-14,11:59 PM,39031627,Crimson Peak,exact_film,English,English listed
A Man Named John,Ermanno Olmi,1965,Drama,0 days 01:30:00,Harvard Film Archive,2026-02-14,9:00 PM,19064014,A Man Named John,exact_title,Italian,No English listed
Casablanca,Michael Curtiz,1943,Drama,0 days 01:42:00,The Brattle,2026-02-14,"4:00 PM, 7:00 PM",57585,Casablanca (film),exact_film,English,English listed
The Umbrellas of Cherbourg / Hyena,"Jacques Demy, Djibril Diop Mambéty",1964,Drama,0 days 03:22:00,Harvard Film Archive,2026-02-14,2:00 PM,,,unresolved,,Unknown
Le Amiche,Michelangelo Antonioni,1955,Drama,0 days 01:44:00,Harvard Film Archive,2026-02-14,7:00 PM,12710627,Le Amiche,exact_title,Italian,No English listed
The Princess Bride,Rob Reiner,1987,Adventure,0 days 01:39:00,Coolidge Corner Theatre,2026-02-14,2:00 PM,31153,The Princess Bride,exact_film,English,English listed
Dirty Dancing,Emile Ardolino,1987,Drama,0 days 01:40:00,The Brattle,2026-02-14,"1:00 PM, 10:00 PM",680361,Dirty Dancing,exact_year,English,English listed
Trolls,Mike Mitchell,2016,Family,0 days 01:32:00,Coolidge Corner Theatre,2026-02-14,10:30 AM,37935799,Trolls (film),exact_film,English,English listed
In the Mood for Love,Wong Kar-wai,2000,Drama,0 days 01:38:00,Museum of Fine Arts,2026-02-14,2:00 PM,213413,In the Mood for Love,exact_title,Cantonese; Shanghainese,No English listed
Trolls,Mike Mitchell,2016,Family,0 days 01:32:00,Coolidge Corner Theatre,2026-02-15,10:30 AM,37935799,Trolls (film),exact_film,English,English listed
51st Annual Boston Science Fiction Film Marathon,Various,2026,SciFi,1 days 00:00:00,Somerville Theatre,2026-02-15,12:00 PM,,,unresolved,,Unknown
When Harry Met Sally...,Rob Reiner,1989,Comedy,0 days 01:36:00,Coolidge Corner Theatre,2026-02-15,2:00 PM,,,unresolved,,Unknown
L'Avventura,Michelangelo Antonioni,1960,Drama,0 days 02:24:00,Harvard Film Archive,2026-02-15,3:00 PM,330874,L'Avventura,exact_title,Italian,No English listed
Casablanca,Michael Curtiz,1943,Drama,0 days 01:42:00,The Brattle,2026-02-15,"4:00 PM, 7:00 PM",57585,Casablanca (film),exact_film,English,English listed
Barb Wire,David Hogan,1996,SciFi,0 days 01:38:00,The Brattle,2026-02-15,9:30 PM,4506211,Barb Wire (1996 film),exact_year,English,English listed
Can She Bake a Cherry Pie?,Henry Jaglom,1983,Comedy,0 days 01:30:00,Somerville Theatre,2026-03-12,7:30 PM,23289657,Can She Bake a Cherry Pie?,exact_title,English,English listed
The Holdovers,Alexander Payne,2023,Comedy,0 days 02:13:00,West Newton Cinema,2026-03-12,6:30 PM,,,unresolved,,Unknown
Holiday,George Cukor,1938,Comedy,0 days 01:37:00,The Brattle,2026-03-12,"4:00 PM, 8:30 PM",4070671,Holiday (1938 film),exact_year,English,English listed
The Philadelphia Story,George Cukor,1940,Comedy,0 days 01:53:00,The Brattle,2026-03-12,6:00 PM,62592,The Philadelphia Story (film),exact_film,English,English listed
Summertime,David Lean,1955,Drama,0 days 01:40:00,The Brattle,2026-03-13,3:30 PM,190393,Summertime (1955 film),exact_year,English,English listed
Meet John Doe,Frank Capra,1941,Drama,0 days 02:03:00,Harvard Film Archive,2026-03-13,6:00 PM,2462689,Meet John Doe,exact_title,English,English listed
Smokey and the Bandit,Hal Needham,1977,Action,0 days 01:36:00,Somerville Theatre,2026-03-13,7:30 PM,844078,Smokey and the Bandit,exact_film,English,English listed
Night of the Living Dead,George A. Romero,1968,Horror,0 days 01:36:00,The Brattle,2026-03-13,7:30 PM,30275,Night of the Living Dead,exact_year,English,English listed
The Car,Elliot Silverstein,1977,Horror,0 days 01:36:00,Somerville Theatre,2026-03-13,9:30 PM,2938431,The Car (1977 film),exact_year,English,English listed
Friday the 13th Double Feature,"Adam Marcus, Ronny Yu",1993,Horror,0 days 03:04:00,Coolidge Corner Theatre,2026-03-13,11:00 PM,,,unresolved,,Unknown
Pat and Mike,George Cukor,1952,Comedy,0 days 01:35:00,The Brattle,2026-03-14,"12:00 PM, 4:45 PM",,,unresolved,,Unknown
The Peanuts Movie,Steve Martino,2015,Comedy,0 days 01:28:00,Coolidge Corner Theatre,2026-03-14,10:30 AM,39367067,The Peanuts Movie,exact_film,English,English listed
Desk Set,Walter Lang,1957,Comedy,0 days 01:43:00,The Brattle,2026-03-14,"2:00 PM, 6:30 PM",165106,Desk Set,exact_film,English,English listed
His Girl Friday,Howard Hawks,1940,Comedy,0 days 01:32:00,Harvard Film Archive,2026-03-14,7:00 PM,74018,His Girl Friday,exact_title,English,English listed
The Hudsucker Proxy,Joel Coen,1994,Comedy,0 days 01:51:00,Harvard Film Archive,2026-03-14,9:00 PM,,,unresolved,,Unknown
Night of the Living Dead,George A. Romero,1968,Horror,0 days 01:36:00,The Brattle,2026-03-14,9:00 PM,30275,Night of the Living Dead,exact_year,English,English listed
Eraserhead,David Lynch,1978,Horror,0 days 01:29:00,Coolidge Corner Theatre,2026-03-14,11:59 PM,36814246,Eraserhead,exact_film,English,English listed
Saturday the 14th,Howard R. Cohen,1981,Comedy,0 days 01:16:00,Coolidge Corner Theatre,2026-03-14,11:59 PM,,,unresolved,,Unknown
Blackmail,Alfred Hitchcock,1929,Drama,0 days 01:26:00,Somerville Theatre,2026-03-15,5:00 PM,1237381,Blackmail (1929 film),exact_year,English,English listed
Dr. Strangelove or: How I Learned to Stop Worrying and Love the Bomb,Stanley Kubrick,1964,Comedy,0 days 01:35:00,Harvard Film Archive,2026-03-15,3:00 PM,,,unresolved,,Unknown
The Peanuts Movie,Steve Martino,2015,Comedy,0 days 01:28:00,Coolidge Corner Theatre,2026-03-15,10:30 AM,39367067,The Peanuts Movie,exact_film,English,English listed
The Lion in Winter,Anthony Harvey,1968,Drama,0 days 02:14:00,The Brattle,2026-03-15,12:00 PM,7870124,The Lion in Winter (1968 film),exact_year,English,English listed
On Golden Pond,Mark Rydell,1981,Drama,0 days 01:49:00,The Brattle,2026-03-15,2:45 PM,15119799,On Golden Pond (1981 film),exact_year,English,English listed
Footloose,Herbert Ross,1984,Drama,0 days 01:47:00,The Brattle,2026-03-16,6:00 PM,877743,Footloose,exact_year,English,English listed
The Thin Blue Line,Errol Morris,1988,Crime,0 days 01:43:00,Coolidge Corner Theatre,2026-03-16,7:00 PM,597576,The Thin Blue Line (1988 film),exact_year,English,English listed
The Lion in Winter,Anthony Harvey,1968,Drama,0 days 02:14:00,The Brattle,2026-03-16,8:30 PM,7870124,The Lion in Winter (1968 film),exact_year,English,English listed
The Philadelphia Story,George Cukor,1940,Comedy,0 days 01:53:00,The Brattle,2026-03-17,4:30 PM,62592,The Philadelphia Story (film),exact_film,English,English listed
Bringing Up Baby,Howard Hawks,1938,Comedy,0 days 01:42:00,The Brattle,2026-03-17,7:00 PM,73376,Bringing Up Baby,exact_title,English,English listed
Monsoon Wedding,Mira Nair,2001,Comedy,0 days 01:54:00,Coolidge Corner Theatre,2026-03-17,7:00 PM,940565,Monsoon Wedding,exact_year,Hindi; English,English listed
Beau Travail,Claire Denis,2000,Drama,0 days 01:32:00,Coolidge Corner Theatre,2026-03-18,7:30 PM,415881,Beau Travail,exact_title,French; Italian; Russian,No English listed
GoodFellas,Martin Scorsese,1990,Drama,0 days 02:25:00,West Newton Cinema,2026-03-19,7:00 PM,,,unresolved,,Unknown
The Hudsucker Proxy,Joel Coen,1994,Comedy,0 days 01:51:00,Harvard Film Archive,2026-03-20,7:00 PM,,,unresolved,,Unknown
Double Indemnity,Billy Wilder,1944,Crime,0 days 01:47:00,Capitol Theatre,2026-03-20,7:30 PM,73438,Double Indemnity,exact_year,English,English listed
His Girl Friday,Howard Hawks,1940,Comedy,0 days 01:32:00,Harvard Film Archive,2026-03-20,9:15 PM,74018,His Girl Friday,exact_title,English,English listed
Exorcist II: The Heretic,John Boorman,1977,Horror,0 days 01:58:00,Coolidge Corner Theatre,2026-03-20,11:59 PM,571383,Exorcist II: The Heretic,exact_title,English,English listed
Exorcist II: The Heretic,John Boorman,1977,Horror,0 days 01:58:00,Coolidge Corner Theatre,2026-03-21,11:59 PM,571383,Exorcist II: The Heretic,exact_title,English,English listed
The Devil's Rejects,Rob Zombie,2005,Drama,0 days 01:51:00,The Brattle,2026-03-21,10:30 PM,,,unresolved,,Unknown
The Texas Chainsaw Massacre 2,Tobe Hooper,1986,Horror,0 days 01:40:00,The Brattle,2026-03-21,7:00 PM,,,unresolved,,Unknown
Finding Nemo,Andrew Stanton,2003,Animation,0 days 01:40:00,Coolidge Corner Theatre,2026-03-21,10:30 AM,239587,Finding Nemo,exact_film,English,English listed
Meet John Doe,Frank Capra,1941,Drama,0 days 02:03:00,Harvard Film Archive,2026-03-21,7:00 PM,2462689,Meet John Doe,exact_title,English,English listed
Finding Nemo,Andrew Stanton,2003,Animation,0 days 01:40:00,Coolidge Corner Theatre,2026-03-22,10:30 AM,239587,Finding Nemo,exact_film,English,English listed
The Lord of the Rings Trilogy,Peter Jackson,2001,Family,0 days 12:45:00,Coolidge Corner Theatre,2026-03-22,11:00 AM,,,unresolved,,Unknown
Mirrors No. 3,Christian Petzold,2025,Drama,0 days 01:26:00,Coolidge Corner Theatre,2026-03-22,11:00 AM,,,unresolved,,Unknown
André Is an Idiot,Tony Benna,2026,Documentary,0 days 01:27:00,Coolidge Corner Theatre,2026-03-22,2:00 PM,81977450,André Is an Idiot,exact_title,English,English listed
One-Eyed Jacks,Marlon Brando,1961,Western,0 days 02:21:00,Harvard Film Archive,2026-03-22,3:00 PM,418252,One-Eyed Jacks,exact_title,English; Spanish,English listed
Paddington 2,Paul King,2017,Adventure,0 days 01:44:00,The Brattle,2026-03-23,8:00 PM,52019421,Paddington 2,exact_title,English,English listed
A Clockwork Orange,Stanley Kubrick,1971,SciFi,0 days 02:17:00,Harvard Film Archive,2026-03-23,7:00 PM,1659954,A Clockwork Orange (film),exact_film,English,English listed
Paddington,Paul King,2014,Comedy,0 days 01:36:00,The Brattle,2026-03-23,"4:00 PM, 6:00 PM",40525118,Paddington (film),exact_year,English,English listed
Paddington,Paul King,2014,Comedy,0 days 01:36:00,The Brattle,2026-03-24,4:00 PM,40525118,Paddington (film),exact_year,English,English listed
Paddington 2,Paul King,2017,Adventure,0 days 01:44:00,The Brattle,2026-03-24,"6:00 PM, 8:15 PM",52019421,Paddington 2,exact_title,English,English listed
Best in Show,Christopher Guest,2000,Comedy,0 days 01:30:00,Coolidge Corner Theatre,2026-03-24,7:00 PM,587507,Best in Show (film),exact_film,English,English listed
Mudbound,Dee Rees,2017,Drama,0 days 02:15:00,Coolidge Corner Theatre,2026-03-25,7:30 PM,50355187,Mudbound (film),exact_film,English,English listed
Tank Girl,Rachel Talalay,1995,Action,0 days 01:44:00,Coolidge Corner Theatre,2026-03-26,9:45 PM,9415710,Tank Girl (film),exact_film,English,English listed
Ichi the Killer,Takashi Miike,2001,Action,0 days 02:09:00,Coolidge Corner Theatre,2026-03-27,11:59 PM,311179,Ichi the Killer (film),exact_film,Plainlist|; Japanese; English; Cantonese,English listed
Nadja,Michael Almereyda,1995,Horror,0 days 01:33:00,The Brattle,2026-03-27,9:30 PM,2812082,Nadja (film),exact_film,English,English listed
Youth in Fury,Masahiro Shinoda,1960,Drama,0 days 01:28:00,Harvard Film Archive,2026-03-27,9:00 PM,,,unresolved,,Unknown
Pale Flower,Masahiro Shinoda,1964,Crime,0 days 01:36:00,Harvard Film Archive,2026-03-27,7:00 PM,,,unresolved,,Unknown
Bud Abbott and Lou Costello Meet Frankenstein,Charles Barton,1948,Horror,0 days 01:23:00,The Brattle,2026-03-28,12:00 PM,,,unresolved,,Unknown
The Boy with Green Hair,Joseph Losey,1948,Drama,0 days 01:22:00,The Brattle,2026-03-28,2:15 PM,,,unresolved,,Unknown
Cronos,Guillermo del Toro,1993,Drama,0 days 01:34:00,The Brattle,2026-03-28,"4:45 PM, 9:15 PM",3080704,Cronos (film),exact_film,Plainlist|; Spanish; English,English listed
Nadja,Michael Almereyda,1995,Horror,0 days 01:33:00,The Brattle,2026-03-28,7:00 PM,2812082,Nadja (film),exact_film,English,English listed
Double Suicide,Masahiro Shinoda,1969,Drama,0 days 01:45:00,Harvard Film Archive,2026-03-28,7:00 PM,3644578,Double Suicide (1969 film),exact_year,Japanese,No English listed
Captive's Island,Masahiro Shinoda,1966,Drama,0 days 01:27:00,Harvard Film Archive,2026-03-28,9:00 PM,51934666,Captive's Island,exact_title,Japanese,No English listed
Audition,Takashi Miike,1999,Horror,0 days 01:55:00,Coolidge Corner Theatre,2026-03-28,11:59 PM,587265,Audition (1999 film),exact_year,Japanese,No English listed
The Lord of the Rings Trilogy,Peter Jackson,2001,Fantasy,0 days 12:45:00,Coolidge Corner Theatre,2026-03-29,11:00 AM,,,unresolved,,Unknown
RPM Presents “The Blue Rose of Forgetfulness”: Films by Lewis Klahr,Lewis Klahr,2019,Documentary,0 days 01:30:00,The Brattle,2026-03-29,2:00 PM,,,unresolved,,Unknown
Youth in Fury,Masahiro Shinoda,1960,Drama,0 days 01:28:00,Harvard Film Archive,2026-03-29,3:00 PM,,,unresolved,,Unknown
Nadja,Michael Almereyda,1995,Horror,0 days 01:33:00,The Brattle,2026-03-29,"4:15 PM, 8:45 PM",2812082,Nadja (film),exact_film,English,English listed
Cronos,Guillermo del Toro,1993,Drama,0 days 01:34:00,The Brattle,2026-03-29,6:30 PM,3080704,Cronos (film),exact_film,Plainlist|; Spanish; English,English listed
Barry Lyndon,Stanley Kubrick,1975,Drama,0 days 03:05:00,Harvard Film Archive,2026-03-30,7:00 PM,4227,Barry Lyndon,exact_film,English,English listed
Nadja,Michael Almereyda,1995,Horror,0 days 01:33:00,The Brattle,2026-03-30,8:45 PM,2812082,Nadja (film),exact_film,English,English listed
The Spirit of the Beehive,Víctor Erice,1973,Drama,0 days 01:38:00,The Brattle,2026-03-30,6:00 PM,,,unresolved,,Unknown
Nadja,Michael Almereyda,1995,Horror,0 days 01:33:00,The Brattle,2026-03-31,6:00 PM,2812082,Nadja (film),exact_film,English,English listed
The Namesake,Mira Nair,2006,Drama,0 days 02:02:00,Coolidge Corner Theatre,2026-03-31,7:00 PM,2973132,The Namesake (film),exact_film,English; Bengali,English listed
Cronos,Guillermo del Toro,1993,Drama,0 days 01:34:00,The Brattle,2026-03-31,8:15 PM,3080704,Cronos (film),exact_film,Plainlist|; Spanish; English,English listed
Singin' in the Rain,"Stanley Donen, Gene Kelly",1952,Comedy,0 days 01:43:00,The Brattle,2026-04-13,6:00 PM,1883157,Singin' in the Rain,exact_film,English,English listed
I Have Sinned,Aleksander Marten,1936,Drama,0 days 01:35:00,Coolidge Corner Theatre,2026-04-13,7:00 PM,,,unresolved,,Unknown
Full Metal Jacket,Stanley Kubrick,1987,Drama,0 days 01:57:00,Harvard Film Archive,2026-04-13,7:00 PM,11701,Full Metal Jacket,exact_film,English,English listed
The Shawshank Redemption,Frank Darabont,1994,Drama,0 days 02:22:00,Somerville Theatre,2026-04-15,7:30 PM,30625,The Shawshank Redemption,exact_year,English,English listed
History of the World: Part I,Mel Brooks,1981,Comedy,0 days 01:32:00,Coolidge Corner Theatre,2026-04-15,7:00 PM,,,unresolved,,Unknown
FernGully: The Last Rainforest,Bill Kroyer,1992,Family,0 days 01:16:00,The Brattle,2026-04-17,3:30 PM,2108776,FernGully: The Last Rainforest,exact_title,English,English listed
Bending the Arc,"Kief Davidson, Pedro Kos",2017,Documentary,0 days 01:42:00,West Newton Cinema,2026-04-17,5:00 PM,53781076,Bending the Arc,exact_title,English,English listed
White Material,Claire Denis,2010,Drama,0 days 01:46:00,French Library,2026-04-17,6:00 PM,,,unresolved,,Unknown
The Turin Horse,Béla Tarr,2011,Drama,0 days 02:35:00,Harvard Film Archive,2026-04-17,7:00 PM,,,unresolved,,Unknown
Born Innocent: The Redd Kross Story,Andrew Reich,2024,Documentary,0 days 01:24:00,The Brattle,2026-04-17,8:30 PM,,,unresolved,,Unknown
The Thing from Another World,Christian Nyby,1951,Drama,0 days 01:27:00,Coolidge Corner Theatre,2026-04-17,11:59 PM,,,unresolved,,Unknown
The Quiet Family,Kim Jee-woon,1998,Horror,0 days 01:41:00,Harvard Film Archive,2026-04-18,9:15 PM,,,unresolved,,Unknown
Pavements,Alex Ross Perry,2025,Comedy,0 days 02:08:00,The Brattle,2026-04-18,8:30 PM,72475347,Pavements (film),exact_film,English,English listed
Annihilation,Alex Garland,2018,SciFi,0 days 01:55:00,Coolidge Corner Theatre,2026-04-18,11:59 PM,46654061,Annihilation (film),exact_year,English,English listed
Up,Pete Docter,2009,Animation,0 days 01:36:00,The Brattle,2026-04-18,12:00 PM,11659396,Up (2009 film),exact_year,English,English listed
Aladdin,"John Musker, Ron Clements",1992,Animation,0 days 01:31:00,Coolidge Corner Theatre,2026-04-18,10:30 AM,,,unresolved,,Unknown
A Hot Roof,Lee Min-yong,1995,Drama,0 days 01:48:00,Harvard Film Archive,2026-04-18,7:00 PM,,,unresolved,,Unknown
Aladdin,"John Musker, Ron Clements",1992,Animation,0 days 01:31:00,Coolidge Corner Theatre,2026-04-19,10:30 AM,,,unresolved,,Unknown
Up,Pete Docter,2009,Animation,0 days 01:36:00,The Brattle,2026-04-19,12:00 PM,11659396,Up (2009 film),exact_year,English,English listed
RPM Presents “For All Audiences”: Films by Josh Weissbach,Josh Weissbach,2014,Documentary,0 days 01:30:00,The Brattle,2026-04-19,2:00 PM,,,unresolved,,Unknown
Werckmeister Harmonies,Béla Tarr,2001,Drama,0 days 02:19:00,Harvard Film Archive,2026-04-19,3:00 PM,,,unresolved,,Unknown
Galaxy Quest,Dean Parisot,1999,Comedy,0 days 01:42:00,The Brattle,2026-04-20,7:00 PM,13149,Galaxy Quest,exact_title,English,English listed
Jackie Brown,Quentin Tarantino,1997,Crime,0 days 02:34:00,Coolidge Corner Theatre,2026-04-20,7:00 PM,394792,Jackie Brown,exact_year,English,English listed
Eyes Wide Shut,Stanley Kubrick,1999,Drama,0 days 02:39:00,Harvard Film Archive,2026-04-20,7:00 PM,9979,Eyes Wide Shut,exact_title,English,English listed
The Dark Crystal,"Jim Henson, Frank Oz",1982,Adventure,0 days 01:33:00,The Brattle,2026-04-20,2:15 PM,348292,The Dark Crystal,exact_film,English,English listed
The Muppet Movie,James Frawley,1979,Comedy,0 days 01:37:00,The Brattle,2026-04-20,12:00 PM,,,unresolved,,Unknown
Labyrinth,Jim Henson,1986,Adventure,0 days 01:42:00,The Brattle,2026-04-20,4:30 PM,177906,Labyrinth (1986 film),exact_year,English,English listed
Vertigo,Alfred Hitchcock,1958,Mystery,0 days 02:09:00,Coolidge Corner Theatre,2026-04-21,7:00 PM,76617,Vertigo (film),exact_year,English,English listed
The Muppet Movie,James Frawley,1979,Comedy,0 days 01:37:00,The Brattle,2026-04-21,4:00 PM,,,unresolved,,Unknown
The Dark Crystal,"Jim Henson, Frank Oz",1982,Adventure,0 days 01:33:00,The Brattle,2026-04-21,6:15 PM,348292,The Dark Crystal,exact_film,English,English listed
Labyrinth,Jim Henson,1986,Adventure,0 days 01:42:00,The Brattle,2026-04-21,8:30 PM,177906,Labyrinth (1986 film),exact_year,English,English listed
The Right Stuff,Philip Kaufman,1983,Drama,0 days 03:13:00,The Brattle,2026-04-22,8:00 PM,113442,The Right Stuff (film),exact_year,English,English listed
High Anxiety,Mel Brooks,1977,Comedy,0 days 01:34:00,Coolidge Corner Theatre,2026-04-22,7:00 PM,442675,High Anxiety,exact_title,English,English listed
Saving Face,Alice Wu,2004,Comedy,0 days 01:37:00,Bright Family Screening Room,2026-04-23,7:00 PM,2812718,Saving Face (2004 film),exact_year,English; Mandarin; Shanghainese,English listed
Double Feature: Island of Lost Souls / The Leopard Man,"Erle C. Kenton, Jacques Tourneur",1932,Horror,0 days 02:16:00,Coolidge Corner Theatre,2026-04-23,9:30 PM,,,unresolved,,Unknown
Body Snatchers,Abel Ferrara,1993,Horror,0 days 01:27:00,Coolidge Corner Theatre,2026-04-24,11:59 PM,5735467,Body Snatchers (1993 film),exact_year,English,English listed
Assassination,Masahiro Shinoda,1964,Drama,0 days 01:44:00,Harvard Film Archive,2026-04-24,9:15 PM,8088017,Assassination (1964 film),exact_year,,Unknown
The Breakfast Club,John Hughes,1985,Comedy,0 days 01:38:00,Capitol Theatre,2026-04-24,7:30 PM,29943,The Breakfast Club,exact_year,English,English listed
Saving Face,Alice Wu,2004,Comedy,0 days 01:37:00,Bright Family Screening Room,2026-04-24,9:30 PM,2812718,Saving Face (2004 film),exact_year,English; Mandarin; Shanghainese,English listed
Everyone Is Lying to You for Money,"Ben McKenzie, Giorgio Angelini",2026,Documentary,0 days 01:30:00,Coolidge Corner Theatre,2026-04-24,7:00 PM,82972039,Everyone Is Lying to You for Money,exact_title,English; Spanish,English listed
The Half of It,Alice Wu,2020,Comedy,0 days 01:44:00,Bright Family Screening Room,2026-04-24,6:30 PM,,,unresolved,,Unknown
Damnation,Béla Tarr,1988,Drama,0 days 01:56:00,Harvard Film Archive,2026-04-24,7:00 PM,6482317,Damnation (film),exact_film,Hungarian,No English listed
Satantango,Béla Tarr,1994,Drama,0 days 07:12:00,Harvard Film Archive,2026-04-25,2:00 PM,4340438,Sátántangó,exact_film,Hungarian,No English listed
Local Spotlight: Viet Nam: The Aftermath,Bestor Cram and David Thomas,1982,Documentary,0 days 02:00:00,West Newton Cinema,2026-04-25,4:00 PM,,,unresolved,,Unknown
Aliens,James Cameron,1986,Action,0 days 02:17:00,Coolidge Corner Theatre,2026-04-25,11:59 PM,213472,Aliens (film),exact_year,English,English listed
The Day of the Triffids,Steve Sekely,1963,SciFi,0 days 01:33:00,Coolidge Corner Theatre,2026-04-25,11:59 PM,5832380,The Day of the Triffids (film),exact_year,English,English listed
Young Frankenstein,Mel Brooks,1974,Comedy,0 days 01:46:00,Coolidge Corner Theatre,2026-04-26,2:00 PM,442647,Young Frankenstein,exact_film,English,English listed
The Natural,Barry Levinson,1984,Drama,0 days 02:17:00,West Newton Cinema,2026-04-26,12:00 PM,11213660,The Natural (film),exact_film,English,English listed
The Producers,Mel Brooks,1968,Comedy,0 days 01:29:00,Coolidge Corner Theatre,2026-04-26,4:30 PM,76030,The Producers (1967 film),exact_year,English,English listed
Requiem for a Dream,Darren Aronofsky,2000,Crime,0 days 01:42:00,Coolidge Corner Theatre,2026-04-27,7:00 PM,23830211,Requiem for a Dream,exact_film,English,English listed
A.I. Artificial Intelligence,Steven Spielberg,2001,Drama,0 days 02:26:00,Harvard Film Archive,2026-04-27,7:00 PM,142224,A.I. Artificial Intelligence,exact_title,English,English listed
The House with Laughing Windows,Pupi Avati,1976,Mystery,0 days 01:50:00,The Brattle,2026-04-29,8:00 PM,7854762,The House with Laughing Windows,exact_title,,Unknown
Spaceballs,Mel Brooks,1987,Comedy,0 days 01:36:00,Coolidge Corner Theatre,2026-04-29,7:00 PM,75222,Spaceballs,exact_film,English,English listed
Santa Sangre,Alejandro Jodorowsky,1989,Thriller,0 days 02:02:00,The Brattle,2026-04-30,6:00 PM,1064537,Santa Sangre,exact_title,English; Spanish,English listed
"Steal This Story, Please!","Carl Deal, Tia Lessin",2026,Documentary,0 days 01:38:00,Coolidge Corner Theatre,2026-04-30,7:00 PM,81593884,"Steal This Story, Please!",exact_title,English,English listed
The Wedding Singer,Frank Coraci,1998,Romance,0 days 01:37:00,Coolidge Corner Theatre,2026-04-30,7:30 PM,454655,The Wedding Singer,exact_title,English,English listed
A Lizard in a Woman's Skin,Lucio Fulci,1971,Horror,0 days 01:44:00,The Brattle,2026-04-30,9:15 PM,8600276,A Lizard in a Woman's Skin,exact_title,,Unknown
Hollywood Shuffle,Robert Townsend,1987,Comedy,0 days 01:21:00,Coolidge Corner Theatre,2026-05-13,7:00 PM,2973523,Hollywood Shuffle,exact_title,English,English listed
Mamma Mia!,Phyllida Lloyd,2008,Comedy,0 days 01:48:00,The Brattle,2026-05-13,8:00 PM,8425661,Mamma Mia! (film),exact_year,English,English listed
Aliens,James Cameron,1986,Action,0 days 02:17:00,The Brattle,2026-05-14,8:00 PM,213472,Aliens (film),exact_year,English,English listed
The Passion of Joan of Arc,Carl Theodor Dreyer,1928,Drama,0 days 01:21:00,Coolidge Corner Theatre,2026-05-14,7:00 PM,,,unresolved,,Unknown
Barfly,Barbet Schroeder,1987,Comedy,0 days 01:40:00,Somerville Theatre,2026-05-14,7:30 PM,1722535,Barfly (film),exact_film,English,English listed
The Double Life of Véronique,Krzysztof Kieślowski,1991,Drama,0 days 01:38:00,French Library,2026-05-14,6:00 PM,,,unresolved,,Unknown
Vertigo,Alfred Hitchcock,1958,Mystery,0 days 02:09:00,West Newton Cinema,2026-05-14,6:30 PM,76617,Vertigo (film),exact_year,English,English listed
The Terminator,James Cameron,1984,Action,0 days 01:48:00,The Brattle,2026-05-15,3:30 PM,30327,The Terminator,exact_year,English,English listed
Double Feature: Chime / Serpent’s Path,Kiyoshi Kurosawa,1998,Thriller,0 days 02:10:00,The Brattle,2026-05-15,6:15 PM,,,unresolved,,Unknown
Cure,Kiyoshi Kurosawa,1997,Crime,0 days 01:51:00,The Brattle,2026-05-15,9:00 PM,2359777,Cure (film),exact_year,Japanese,No English listed
Slowburn Shoot: An Indie Wrestling Story,Adam J. Wilde,2026,Documentary,0 days 01:22:00,Coolidge Corner Theatre,2026-05-15,11:30 PM,,,unresolved,,Unknown
A Simple Plan,Sam Raimi,1998,Crime,0 days 02:01:00,Coolidge Corner Theatre,2026-05-15,11:59 PM,6233638,A Simple Plan (film),exact_film,English,English listed
Santo vs. Doctor Death,Rafael Romero Marchent,1973,SciFi,0 days 01:37:00,Coolidge Corner Theatre,2026-05-16,11:59 PM,,,unresolved,,Unknown
The Gift,Sam Raimi,2000,Horror,0 days 01:52:00,Coolidge Corner Theatre,2026-05-16,11:59 PM,1312584,The Gift (2000 film),exact_year,English,English listed
The Rocky Horror Picture Show,Jim Sharman,1975,Comedy,0 days 01:40:00,Somerville Theatre,2026-05-16,11:00 PM,,,unresolved,,Unknown
The Taste of Tea,Katsuhito Ishii,2004,Comedy,0 days 02:23:00,Museum of Fine Arts,2026-05-16,2:00 PM,,,unresolved,,Unknown
Cure,Kiyoshi Kurosawa,1997,Crime,0 days 01:51:00,The Brattle,2026-05-16,3:15 PM,2359777,Cure (film),exact_year,Japanese,No English listed
Double Feature: Chime + Serpent’s Path,Kiyoshi Kurosawa,1998,TVMovie,0 days 02:10:00,The Brattle,2026-05-16,"12:30 PM, 6:15 PM",,,unresolved,,Unknown
Eyes of the Spider,Kiyoshi Kurosawa,1998,Crime,0 days 01:23:00,The Brattle,2026-05-16,9:00 PM,,,unresolved,,Unknown
Eyes of the Spider,Kiyoshi Kurosawa,1998,Crime,0 days 01:23:00,The Brattle,2026-05-17,12:00 PM,,,unresolved,,Unknown
Double Feature: Ed Wood / Plan 9 from Outer Space,"Tim Burton, Ed Wood",1957,SciFi,0 days 03:26:00,Coolidge Corner Theatre,2026-05-17,2:00 PM,,,unresolved,,Unknown
Freaky Friday,Gary Nelson,1976,Fantasy,0 days 01:35:00,Somerville Theatre,2026-05-17,2:30 PM,7533357,Freaky Friday (1976 film),exact_year,English,English listed
Double Feature: Chime + Serpent’s Path,Kiyoshi Kurosawa,1998,Thriller,0 days 02:10:00,The Brattle,2026-05-17,"4:15 PM, 7:00 PM",,,unresolved,,Unknown
The Computer Wore Tennis Shoes,Robert Butler,1969,Comedy,0 days 01:31:00,Somerville Theatre,2026-05-17,4:30 PM,5453739,The Computer Wore Tennis Shoes,exact_title,English,English listed
Persona,Ingmar Bergman,1966,Drama,0 days 01:24:00,The Brattle,2026-05-18,6:00 PM,667945,Persona (1966 film),exact_year,Swedish,No English listed
Taxi Driver,Martin Scorsese,1976,Crime,0 days 01:54:00,Somerville Theatre,2026-05-18,6:30 PM,30000,Taxi Driver,exact_year,English,English listed
Frankenstein,Guillermo del Toro,2025,Drama,0 days 02:30:00,Coolidge Corner Theatre,2026-05-18,7:00 PM,73297429,Frankenstein (2025 film),exact_year,English,English listed
Mulholland Drive,David Lynch,2001,Thriller,0 days 02:27:00,The Brattle,2026-05-18,8:00 PM,20786,Mulholland Drive (film),exact_film,English,English listed
Escape from New York,John Carpenter,1981,SciFi,0 days 01:39:00,Somerville Theatre,2026-05-18,8:45 PM,9835,Escape from New York,exact_title,English,English listed
Desperately Seeking Susan,Susan Seidelman,1985,Drama,0 days 01:44:00,The Brattle,2026-05-19,8:00 PM,2019025,Desperately Seeking Susan,exact_title,English,English listed
Solaris,Andrei Tarkovsky,1972,Drama,0 days 02:47:00,The Brattle,2026-05-20,6:00 PM,20181213,Solaris (1972 film),exact_year,Russian; German,No English listed
The Blair Witch Project,"Daniel Myrick, Eduardo Sánchez",1999,Horror,0 days 01:21:00,Coolidge Corner Theatre,2026-05-20,7:00 PM,18841979,The Blair Witch Project,exact_title,English,English listed
Annihilation,Alex Garland,2018,SciFi,0 days 01:55:00,The Brattle,2026-05-20,"3:30 PM, 9:15 PM",46654061,Annihilation (film),exact_year,English,English listed
Black Swan,Darren Aronofsky,2010,Drama,0 days 01:48:00,The Brattle,2026-05-21,"3:45 PM, 8:15 PM",24480838,Black Swan (film),exact_film,English,English listed
The Double Life of Véronique,Krzysztof Kieślowski,1991,Drama,0 days 01:38:00,The Brattle,2026-05-21,6:00 PM,,,unresolved,,Unknown
The Princess Diaries,Garry Marshall,2001,Comedy,0 days 01:55:00,Coolidge Corner Theatre,2026-05-21,7:00 PM,564986,The Princess Diaries (film),exact_film,English,English listed
Trees Lounge,Steve Buscemi,1996,Drama,0 days 01:35:00,Somerville Theatre,2026-05-21,7:30 PM,,,unresolved,,Unknown
Cecil B. Demented,John Waters,2000,Crime,0 days 01:28:00,Coolidge Corner Theatre,2026-05-21,9:30 PM,1039414,Cecil B. Demented,exact_title,English,English listed
Ready to Rumble,Brian Robbins,2000,Action,0 days 01:47:00,Coolidge Corner Theatre,2026-05-22,11:59 PM,,,unresolved,,Unknown
Double Feature: Evil Dead (2013) / Evil Dead Rise,"Fede Álvarez, Lee Cronin",2013,Horror,0 days 03:07:00,Coolidge Corner Theatre,2026-05-22,11:00 PM,,,unresolved,,Unknown
Taxi Driver,Martin Scorsese,1976,Crime,0 days 01:54:00,The Brattle,2026-05-22,8:00 PM,30000,Taxi Driver,exact_year,English,English listed
Angel's Egg,Mamoru Oshii,1985,Animation,0 days 01:11:00,Museum of Fine Arts,2026-05-22,7:00 PM,1023955,Angel's Egg,exact_title,,Unknown
News from Home,Chantal Akerman,1977,Documentary,0 days 01:29:00,The Brattle,2026-05-22,6:00 PM,29932707,News from Home,exact_title,French,No English listed
An American in Paris,Vincente Minnelli,1951,Music,0 days 01:53:00,The Brattle,2026-05-23,1:00 PM,1587300,An American in Paris (film),exact_film,English,English listed
Kings of the Road,Wim Wenders,1976,Drama,0 days 02:56:00,The Brattle,2026-05-23,3:30 PM,8862350,Kings of the Road,exact_title,German,No English listed
Ghost World,Terry Zwigoff,2001,Comedy,0 days 01:51:00,The Brattle,2026-05-23,7:00 PM,20179720,Ghost World (film),exact_film,English,English listed
Massacre at Central High,René Daalder,1976,Horror,0 days 01:27:00,The Brattle,2026-05-23,9:30 PM,,,unresolved,,Unknown
Doctor Strange in the Multiverse of Madness,Sam Raimi,2022,Fantasy,0 days 02:06:00,Coolidge Corner Theatre,2026-05-23,11:30 PM,59353603,Doctor Strange in the Multiverse of Madness,exact_title,English,English listed
Body Slam,Hal Needham,1986,Comedy,0 days 01:29:00,Coolidge Corner Theatre,2026-05-23,11:59 PM,24160921,Body Slam (film),exact_film,English,English listed
Zindagi Na Milegi Dobara,Zoya Akhtar,2011,Drama,0 days 02:34:00,Coolidge Corner Theatre,2026-05-24,1:00 PM,,,unresolved,,Unknown
Miss Julie,Alf Sjöberg,1951,Drama,0 days 01:30:00,The Brattle,2026-05-24,6:00 PM,8744262,Miss Julie (1951 film),exact_year,Swedish,No English listed
The Piano Teacher,Michael Haneke,2001,Drama,0 days 02:11:00,The Brattle,2026-05-24,8:00 PM,846828,The Piano Teacher (film),exact_year,French; German,No English listed
Bugsy Malone,Alan Parker,1976,Drama,0 days 01:33:00,Somerville Theatre,2026-05-24,4:45 PM,307158,Bugsy Malone,exact_title,Plainlist|; English; Italian,English listed
Alice in Wonderland,"Clyde Geronimi, Wilfred Jackson, Hamilton Luske",1951,Animation,0 days 01:15:00,The Brattle,2026-05-24,"12:00 PM, 1:45 PM",769066,Alice in Wonderland (1951 film),exact_year,English,English listed
"Double Feature: Adaptation / Synecdoche, New York","Spike Jonze, Charlie Kaufman",2002,Drama,0 days 03:59:00,Coolidge Corner Theatre,2026-05-24,2:00 PM,,,unresolved,,Unknown
The Fox and the Hound,"Richard Rich, Art Stevens, Ted Berman",1981,Adventure,0 days 01:22:00,Somerville Theatre,2026-05-24,2:00 PM,1371138,The Fox and the Hound,exact_year,English,English listed
Taxi Driver,Martin Scorsese,1976,Crime,0 days 01:54:00,The Brattle,2026-05-24,3:30 PM,30000,Taxi Driver,exact_year,English,English listed
The Bad News Bears,Michael Ritchie,1976,Family,0 days 01:42:00,The Brattle,2026-05-25,"1:00 PM, 5:45 PM",464128,The Bad News Bears,exact_year,Plainlist|; English; Spanish,English listed
The Royal Tenenbaums,Wes Anderson,2001,Comedy,0 days 01:50:00,The Brattle,2026-05-25,"3:15 PM, 8:00 PM",,,unresolved,,Unknown
Used Cars,Robert Zemeckis,1980,Comedy,0 days 01:53:00,Somerville Theatre,2026-05-25,6:30 PM,1640125,Used Cars,exact_year,English,English listed
Jurassic Park,Steven Spielberg,1993,Adventure,0 days 02:07:00,Coolidge Corner Theatre,2026-05-25,7:00 PM,68485,Jurassic Park,exact_film,English,English listed
Carny,Robert Kaylor,1980,Drama,0 days 01:47:00,Somerville Theatre,2026-05-25,8:45 PM,15452919,Carny (1980 film),exact_year,English,English listed
The General,"Clyde Bruckman, Buster Keaton",1926,Action,0 days 01:19:00,Coolidge Corner Theatre,2026-05-26,7:00 PM,68388,The General (1926 film),exact_year,Silent film; English intertitles,English listed
Massacre at Central High,René Daalder,1976,Horror,0 days 01:27:00,The Brattle,2026-05-26,9:00 PM,,,unresolved,,Unknown
Native Son,Pierre Chenal,1951,Drama,0 days 01:44:00,The Brattle,2026-05-27,6:00 PM,9879767,Native Son (1951 film),exact_year,English; Spanish,English listed
Baby Boy,John Singleton,2001,Crime,0 days 02:10:00,The Brattle,2026-05-27,"3:30 PM, 8:00 PM",156558,Baby Boy (film),exact_year,English,English listed
Irma Vep,Olivier Assayas,1996,Comedy,0 days 01:39:00,Coolidge Corner Theatre,2026-05-27,7:00 PM,326124,Irma Vep,exact_title,Plainlist|; English; French,English listed
The Stunt Man,Richard Rush,1980,Action,0 days 02:11:00,Coolidge Corner Theatre,2026-05-28,9:30 PM,,,unresolved,,Unknown
Road House,Rowdy Herrington,1989,Action,0 days 01:54:00,Somerville Theatre,2026-05-28,7:30 PM,901489,Road House (1989 film),exact_year,English,English listed
The Lavender Hill Mob,Charles Crichton,1951,Comedy,0 days 01:18:00,The Brattle,2026-05-28,"4:00 PM, 6:00 PM",,,unresolved,,Unknown
Move Ya Body: The Birth of House,Elegance Bratton,2025,Documentary,0 days 01:32:00,Coolidge Corner Theatre,2026-05-28,7:00 PM,,,unresolved,,Unknown
Princess Mononoke,Hayao Miyazaki,1997,Adventure,0 days 02:14:00,Museum of Fine Arts,2026-05-29,7:00 PM,,,unresolved,,Unknown
The Room,Tommy Wiseau,2003,Drama,0 days 01:39:00,Coolidge Corner Theatre,2026-05-29,11:59 PM,5443971,The Room,exact_year,English,English listed
Drag Me to Hell,Sam Raimi,2009,Horror,0 days 01:39:00,Coolidge Corner Theatre,2026-05-29,11:59 PM,20469278,Drag Me to Hell,exact_title,Plainlist|; English; Spanish,English listed
Babystar,Joscha Bongard,2026,Drama,0 days 01:38:00,Coolidge Corner Theatre,2026-05-31,11:00 AM,,,unresolved,,Unknown
Double Feature: Nouvelle Vague / Contempt,"Richard Linklater, Jean-Luc Godard",1963,Drama,0 days 03:28:00,Coolidge Corner Theatre,2026-05-31,2:00 PM,,,unresolved,,Unknown
Before Sunrise,Richard Linklater,1995,Drama,0 days 01:41:00,The Brattle,2026-06-16,3:30 PM,63401571,Before Sunrise (1989 film),exact_film,Russian,No English listed
Stop Making Sense,Jonathan Demme,1984,Documentary,0 days 01:28:00,The Brattle,2026-06-16,"6:00 PM, 8:00 PM",,,unresolved,,Unknown
Before Sunset,Richard Linklater,2004,Drama,0 days 01:20:00,The Brattle,2026-06-17,8:15 PM,805120,Before Sunset,exact_film,English,English listed
Before Sunrise,Richard Linklater,1995,Drama,0 days 01:41:00,The Brattle,2026-06-17,6:00 PM,63401571,Before Sunrise (1989 film),exact_film,Russian,No English listed
But I'm a Cheerleader,Jamie Babbit,2000,Comedy,0 days 01:25:00,The Speedway,2026-06-17,8:00 PM,770156,But I'm a Cheerleader,exact_title,English,English listed
Before Sunrise,Richard Linklater,1995,Drama,0 days 01:41:00,The Brattle,2026-06-18,4:00 PM,63401571,Before Sunrise (1989 film),exact_film,Russian,No English listed
Before Sunset,Richard Linklater,2004,Drama,0 days 01:20:00,The Brattle,2026-06-18,6:15 PM,805120,Before Sunset,exact_film,English,English listed
Space Jam,Joe Pytka,1996,Family,0 days 01:27:00,Coolidge Corner Theatre,2026-06-18,7:00 PM,265033,Space Jam,exact_year,English,English listed
From Dusk Till Dawn,Robert Rodriguez,1996,Horror,0 days 01:48:00,Somerville Theatre,2026-06-18,7:30 PM,447299,From Dusk till Dawn,exact_film,English,English listed
Before Midnight,Richard Linklater,2013,Romance,0 days 01:49:00,The Brattle,2026-06-18,8:15 PM,36929245,Before Midnight,exact_year,English,English listed
The Room,Tommy Wiseau,2003,Drama,0 days 01:39:00,Coolidge Corner Theatre,2026-06-19,11:59 PM,5443971,The Room,exact_year,English,English listed
Terrifier 2,Damien Leone,2022,Horror,0 days 02:18:00,Coolidge Corner Theatre,2026-06-19,11:59 PM,,,unresolved,,Unknown
Major League,David S. Ward,1989,Comedy,0 days 01:47:00,Capitol Theatre,2026-06-19,7:30 PM,685987,Major League (film),exact_film,English,English listed
Malcolm X,Spike Lee,1992,Drama,0 days 03:22:00,The Brattle,2026-06-19,3:30 PM,300972,Malcolm X (1992 film),exact_year,English,English listed
Bitter Rice,Giuseppe De Santis,1949,Drama,0 days 01:49:00,The Brattle,2026-06-19,7:30 PM,2461103,Bitter Rice,exact_title,Italian,No English listed
Malcolm X,Spike Lee,1992,Drama,0 days 03:22:00,The Brattle,2026-06-20,12:00 PM,300972,Malcolm X (1992 film),exact_year,English,English listed
Bitter Rice,Giuseppe De Santis,1949,Drama,0 days 01:49:00,The Brattle,2026-06-20,"4:00 PM, 6:30 PM",2461103,Bitter Rice,exact_title,Italian,No English listed
The Shining,Stanley Kubrick,1980,Horror,0 days 02:24:00,The Brattle,2026-06-20,9:00 PM,1186616,The Shining (film),exact_film,English,English listed
Bottle Rocket,Wes Anderson,1996,Comedy,0 days 01:31:00,Somerville Theatre,2026-06-20,11:59 PM,524139,Bottle Rocket,exact_film,Plainlist|; English; Spanish,English listed
Killer Klowns from Outer Space,Stephen Chiodo,1988,Comedy,0 days 01:26:00,Coolidge Corner Theatre,2026-06-20,11:59 PM,1249019,Killer Klowns from Outer Space,exact_title,English,English listed
Mare’s Nest,Ben Rivers,2026,SciFi,0 days 01:38:00,The Brattle,2026-06-21,6:00 PM,,,unresolved,,Unknown
The Shining,Stanley Kubrick,1980,Horror,0 days 02:24:00,The Brattle,2026-06-21,"12:00 PM, 6:00 PM, 9:00 PM",1186616,The Shining (film),exact_film,English,English listed
"The Adventures of Priscilla, Queen of the Desert",Stephan Elliott,1994,Drama,0 days 01:43:00,West Newton Cinema,2026-06-21,1:00 PM,,,unresolved,,Unknown
Bitter Rice,Giuseppe De Santis,1949,Drama,0 days 01:49:00,The Brattle,2026-06-21,3:30 PM,2461103,Bitter Rice,exact_title,Italian,No English listed
Breakdown,Jonathan Mostow,1997,Crime,0 days 01:33:00,Somerville Theatre,2026-06-22,6:45 PM,1730420,Breakdown (1997 film),exact_year,English,English listed
Flightplan,Robert Schwentke,2005,Thriller,0 days 01:38:00,Somerville Theatre,2026-06-22,8:45 PM,2008863,Flightplan,exact_film,Plainlist|; English; German,English listed
Bitter Rice,Giuseppe De Santis,1949,Drama,0 days 01:49:00,The Brattle,2026-06-22,4:00 PM,2461103,Bitter Rice,exact_title,Italian,No English listed
The Shining,Stanley Kubrick,1980,Horror,0 days 02:24:00,The Brattle,2026-06-22,6:30 PM,1186616,The Shining (film),exact_film,English,English listed
Bound,"Lana Wachowski, Lilly Wachowski",1996,Drama,0 days 01:45:00,The Brattle,2026-06-23,8:15 PM,249838,Bound (1996 film),exact_year,English,English listed
Rose of Nevada,Mark Jenkin,2026,SciFi,0 days 01:54:00,Coolidge Corner Theatre,2026-06-23,7:15 PM,,,unresolved,,Unknown
Desert Hearts,Donna Deitch,1985,Drama,0 days 01:31:00,The Brattle,2026-06-23,6:00 PM,7313414,Desert Hearts,exact_title,English,English listed
Raiders of the Lost Ark,Steven Spielberg,1981,Adventure,0 days 01:55:00,Coolidge Corner Theatre,2026-06-23,7:00 PM,,,unresolved,,Unknown
Beautiful Thing,Hettie Macdonald,1996,Comedy,0 days 01:32:00,The Brattle,2026-06-24,"4:30 PM, 6:30 PM",34043061,Beautiful Thing (film),exact_film,English,English listed
The Prestige,Christopher Nolan,2006,Drama,0 days 02:10:00,Coolidge Corner Theatre,2026-06-24,7:00 PM,2809621,The Prestige,exact_year,English,English listed
Macho Dancer,Lino Brocka,1989,Drama,0 days 02:16:00,The Brattle,2026-06-24,8:30 PM,6772810,Macho Dancer,exact_film,Filipino,No English listed
Hedwig and the Angry Inch,John Cameron Mitchell,2001,Comedy,0 days 01:35:00,The Brattle,2026-06-25,"6:00 PM, 8:30 PM",15782460,Hedwig and the Angry Inch (film),exact_film,Plainlist|; English; German,English listed
Shaun of the Dead,Edgar Wright,2004,Horror,0 days 01:39:00,Somerville Theatre,2026-06-25,7:30 PM,598397,Shaun of the Dead,exact_film,English,English listed
Xanadu,Robert Greenwald,1980,Fantasy,0 days 01:36:00,Coolidge Corner Theatre,2026-06-25,9:30 PM,317873,Xanadu (film),exact_film,English,English listed
The Elephant Man,David Lynch,1980,Drama,0 days 02:04:00,The Brattle,2026-06-26,8:30 PM,106344,The Elephant Man (1980 film),exact_year,English,English listed
Bull Durham,Ron Shelton,1988,Comedy,0 days 01:48:00,Capitol Theatre,2026-06-26,7:30 PM,670386,Bull Durham,exact_title,English,English listed
House of 1000 Corpses,Rob Zombie,2003,Horror,0 days 01:29:00,Coolidge Corner Theatre,2026-06-26,11:59 PM,307789,House of 1000 Corpses,exact_title,English,English listed
It Chapter Two,Andy Muschietti,2019,Horror,0 days 02:49:00,Coolidge Corner Theatre,2026-06-27,11:30 PM,50733124,It Chapter Two,exact_year,English,English listed
The Fly,David Cronenberg,1986,Horror,0 days 01:36:00,The Brattle,2026-06-27,9:00 PM,456601,The Fly (1986 film),exact_year,English,English listed
Django,Sergio Corbucci,1966,Action,0 days 01:33:00,Somerville Theatre,2026-06-27,11:59 PM,3586028,Django (1966 film),exact_year,,Unknown
Young Frankenstein,Mel Brooks,1974,Comedy,0 days 01:46:00,The Brattle,2026-06-27,12:00 PM,442647,Young Frankenstein,exact_film,English,English listed
History of the World: Part I,Mel Brooks,1981,Comedy,0 days 01:32:00,The Brattle,2026-06-27,2:15 PM,,,unresolved,,Unknown
The Fly,David Cronenberg,1986,Horror,0 days 01:36:00,The Brattle,2026-06-28,9:00 PM,456601,The Fly (1986 film),exact_year,English,English listed
Young Frankenstein,Mel Brooks,1974,Comedy,0 days 01:46:00,The Brattle,2026-06-28,2:00 PM,442647,Young Frankenstein,exact_film,English,English listed
Red Stars Upon the Field,Laura Laabs,2025,Crime,0 days 02:13:00,Coolidge Corner Theatre,2026-06-28,11:00 AM,,,unresolved,,Unknown
The Producers,Mel Brooks,1968,Comedy,0 days 01:29:00,The Brattle,2026-06-28,12:00 PM,76030,The Producers (1967 film),exact_year,English,English listed
Contact,Robert Zemeckis,1997,Drama,0 days 02:30:00,Somerville Theatre,2026-06-29,6:30 PM,,,unresolved,,Unknown
The Wiz,Sidney Lumet,1978,Music,0 days 02:14:00,Coolidge Corner Theatre,2026-06-29,7:00 PM,8711666,The Wiz (film),exact_film,English,English listed
Spaceballs,Mel Brooks,1987,Comedy,0 days 01:36:00,The Brattle,2026-06-29,8:15 PM,75222,Spaceballs,exact_film,English,English listed
Stargate,Roland Emmerich,1994,Action,0 days 02:01:00,Somerville Theatre,2026-06-29,9:20 PM,28327,Stargate (film),exact_film,English,English listed
Catch Me If You Can,Steven Spielberg,2002,Drama,0 days 02:21:00,Coolidge Corner Theatre,2026-06-30,7:00 PM,215873,Catch Me If You Can,exact_year,English,English listed
The Dark Knight,Christopher Nolan,2008,Drama,0 days 02:32:00,Coolidge Corner Theatre,2026-07-01,7:00 PM,4276475,The Dark Knight,exact_year,English,English listed
National Treasure,Jon Turteltaub,2004,Adventure,0 days 02:11:00,The Brattle,2026-07-01,7:30 PM,699208,National Treasure (film),exact_film,English,English listed
Coming to America,John Landis,1988,Comedy,0 days 01:57:00,Coolidge Corner Theatre,2026-07-02,7:00 PM,54540,Coming to America,exact_film,English,English listed
Jaws,Steven Spielberg,1975,Horror,0 days 02:04:00,The Brattle,2026-07-03,"3:00 PM, 6:00 PM",74830,Jaws (film),exact_year,English,English listed
The Bad News Bears,Michael Ritchie,1976,Family,0 days 01:42:00,Capitol Theatre,2026-07-03,7:30 PM,464128,The Bad News Bears,exact_year,Plainlist|; English; Spanish,English listed
National Treasure,Jon Turteltaub,2004,Adventure,0 days 02:11:00,The Brattle,2026-07-04,12:00 PM,699208,National Treasure (film),exact_film,English,English listed
Jaws,Steven Spielberg,1975,Horror,0 days 02:04:00,The Brattle,2026-07-04,"3:00 PM, 6:00 PM",74830,Jaws (film),exact_year,English,English listed
Jaws,Steven Spielberg,1975,Horror,0 days 02:04:00,The Brattle,2026-07-05,"12:00 PM, 3:00 PM, 6:00 PM",74830,Jaws (film),exact_year,English,English listed
American Psycho,Mary Harron,2000,Thriller,0 days 01:42:00,Coolidge Corner Theatre,2026-07-06,7:00 PM,4846576,American Psycho (film),exact_film,English,English listed
Sommersby,Jon Amiel,1993,Drama,0 days 01:49:00,Somerville Theatre,2026-07-06,8:45 PM,,,unresolved,,Unknown
Jaws,Steven Spielberg,1975,Horror,0 days 02:04:00,The Brattle,2026-07-06,3:00 PM,74830,Jaws (film),exact_year,English,English listed
Overboard,Garry Marshall,1987,Comedy,0 days 01:52:00,Somerville Theatre,2026-07-06,6:30 PM,2209172,Overboard (1987 film),exact_year,English,English listed
Saving Private Ryan,Steven Spielberg,1998,War,0 days 02:49:00,Coolidge Corner Theatre,2026-07-07,7:00 PM,,,unresolved,,Unknown
Miss Congeniality,Donald Petrie,2000,Comedy,0 days 01:50:00,The Brattle,2026-07-08,"3:45 PM, 8:15 PM",19715,Miss Congeniality (film),exact_film,English,English listed
Sister Act,Emile Ardolino,1992,Music,0 days 01:40:00,The Brattle,2026-07-08,6:00 PM,920468,Sister Act,exact_film,English,English listed
Dunkirk,Christopher Nolan,2017,War,0 days 01:47:00,Coolidge Corner Theatre,2026-07-08,7:00 PM,48936686,Dunkirk (2017 film),exact_year,English,English listed
"Summer of Soul (...Or, When the Revolution Could Not Be Televised)",Questlove,2021,Music,0 days 01:57:00,Coolidge Corner Theatre,2026-07-09,7:00 PM,,,unresolved,,Unknown
The Searchers,John Ford,1956,Western,0 days 01:59:00,West Newton Cinema,2026-07-09,6:30 PM,76335,The Searchers,exact_year,English,English listed
The Friends of Eddie Coyle,Peter Yates,1973,Crime,0 days 01:42:00,West Newton Cinema,2026-07-09,6:30 PM,,,unresolved,,Unknown
Superbad,Greg Mottola,2007,Comedy,0 days 01:53:00,Coolidge Corner Theatre,2026-07-09,9:45 PM,6254878,Superbad,exact_film,English,English listed
Drunken Tai Chi,Yuen Woo-ping,1984,Action,0 days 01:31:00,The Brattle,2026-07-10,6:00 PM,11038654,Drunken Tai Chi,exact_title,Cantonese,No English listed
Fire in the Sky,Rob Lieberman,1993,SciFi,0 days 01:49:00,Coolidge Corner Theatre,2026-07-10,11:59 PM,722551,Fire in the Sky,exact_title,English,English listed
Alien³,David Fincher,1992,SciFi,0 days 01:54:00,Somerville Theatre,2026-07-10,10:00 PM,213251,Alien 3,exact_film,English,English listed
John Wick: Chapter 4,Chad Stahelski,2023,Action,0 days 02:50:00,The Brattle,2026-07-10,8:30 PM,61747554,John Wick: Chapter 4,exact_title,English,English listed
Take Me Out to the Ball Game,Busby Berkeley,1949,Comedy,0 days 01:33:00,Capitol Theatre,2026-07-10,7:30 PM,17519548,Take Me Out to the Ball Game (film),exact_film,English,English listed
Alfie,Lewis Gilbert,1966,Comedy,0 days 01:54:00,The Brattle,2026-07-10,3:30 PM,98503,Alfie (1966 film),exact_year,English,English listed
Invasion of the Saucer Men,Edward L. Cahn,1957,SciFi,0 days 01:09:00,Coolidge Corner Theatre,2026-07-11,11:59 PM,8731626,Invasion of the Saucer Men,exact_title,English,English listed
Frankenhooker,Frank Henenlotter,1990,Comedy,0 days 01:25:00,Somerville Theatre,2026-07-11,9:30 PM,2259073,Frankenhooker,exact_title,English,English listed
John Wick: Chapter 4,Chad Stahelski,2023,Action,0 days 02:50:00,The Brattle,2026-07-11,8:30 PM,61747554,John Wick: Chapter 4,exact_title,English,English listed
SPL: Kill Zone,Wilson Yip,2005,Action,0 days 01:33:00,The Brattle,2026-07-11,6:00 PM,,,unresolved,,Unknown
The Hateful Eight,Quentin Tarantino,2015,Drama,0 days 03:08:00,Somerville Theatre,2026-07-11,2:00 PM,,,unresolved,,Unknown
Carnage,Roman Polanski,2011,Comedy,0 days 01:20:00,Somerville Theatre,2026-07-11,6:15 PM,30885871,Carnage (2011 film),exact_year,English,English listed
Terminator 2: Judgment Day,James Cameron,1991,Action,0 days 02:17:00,Somerville Theatre,2026-07-11,11:59 PM,34344124,Terminator 2: Judgment Day,exact_film,English,English listed
The Seven Year Itch,Billy Wilder,1955,Comedy,0 days 01:45:00,Coolidge Corner Theatre,2026-07-12,2:00 PM,763753,The Seven Year Itch,exact_film,English,English listed
Fly Me to the Moon,Sasha Chuk Tsz-yin,2024,Drama,0 days 01:53:00,The Brattle,2026-07-12,12:00 PM,70438308,Fly Me to the Moon (2024 film),exact_year,English,English listed
Cool Hand Luke,Stuart Rosenberg,1967,Drama,0 days 02:07:00,The Brattle,2026-07-12,"3:15 PM, 8:00 PM",161897,Cool Hand Luke,exact_title,English,English listed
Grease,Randal Kleiser,1978,Romance,0 days 01:50:00,West Newton Cinema,2026-07-12,4:00 PM,336846,Grease (film),exact_year,English,English listed
Ride in the Whirlwind,Monte Hellman,1966,Western,0 days 01:22:00,The Brattle,2026-07-12,6:00 PM,,,unresolved,,Unknown
The Man Who Shot Liberty Valance,John Ford,1962,Western,0 days 02:03:00,Coolidge Corner Theatre,2026-07-13,7:15 PM,,,unresolved,,Unknown
Ask E. Jean,Ivy Meeropol,2026,Documentary,0 days 01:31:00,Coolidge Corner Theatre,2026-07-13,7:00 PM,80914286,Ask E. Jean (film),exact_film,English,English listed
Repo Man,Alex Cox,1984,Comedy,0 days 01:32:00,The Brattle,2026-07-13,9:00 PM,26541,Repo Man (film),exact_year,English; Spanish,English listed
Repo Man,Alex Cox,1984,Comedy,0 days 01:32:00,The Brattle,2026-07-14,10:00 PM,26541,Repo Man (film),exact_year,English; Spanish,English listed
Minority Report,Steven Spielberg,2002,SciFi,0 days 02:25:00,Coolidge Corner Theatre,2026-07-14,7:00 PM,142049,Minority Report,exact_year,English,English listed
Cisco Pike,Bill L. Norton,1972,Crime,0 days 01:35:00,The Brattle,2026-07-14,"4:00 PM, 7:45 PM",15203301,Cisco Pike,exact_title,English,English listed
Repo Man,Alex Cox,1984,Comedy,0 days 01:32:00,The Brattle,2026-07-15,7:00 PM,26541,Repo Man (film),exact_year,English; Spanish,English listed
UFOria,John Binder,1984,Comedy,0 days 01:35:00,The Brattle,2026-07-15,"4:45 PM, 9:00 PM",,,unresolved,,Unknown
Speed,Jan de Bont,1994,Action,0 days 01:56:00,The Speedway,2026-07-15,8:00 PM,99123,Speed (1994 film),exact_year,English,English listed
Tenet,Christopher Nolan,2020,Action,0 days 02:30:00,Coolidge Corner Theatre,2026-07-15,7:00 PM,59770239,Tenet,exact_year,English,English listed
Lucky,John Carroll Lynch,2017,Drama,0 days 01:28:00,The Brattle,2026-07-16,"4:00 PM, 6:00 PM",,,unresolved,,Unknown
Death Watch,Bertrand Tavernier,1980,Drama,0 days 02:11:00,The Brattle,2026-07-17,6:30 PM,2414949,Death Watch,exact_title,"English, French",English listed
Fear Strikes Out,Robert Mulligan,1957,Drama,0 days 01:40:00,Capitol Theatre,2026-07-17,7:30 PM,6048532,Fear Strikes Out,exact_title,English,English listed
Christine,John Carpenter,1983,Horror,0 days 01:50:00,The Brattle,2026-07-17,9:00 PM,2071077,Christine (1983 film),exact_year,English,English listed
Mars Attacks!,Tim Burton,1996,Comedy,0 days 01:46:00,Coolidge Corner Theatre,2026-07-17,11:59 PM,,,unresolved,,Unknown
The Dark Crystal,"Jim Henson, Frank Oz",1982,Adventure,0 days 01:33:00,Somerville Theatre,2026-07-18,11:59 PM,348292,The Dark Crystal,exact_film,English,English listed
The Faculty,Robert Rodriguez,1998,Horror,0 days 01:44:00,Coolidge Corner Theatre,2026-07-18,11:59 PM,308430,The Faculty,exact_film,English,English listed
The Rocky Horror Picture Show,Jim Sharman,1975,Comedy,0 days 01:40:00,Capitol Theatre,2026-07-18,8:00 PM,,,unresolved,,Unknown
Double Feature: Sleepaway Camp / Teenage Sex and Death at Camp Miasma,"Robert Hiltzik, Jane Schoenbrun",2026,Horror,0 days 03:16:00,Rocky Woods,2026-07-18,8:00 PM,,,unresolved,,Unknown
The Last Temptation of Christ,Martin Scorsese,1988,Drama,0 days 02:44:00,The Brattle,2026-07-18,1:00 PM,7832768,The Last Temptation of Christ (film),exact_film,English,English listed
Alien,Ridley Scott,1979,Horror,0 days 01:57:00,The Brattle,2026-07-18,7:00 PM,23487440,Alien (film),exact_year,English,English listed
Escape from New York,John Carpenter,1981,SciFi,0 days 01:39:00,The Brattle,2026-07-18,"4:45 PM, 9:30 PM",9835,Escape from New York,exact_title,English,English listed
Pretty in Pink,Howard Deutch,1986,Romance,0 days 01:37:00,The Brattle,2026-07-19,"3:45 PM, 9:00 PM",454223,Pretty in Pink,exact_film,English,English listed
"Paris, Texas",Wim Wenders,1984,Drama,0 days 02:25:00,The Brattle,2026-07-19,"12:45 PM, 6:00 PM",237134,"Paris, Texas (film)",exact_film,English,English listed
Some Like It Hot,Billy Wilder,1959,Comedy,0 days 02:02:00,Coolidge Corner Theatre,2026-07-19,2:00 PM,76366,Some Like It Hot,exact_film,English,English listed
State of Firsts,Chase Joynt,2026,Documentary,0 days 01:33:00,Coolidge Corner Theatre,2026-07-20,7:00 PM,80743768,State of Firsts,exact_film,English,English listed
Alien,Ridley Scott,1979,Horror,0 days 01:57:00,The Brattle,2026-07-20,"4:00 PM, 8:45 PM",23487440,Alien (film),exact_year,English,English listed
Escape from New York,John Carpenter,1981,SciFi,0 days 01:39:00,The Brattle,2026-07-20,6:30 PM,9835,Escape from New York,exact_title,English,English listed
Niagara,Henry Hathaway,1953,Thriller,0 days 01:32:00,Coolidge Corner Theatre,2026-07-21,7:00 PM,1633705,Niagara (1953 film),exact_year,English,English listed
The Asphalt Jungle,John Huston,1950,Crime,0 days 01:52:00,Coolidge Corner Theatre,2026-07-22,7:00 PM,,,unresolved,,Unknown
The Room,Tommy Wiseau,2003,Drama,0 days 01:39:00,Coolidge Corner Theatre,2026-07-24,11:59 PM,5443971,The Room,exact_year,English,English listed
Space Jam,Joe Pytka,1996,Family,0 days 01:27:00,Kendall/MIT Open Space,2026-07-24,6:30 PM,265033,Space Jam,exact_year,English,English listed
A League of Their Own,Penny Marshall,1992,Comedy,0 days 02:08:00,Capitol Theatre,2026-07-24,7:30 PM,543433,A League of Their Own,exact_title,,Unknown
Communion,Philippe Mora,1989,Drama,0 days 01:43:00,Coolidge Corner Theatre,2026-07-24,11:59 PM,9358857,Communion (1989 film),exact_year,English,English listed
Invasion of the Body Snatchers,Philip Kaufman,1978,SciFi,0 days 01:56:00,Coolidge Corner Theatre,2026-07-25,11:59 PM,5735396,Invasion of the Body Snatchers (1978 film),exact_year,English,English listed
Howard the Duck,Willard Huyck,1986,Fantasy,0 days 01:50:00,Somerville Theatre,2026-07-25,11:59 PM,6551171,Howard the Duck (film),exact_film,English,English listed
Gentlemen Prefer Blondes,Howard Hawks,1953,Comedy,0 days 01:31:00,Coolidge Corner Theatre,2026-07-26,2:00 PM,418598,Gentlemen Prefer Blondes (1953 film),exact_year,English; French,English listed
Chang: A Drama of the Wilderness,"Merian C. Cooper, Ernest B. Schoedsack",1927,Documentary,0 days 01:09:00,Somerville Theatre,2026-07-26,2:00 PM,42861,Chang: A Drama of the Wilderness,exact_title,Silent film; English intertitles,English listed
The Prince and the Showgirl,Laurence Olivier,1957,Comedy,0 days 01:55:00,Coolidge Corner Theatre,2026-07-28,7:00 PM,,,unresolved,,Unknown
The Misfits,John Huston,1961,Western,0 days 02:04:00,Coolidge Corner Theatre,2026-07-29,7:00 PM,1134155,The Misfits (1961 film),exact_year,English,English listed
Sherman's March,Ross McElwee,1985,Documentary,0 days 02:38:00,Coolidge Corner Theatre,2026-07-30,6:30 PM,,,unresolved,,Unknown
The Mask,Chuck Russell,1994,Comedy,0 days 01:41:00,Coolidge Corner Theatre,2026-07-30,7:00 PM,1485962,The Mask (1994 film),exact_year,English,English listed
Clash of the Titans,Desmond Davis,1981,Adventure,0 days 01:58:00,Coolidge Corner Theatre,2026-07-30,9:30 PM,948548,Clash of the Titans (1981 film),exact_year,English,English listed
Mikey and Nicky,Elaine May,1976,Crime,0 days 01:46:00,The Brattle,2026-07-31,6:30 PM,,,unresolved,,Unknown
West Side Story,"Jerome Robbins, Robert Wise",1961,Crime,0 days 02:33:00,The Brattle,2026-07-31,3:00 PM,4608223,West Side Story (1961 film),exact_year,English,English listed
Dark Angel,Craig R. Baxley,1990,Action,0 days 01:31:00,Coolidge Corner Theatre,2026-07-31,11:59 PM,9963622,I Come in Peace,exact_year,English,English listed
It Happened One Night,Frank Capra,1934,Comedy,0 days 01:45:00,Kendall/MIT Open Space,2026-07-31,6:30 PM,44696,It Happened One Night,exact_title,English,English listed
Straight to Hell,Alex Cox,1987,Action,0 days 01:26:00,The Brattle,2026-08-01,12:00 PM,590598,Straight to Hell (film),exact_film,English,English listed
Mikey and Nicky,Elaine May,1976,Crime,0 days 01:46:00,The Brattle,2026-08-01,"4:00 PM, 6:30 PM",,,unresolved,,Unknown
In a Violent Nature,Chris Nash,2024,Horror,0 days 01:34:00,Coolidge Corner Theatre,2026-08-01,11:59 PM,75907604,In a Violent Nature,exact_title,English,English listed
The Doors,Oliver Stone,1991,Music,0 days 02:20:00,Somerville Theatre,2026-08-01,11:59 PM,604150,The Doors (film),exact_film,English,English listed
Fiddlehead presents Baby I’ll Change with Good Will Hunting,Gus van Sandt,1997,Drama,0 days 03:00:00,The Brattle,2026-08-02,1:00 PM,,,unresolved,,Unknown
Mikey and Nicky,Elaine May,1976,Crime,0 days 01:46:00,The Brattle,2026-08-02,6:00 PM,,,unresolved,,Unknown
A Streetcar Named Desire,Elia Kazan,1951,Drama,0 days 02:05:00,Coolidge Corner Theatre,2026-08-03,7:00 PM,3367826,A Streetcar Named Desire (1951 film),exact_year,English,English listed
The Thing from Another World,Christian Nyby,1951,Drama,0 days 01:27:00,The Brattle,2026-08-03,8:00 PM,,,unresolved,,Unknown
Mikey and Nicky,Elaine May,1976,Crime,0 days 01:46:00,The Brattle,2026-08-03,3:30 PM,,,unresolved,,Unknown
The Day the Earth Stood Still,Robert Wise,1951,SciFi,0 days 01:32:00,The Brattle,2026-08-03,6:00 PM,73422,The Day the Earth Stood Still,exact_year,English,English listed
The Day the Earth Stood Still,Robert Wise,1951,SciFi,0 days 01:32:00,The Brattle,2026-08-04,"4:00 PM, 8:00 PM",73422,The Day the Earth Stood Still,exact_year,English,English listed
The Thing from Another World,Christian Nyby,1951,Drama,0 days 01:27:00,The Brattle,2026-08-04,6:00 PM,,,unresolved,,Unknown
Bottle Rocket,Wes Anderson,1996,Comedy,0 days 01:31:00,Coolidge Corner Theatre,2026-08-04,7:00 PM,524139,Bottle Rocket,exact_film,Plainlist|; English; Spanish,English listed
Anchorman: The Legend of Ron Burgundy,Adam McKay,2004,Comedy,0 days 01:35:00,The Brattle,2026-08-05,"3:30 PM, 9:15 PM",709490,Anchorman: The Legend of Ron Burgundy,exact_title,English,English listed
Network,Sidney Lumet,1976,Drama,0 days 02:02:00,The Brattle,2026-08-05,6:00 PM,101935,Network (1976 film),exact_year,English,English listed
Le Cercle Rouge,Jean-Pierre Melville,1970,Crime,0 days 02:20:00,Coolidge Corner Theatre,2026-08-05,7:00 PM,2498993,Le Cercle Rouge,exact_title,French,No English listed
The Goldfish,Alireza Golafshan,2019,Comedy,0 days 01:51:00,Goethe-Institut,2026-08-05,8:00 PM,78097481,The Goldfish (2019 film),exact_year,German,No English listed
First Blood,Ted Kotcheff,1982,Action,0 days 01:33:00,The Brattle,2026-08-06,10:00 PM,872441,First Blood,exact_film,English,English listed
24 Hour Party People,Michael Winterbottom,2002,Comedy,0 days 01:57:00,Coolidge Corner Theatre,2026-08-06,7:00 PM,360138,24 Hour Party People,exact_title,English,English listed
Double Feature: The Bakery Girl of Monceau / Suzanne’s Career,Éric Rohmer,1963,Drama,0 days 02:13:00,The Brattle,2026-08-06,"4:15 PM, 8:00 PM",,,unresolved,,Unknown
La Collectionneuse,Éric Rohmer,1967,Drama,0 days 01:26:00,The Brattle,2026-08-06,6:00 PM,5216381,La Collectionneuse,exact_title,French,No English listed
Funny Girl,William Wyler,1968,Comedy,0 days 02:35:00,The Brattle,2026-08-07,3:00 PM,12064241,Funny Girl (film),exact_film,English,English listed
Chicken Run,"Peter Lord, Nick Park",2000,Animation,0 days 01:24:00,Kendall/MIT Open Space,2026-08-07,6:30 PM,284525,Chicken Run,exact_film,English,English listed
I Shot Andy Warhol,Mary Harron,1996,Drama,0 days 01:43:00,The Brattle,2026-08-07,"6:30 PM, 9:00 PM",435566,I Shot Andy Warhol,exact_title,English,English listed
The Final Girls,Todd Strauss-Schulson,2015,Comedy,0 days 01:31:00,Coolidge Corner Theatre,2026-08-07,11:59 PM,,,unresolved,,Unknown
"Tally Brown, New York",Rosa von Praunheim,1979,Documentary,0 days 01:37:00,The Brattle,2026-08-08,"1:00 PM, 9:00 PM",,,unresolved,,Unknown
I Shot Andy Warhol,Mary Harron,1996,Drama,0 days 01:43:00,The Brattle,2026-08-08,"4:00 PM, 6:30 PM",435566,I Shot Andy Warhol,exact_title,English,English listed
Inland Empire,David Lynch,2006,Thriller,0 days 03:00:00,Somerville Theatre,2026-08-08,11:59 PM,2028217,Inland Empire (film),exact_film,English; Polish,English listed
Heavyweights,Steven Brill,1995,Family,0 days 01:37:00,Coolidge Corner Theatre,2026-08-08,11:59 PM,1039561,Heavyweights,exact_film,English,English listed
The Great Muppet Caper,Jim Henson,1981,Comedy,0 days 01:37:00,Coolidge Corner Theatre,2026-08-09,11:00 AM,,,unresolved,,Unknown
"Tally Brown, New York",Rosa von Praunheim,1979,Documentary,0 days 01:37:00,The Brattle,2026-08-09,"12:00 PM, 9:00 PM",,,unresolved,,Unknown
I Shot Andy Warhol,Mary Harron,1996,Drama,0 days 01:43:00,The Brattle,2026-08-09,"2:15 PM, 4:30 PM, 6:45 PM",435566,I Shot Andy Warhol,exact_title,English,English listed
I Shot Andy Warhol,Mary Harron,1996,Drama,0 days 01:43:00,The Brattle,2026-08-10,8:30 PM,435566,I Shot Andy Warhol,exact_title,English,English listed
The War of the Worlds,Byron Haskin,1953,SciFi,0 days 01:25:00,The Brattle,2026-08-10,3:30 PM,25045707,The War of the Worlds (1953 film),exact_year,English,English listed
The Killing,Stanley Kubrick,1956,Crime,0 days 01:25:00,Coolidge Corner Theatre,2026-08-11,7:00 PM,282964,The Killing (film),exact_year,English,English listed
The War of the Worlds,Byron Haskin,1953,SciFi,0 days 01:25:00,The Brattle,2026-08-11,6:00 PM,25045707,The War of the Worlds (1953 film),exact_year,English,English listed
Earth vs. the Flying Saucers,Fred F. Sears,1956,Action,0 days 01:23:00,The Brattle,2026-08-11,"4:00 PM, 8:00 PM",,,unresolved,,Unknown
The Taking of Pelham One Two Three,Joseph Sargent,1974,Crime,0 days 01:44:00,Coolidge Corner Theatre,2026-08-12,7:00 PM,955409,The Taking of Pelham One Two Three (1974 film),exact_year,English; Spanish; Japanese,English listed
My Son,Lena Stahl,2021,Drama,0 days 01:34:00,Goethe-Institut,2026-08-12,8:00 PM,,,unresolved,,Unknown
Broadcast News,James L. Brooks,1987,Comedy,0 days 02:13:00,The Brattle,2026-08-12,8:00 PM,129278,Broadcast News (film),exact_film,English,English listed
My Night at Maud's,Éric Rohmer,1969,Romance,0 days 01:50:00,The Brattle,2026-08-13,"4:00 PM, 6:30 PM",3342049,My Night at Maud's,exact_title,French,No English listed
Citizen Kane,Orson Welles,1941,Mystery,0 days 01:59:00,West Newton Cinema,2026-08-13,6:30 PM,5224,Citizen Kane,exact_title,English,English listed
Dragon Inn,King Hu,1967,Action,0 days 01:51:00,Coolidge Corner Theatre,2026-08-13,7:00 PM,2533663,Dragon Inn,exact_title,Mandarin,No English listed
Angel Heart,Alan Parker,1987,Horror,0 days 01:53:00,The Brattle,2026-08-13,9:00 PM,673682,Angel Heart,exact_film,English,English listed
Danger: Diabolik,Mario Bava,1968,Action,0 days 01:44:00,Coolidge Corner Theatre,2026-08-13,9:30 PM,2952273,Danger: Diabolik,exact_film,,Unknown
Wicked VHS presents: A Secret Summer Camp Slasher,Nobody Knows,6666,Horror,0 days 01:30:00,Coolidge Corner Theatre,2026-08-14,11:59 PM,,,unresolved,,Unknown
Family Plot,Alfred Hitchcock,1976,Comedy,0 days 02:00:00,The Brattle,2026-08-14,8:30 PM,1573600,Family Plot,exact_title,English,English listed
Strangers on a Train,Alfred Hitchcock,1951,Crime,0 days 01:41:00,The Brattle,2026-08-14,6:15 PM,261107,Strangers on a Train (film),exact_film,English,English listed
The Straight Story,David Lynch,1999,Drama,0 days 01:52:00,Kendall/MIT Open Space,2026-08-14,6:30 PM,,,unresolved,,Unknown
Strangers on a Train,Alfred Hitchcock,1951,Crime,0 days 01:41:00,The Brattle,2026-08-15,"1:30 PM, 6:15 PM",261107,Strangers on a Train (film),exact_film,English,English listed
Family Plot,Alfred Hitchcock,1976,Comedy,0 days 02:00:00,The Brattle,2026-08-15,"3:45 PM, 8:30 PM",1573600,Family Plot,exact_title,English,English listed
Sleepaway Camp,Robert Hiltzik,1983,Horror,0 days 01:24:00,Coolidge Corner Theatre,2026-08-15,11:59 PM,,,unresolved,,Unknown
Chopping Mall,Jim Wynorski,1986,Horror,0 days 01:17:00,Somerville Theatre,2026-08-15,11:59 PM,3834588,Chopping Mall,exact_title,English,English listed
Zardoz,John Boorman,1974,Fantasy,0 days 01:45:00,Coolidge Corner Theatre,2026-08-27,9:30 PM,,,unresolved,,Unknown
Basic Instinct,Paul Verhoeven,1992,Thriller,0 days 02:08:00,The Brattle,2026-08-27,9:00 PM,481649,Basic Instinct,exact_film,English,English listed
Love in the Afternoon,Éric Rohmer,1972,Drama,0 days 01:37:00,The Brattle,2026-08-27,6:30 PM,5216578,Love in the Afternoon (1972 film),exact_year,French,No English listed
Midnight in the Garden of Good and Evil,Clint Eastwood,1997,Mystery,0 days 02:35:00,Coolidge Corner Theatre,2026-08-27,7:00 PM,14307697,Midnight in the Garden of Good and Evil (film),exact_film,English,English listed
Cabaret,Bob Fosse,1972,Music,0 days 02:04:00,The Brattle,2026-08-28,3:00 PM,236691,Cabaret (1972 film),exact_year,English,English listed
The Piano,Jane Campion,1993,Drama,0 days 02:00:00,The Brattle,2026-08-28,6:00 PM,133688,The Piano,exact_film,English; Māori; British Sign Language,English listed
The Wiz,Sidney Lumet,1978,Music,0 days 02:14:00,Kendall/MIT Open Space,2026-08-28,6:30 PM,8711666,The Wiz (film),exact_film,English,English listed
The Heart of the Matter,George More O'Ferrall,1953,Drama,0 days 01:45:00,Harvard Film Archive,2026-08-28,7:00 PM,7739227,The Heart of the Matter (film),exact_film,English,English listed
Manhunter,Michael Mann,1986,Crime,0 days 02:00:00,Somerville Theatre,2026-08-28,8:30 PM,600235,Manhunter (film),exact_year,English,English listed
Wicked VHS presents: A Secret Summer Camp Slasher Part 2,Nobody Knows,6666,Horror,0 days 01:50:00,Coolidge Corner Theatre,2026-08-28,11:59 PM,,,unresolved,,Unknown
The Piano,Jane Campion,1993,Drama,0 days 02:00:00,The Brattle,2026-08-29,"12:30 PM, 6:00 PM",133688,The Piano,exact_film,English; Māori; British Sign Language,English listed
The Band Wagon,Vincente Minnelli,1953,Music,0 days 01:52:00,West Newton Cinema,2026-08-29,1:00 PM,,,unresolved,,Unknown
Manhunter,Michael Mann,1986,Crime,0 days 02:00:00,Somerville Theatre,2026-08-29,"1:30 PM, 8:30 PM",600235,Manhunter (film),exact_year,English,English listed
The Lord of the Rings: The Two Towers,Peter Jackson,2002,Adventure,0 days 02:59:00,Cabot Theater,2026-08-29,6:00 PM,173944,The Lord of the Rings: The Two Towers,exact_year,English,English listed
Our Man in Havana,Carol Reed,1960,Comedy,0 days 01:51:00,Harvard Film Archive,2026-08-29,7:00 PM,11588549,Our Man in Havana (film),exact_film,English,English listed
The Stranger's Hand,Mario Soldati,1954,Thriller,0 days 01:25:00,Harvard Film Archive,2026-08-29,9:15 PM,,,unresolved,,Unknown
Bound,"Lana Wachowski, Lilly Wachowski",1996,Drama,0 days 01:45:00,Somerville Theatre,2026-08-29,11:59 PM,249838,Bound (1996 film),exact_year,English,English listed
Sleepaway Camp II: Unhappy Campers,Michael A. Simpson,1988,Comedy,0 days 01:20:00,Coolidge Corner Theatre,2026-08-29,11:59 PM,,,unresolved,,Unknown
Ministry of Fear,Fritz Lang,1944,Crime,0 days 01:26:00,Harvard Film Archive,2026-08-30,3:00 PM,2522946,Ministry of Fear,exact_title,English,English listed
"Triple Feature: Malkovich, Malkovich, Malkovich!","Clint Eastwood, Stephen Frears, Spike Jonze",1988,Drama,0 days 05:59:00,Coolidge Corner Theatre,2026-08-30,1:00 PM,,,unresolved,,Unknown
The Piano,Jane Campion,1993,Drama,0 days 02:00:00,The Brattle,2026-08-30,"12:30 PM, 6:00 PM",133688,The Piano,exact_film,English; Māori; British Sign Language,English listed
The Piano,Jane Campion,1993,Drama,0 days 02:00:00,The Brattle,2026-08-31,3:00 PM,133688,The Piano,exact_film,English; Māori; British Sign Language,English listed
Invaders from Mars,William Cameron Menzies,1953,SciFi,0 days 01:18:00,The Brattle,2026-08-31,6:00 PM,2393932,Invaders from Mars (1953 film),exact_year,English,English listed
Top Hat,Mark Sandrich,1935,Music,0 days 01:41:00,Coolidge Corner Theatre,2026-08-31,7:00 PM,61501,Top Hat,exact_film,English,English listed
Went the Day Well?,Alberto Cavalcanti,1942,War,0 days 01:32:00,Harvard Film Archive,2026-08-31,7:00 PM,,,unresolved,,Unknown
Invasion of the Body Snatchers,Don Siegel,1956,SciFi,0 days 01:20:00,The Brattle,2026-08-31,7:45 PM,74394,Invasion of the Body Snatchers,exact_year,English,English listed
Invasion of the Body Snatchers,Don Siegel,1956,SciFi,0 days 01:20:00,The Brattle,2026-09-01,8:00 PM,74394,Invasion of the Body Snatchers,exact_year,English,English listed
Tokyo Story,Yasujirō Ozu,1953,Drama,0 days 02:17:00,Coolidge Corner Theatre,2026-09-01,7:15 PM,,,unresolved,,Unknown
The Cycle of Love,Orlando von Einsiedel,2026,Documentary,0 days 01:38:00,Coolidge Corner Theatre,2026-09-01,7:30 PM,,,unresolved,,Unknown
Invaders from Mars,William Cameron Menzies,1953,SciFi,0 days 01:18:00,The Brattle,2026-09-01,9:45 PM,2393932,Invaders from Mars (1953 film),exact_year,English,English listed
"Good Night, and Good Luck.",George Clooney,2005,Drama,0 days 01:32:00,The Brattle,2026-09-02,8:00 PM,,,unresolved,,Unknown
Breathless,Jean-Luc Godard,1960,Drama,0 days 01:30:00,Coolidge Corner Theatre,2026-09-02,7:00 PM,339526,Breathless (1960 film),exact_year,French; English,English listed
Akira,Katsuhiro Otomo,1988,Animation,0 days 02:04:00,Coolidge Corner Theatre,2026-09-03,6:30 PM,605939,Akira (1988 film),exact_year,Japanese,No English listed
Bicycle Thieves,Vittorio De Sica,1948,Drama,0 days 01:29:00,Coolidge Corner Theatre,2026-09-03,7:00 PM,642744,Bicycle Thieves,exact_year,Italian,No English listed
Total Recall,Paul Verhoeven,1990,Action,0 days 01:53:00,The Brattle,2026-09-03,9:00 PM,55325,Total Recall (1990 film),exact_year,English,English listed
The Fallen Idol,Carol Reed,1948,Drama,0 days 01:36:00,Harvard Film Archive,2026-09-04,9:15 PM,2221107,The Fallen Idol (film),exact_film,English,English listed
Allegro non troppo,Bruno Bozzetto,1976,Fantasy,0 days 01:25:00,The Brattle,2026-09-04,9:00 PM,4562372,Allegro non troppo,exact_title,Italian,No English listed
Eraserhead,David Lynch,1978,Horror,0 days 01:29:00,Coolidge Corner Theatre,2026-09-04,11:59 PM,36814246,Eraserhead,exact_film,English,English listed
Akira,Katsuhiro Otomo,1988,Animation,0 days 02:04:00,Coolidge Corner Theatre,2026-09-04,"6:30 PM, 9:30 PM",605939,Akira (1988 film),exact_year,Japanese,No English listed
Spirited Away,Hayao Miyazaki,2001,Animation,0 days 02:05:00,The Brattle,2026-09-04,6:00 PM,70091,Spirited Away,exact_film,Japanese,No English listed
The Third Man,Carol Reed,1949,Thriller,0 days 01:44:00,Harvard Film Archive,2026-09-04,7:00 PM,71473,The Third Man,exact_film,Plainlist|; English; German,English listed
Desperate Living,John Waters,1977,Comedy,0 days 01:30:00,Coolidge Corner Theatre,2026-09-05,11:59 PM,1328188,Desperate Living,exact_title,English,English listed
The Third Man,Carol Reed,1949,Thriller,0 days 01:44:00,Harvard Film Archive,2026-09-05,9:00 PM,71473,The Third Man,exact_film,Plainlist|; English; German,English listed
Hundreds of Beavers,Mike Cheslik,2024,Comedy,0 days 01:48:00,Somerville Theatre,2026-09-05,8:00 PM,76208655,Hundreds of Beavers,exact_title,English,English listed
Allegro non troppo,Bruno Bozzetto,1976,Fantasy,0 days 01:25:00,The Brattle,2026-09-05,9:00 PM,4562372,Allegro non troppo,exact_title,Italian,No English listed
Akira,Katsuhiro Otomo,1988,Animation,0 days 02:04:00,Coolidge Corner Theatre,2026-09-05,"6:30 PM, 9:30 PM",605939,Akira (1988 film),exact_year,Japanese,No English listed
The Lord of the Rings: The Return of the King,Peter Jackson,2003,Adventure,0 days 03:21:00,Cabot Theater,2026-09-05,6:00 PM,174251,The Lord of the Rings: The Return of the King,exact_film,English,English listed
Brighton Rock,John Boulting,1948,Crime,0 days 01:32:00,Harvard Film Archive,2026-09-05,7:00 PM,10972714,Brighton Rock (1948 film),exact_year,English,English listed
Persepolis,"Vincent Paronnaud, Marjane Satrapi",2007,Animation,0 days 01:35:00,Coolidge Corner Theatre,2026-09-06,2:00 PM,11347793,Persepolis (film),exact_film,Plainlist|; French,No English listed
The Third Man,Carol Reed,1949,Thriller,0 days 01:44:00,Harvard Film Archive,2026-09-06,3:00 PM,71473,The Third Man,exact_film,Plainlist|; English; German,English listed
Akira,Katsuhiro Otomo,1988,Animation,0 days 02:04:00,Coolidge Corner Theatre,2026-09-06,"6:30 PM, 9:30 PM",605939,Akira (1988 film),exact_year,Japanese,No English listed
The Big Lebowski,"Joel Coen, Ethan Coen",1998,Comedy,0 days 01:57:00,Cabot Theater,2026-09-06,7:00 PM,,,unresolved,,Unknown
Metropolis,Rintaro,2001,Animation,0 days 01:47:00,The Brattle,2026-09-06,9:00 PM,6198415,Metropolis (2001 film),exact_year,Japanese,No English listed
The Fugitive,John Ford,1947,Drama,0 days 01:40:00,Harvard Film Archive,2026-09-07,7:00 PM,2666581,The Fugitive (1947 film),exact_year,English,English listed
Jaws,Steven Spielberg,1975,Horror,0 days 02:04:00,Coolidge Corner Theatre,2026-09-07,7:00 PM,74830,Jaws (film),exact_year,English,English listed
Working Girls,Lizzie Borden,1987,Drama,0 days 01:33:00,Somerville Theatre,2026-09-07,7:30 PM,,,unresolved,,Unknown
Millennium Actress,Satoshi Kon,2002,Animation,0 days 01:27:00,The Brattle,2026-09-07,9:00 PM,829780,Millennium Actress,exact_title,Japanese,No English listed
Killer of Sheep,Charles Burnett,1978,Drama,0 days 01:20:00,Coolidge Corner Theatre,2026-09-08,7:00 PM,74848,Killer of Sheep,exact_title,English,English listed
Metropolis,Rintaro,2001,Animation,0 days 01:47:00,The Brattle,2026-09-09,9:00 PM,6198415,Metropolis (2001 film),exact_year,Japanese,No English listed
Chungking Express,Wong Kar-wai,1994,Drama,0 days 01:43:00,Coolidge Corner Theatre,2026-09-09,7:30 PM,213471,Chungking Express,exact_title,Cantonese; Mandarin,No English listed
Bullitt,Peter Yates,1968,Action,0 days 01:53:00,Cinema Salem,2026-09-09,7:00 PM,433285,Bullitt,exact_title,English,English listed
Welcome to the Dollhouse,Todd Solondz,1996,Comedy,0 days 01:28:00,Coolidge Corner Theatre,2026-09-10,9:55 PM,2298338,Welcome to the Dollhouse,exact_film,English,English listed
True Stories,David Byrne,1986,Comedy,0 days 01:29:00,Coolidge Corner Theatre,2026-09-10,7:30 PM,1138831,True Stories (film),exact_film,English,English listed
Millennium Actress,Satoshi Kon,2002,Animation,0 days 01:27:00,The Brattle,2026-09-10,9:00 PM,829780,Millennium Actress,exact_title,Japanese,No English listed
Heavy Metal,Gerald Potterton,1981,Animation,0 days 01:30:00,Cinema Salem,2026-09-11,10:00 PM,155303,Heavy Metal (film),exact_film,English,English listed
Ghost in the Shell,Mamoru Oshii,1995,Action,0 days 01:23:00,The Brattle,2026-09-11,7:00 PM,3228403,Ghost in the Shell (1995 film),exact_year,Japanese,No English listed
Silvestre,João César Monteiro,1982,History,0 days 01:53:00,Harvard Film Archive,2026-09-11,7:00 PM,48435044,Silvestre (film),exact_film,Portuguese,No English listed
El Topo,Alejandro Jodorowsky,1970,Action,0 days 02:05:00,Coolidge Corner Theatre,2026-09-11,11:59 PM,1844221,El Topo,exact_year,Spanish,No English listed
Silvestre,JoÃ£o CÃ©sar Monteiro,1982,History,0 days 01:53:00,Harvard Film Archive,2026-09-11,7:00 PM,48435044,Silvestre (film),exact_film,Portuguese,No English listed
Marathon '77,Various,1977,Drama,0 days 13:00:00,Harvard Film Archive,2026-09-12,3:00 PM,,,unresolved,,Unknown
Mass Mini Con presents: A Mutant Mystery Movie 3,Unknown,6666,SciFi,0 days 02:00:00,Coolidge Corner Theatre,2026-09-12,9:00 PM,,,unresolved,,Unknown
Showgirls,Paul Verhoeven,1995,Drama,0 days 02:11:00,Coolidge Corner Theatre,2026-09-12,11:59 PM,93760,Showgirls,exact_film,English,English listed
8Â½,Federico Fellini,1963,Drama,0 days 02:19:00,Coolidge Corner Theatre,2026-09-13,2:00 PM,,,unresolved,,Unknown
Citizen Kane,Orson Welles,1941,Mystery,0 days 01:59:00,Cabot Theater,2026-09-13,6:00 PM,5224,Citizen Kane,exact_title,English,English listed
Berlin Hero,Wolfgang Becker,2025,Comedy,0 days 01:53:00,Coolidge Corner Theatre,2026-09-13,11:00 AM,,,unresolved,,Unknown
8½,Federico Fellini,1963,Drama,0 days 02:19:00,Coolidge Corner Theatre,2026-09-13,2:00 PM,318810,8½,exact_film,Italian,No English listed
Snow White,João César Monteiro,2000,Drama,0 days 01:15:00,Harvard Film Archive,2026-09-14,7:00 PM,,,unresolved,,Unknown
Keaton and Pickford Double Feature: One Week / Stella Maris,"Buster Keaton, Mary Pickford",1918,Comedy,0 days 01:45:00,West Newton Cinema,2026-09-14,6:30 PM,,,unresolved,,Unknown
Clueless,Amy Heckerling,1995,Comedy,0 days 01:37:00,The Brattle,2026-09-14,6:00 PM,105872,Clueless,exact_film,English,English listed
Snow White,JoÃ£o CÃ©sar Monteiro,2000,Drama,0 days 01:15:00,Harvard Film Archive,2026-09-14,7:00 PM,,,unresolved,,Unknown
"Paris, Texas",Wim Wenders,1984,Drama,0 days 02:25:00,Coolidge Corner Theatre,2026-09-14,7:00 PM,237134,"Paris, Texas (film)",exact_film,English,English listed
"Aguirre, the Wrath of God",Werner Herzog,1972,History,0 days 01:35:00,Coolidge Corner Theatre,2026-09-15,7:00 PM,158052,"Aguirre, the Wrath of God",exact_title,German,No English listed
Harold and Maude,Hal Ashby,1971,Comedy,0 days 01:31:00,Somerville Theatre,2026-09-15,7:30 PM,13290,Harold and Maude,exact_title,English,English listed
Shrek,"Andrew Adamson, Vicky Jenson",2001,Animation,0 days 01:30:00,The Speedway,2026-09-16,8:00 PM,18717177,Shrek,exact_year,English,English listed
Cool Hand Luke,Stuart Rosenberg,1967,Drama,0 days 02:07:00,Cinema Salem,2026-09-16,7:00 PM,161897,Cool Hand Luke,exact_title,English,English listed
Cléo from 5 to 7,Agnès Varda,1962,Drama,0 days 01:30:00,Coolidge Corner Theatre,2026-09-16,7:00 PM,3644380,Cléo from 5 to 7,exact_title,French,No English listed
ClÃ©o from 5 to 7,AgnÃ¨s Varda,1962,Drama,0 days 01:30:00,Coolidge Corner Theatre,2026-09-16,7:00 PM,,,unresolved,,Unknown
The Warriors,Walter Hill,1979,Action,0 days 01:34:00,Coolidge Corner Theatre,2026-09-17,9:30 PM,1173571,The Warriors (film),exact_year,English,English listed
The Jerk,Carl Reiner,1979,Comedy,0 days 01:34:00,Coolidge Corner Theatre,2026-09-17,7:00 PM,179044,The Jerk,exact_film,English,English listed
The Lives of Others,Florian Henckel von Donnersmarck,2006,Drama,0 days 02:17:00,West Newton Cinema,2026-09-17,4:00 PM,,,unresolved,,Unknown
The Godfather,Francis Ford Coppola,1972,Drama,0 days 02:55:00,West Newton Cinema,2026-09-17,6:00 PM,2466773,The Godfather,exact_year,English,English listed
Batman,Tim Burton,1989,Fantasy,0 days 02:06:00,Somerville Theatre,2026-09-18,8:00 PM,4726,Batman (1989 film),exact_year,English,English listed
Lenny,Bob Fosse,1974,Drama,0 days 01:52:00,The Brattle,2026-09-18,6:00 PM,64291,Lenny (film),exact_film,English,English listed
The Goonies,Richard Donner,1985,Adventure,0 days 01:54:00,The Brattle,2026-09-18,3:30 PM,,,unresolved,,Unknown
The Virgin Suicides,Sofia Coppola,2000,Drama,0 days 01:37:00,Harvard Film Archive,2026-09-18,7:00 PM,3610087,The Virgin Suicides (film),exact_film,English,English listed
The Rocky Horror Picture Show,Jim Sharman,1975,Comedy,0 days 01:40:00,Coolidge Corner Theatre,2026-09-18,11:59 PM,,,unresolved,,Unknown
The Bling Ring,Sofia Coppola,2013,Drama,0 days 01:30:00,Harvard Film Archive,2026-09-18,9:15 PM,36495174,The Bling Ring,exact_film,English,English listed
Sleeping Dogs,Roger Donaldson,1978,Action,0 days 01:47:00,The Brattle,2026-09-18,9:30 PM,,,unresolved,,Unknown
Cabaret,Bob Fosse,1972,Music,0 days 02:04:00,Harvard Film Archive,2026-09-19,2:00 PM,236691,Cabaret (1972 film),exact_year,English,English listed
Possession,Andrzej Żuławski,1981,Horror,0 days 02:04:00,The Brattle,2026-09-19,9:30 PM,5542682,Possession (1981 film),exact_year,English,English listed
The Room,Tommy Wiseau,2003,Drama,0 days 01:39:00,Coolidge Corner Theatre,2026-09-19,11:59 PM,5443971,The Room,exact_year,English,English listed
Night of the Creeps,Fred Dekker,1986,Horror,0 days 01:28:00,Cinema Salem,2026-09-19,8:30 PM,2534857,Night of the Creeps,exact_title,English,English listed
Spotlight,Tom McCarthy,2015,Drama,0 days 02:09:00,The Brattle,2026-09-19,6:00 PM,43842546,Spotlight (film),exact_year,English,English listed
All the President's Men,Alan J. Pakula,1976,Drama,0 days 02:18:00,The Brattle,2026-09-19,3:00 PM,3876620,All the President's Men (film),exact_film,English,English listed
Jurassic Park,Steven Spielberg,1993,Adventure,0 days 02:07:00,The Brattle,2026-09-19,12:00 PM,68485,Jurassic Park,exact_film,English,English listed
Dilwale Dulhania Le Jayenge,Aditya Chopra,1995,Comedy,0 days 03:10:00,Coolidge Corner Theatre,2026-09-19,1:00 PM,274258,Dilwale Dulhania Le Jayenge,exact_year,Hindi,No English listed
Possession,Andrzej Å»uÅawski,1981,Horror,0 days 02:04:00,The Brattle,2026-09-19,9:30 PM,5542682,Possession (1981 film),exact_year,English,English listed
Travels with My Aunt,George Cukor,1972,Adventure,0 days 01:49:00,Harvard Film Archive,2026-09-19,9:00 PM,20867795,Travels with My Aunt (film),exact_film,English,English listed
The Third Man,Carol Reed,1949,Thriller,0 days 01:44:00,Harvard Film Archive,2026-09-19,7:00 PM,71473,The Third Man,exact_film,Plainlist|; English; German,English listed
Batman,Tim Burton,1989,Fantasy,0 days 02:06:00,Somerville Theatre,2026-09-19,"2:00 PM, 8:00 PM",4726,Batman (1989 film),exact_year,English,English listed
Batman,Tim Burton,1989,Fantasy,0 days 02:06:00,Somerville Theatre,2026-09-20,"5:00 PM, 8:00 PM",4726,Batman (1989 film),exact_year,English,English listed
Snow White,João César Monteiro,2000,Drama,0 days 01:15:00,Harvard Film Archive,2026-09-20,3:00 PM,,,unresolved,,Unknown
Amores Perros,Alejandro GonzÃ¡lez IÃ±Ã¡rritu,2000,Drama,0 days 02:34:00,Coolidge Corner Theatre,2026-09-20,4:00 PM,,,unresolved,,Unknown
Hunt for the Wilderpeople,Taika Waititi,2016,Adventure,0 days 01:41:00,The Brattle,2026-09-20,"12:00 PM, 9:00 PM",49200910,Hunt for the Wilderpeople,exact_title,English,English listed
For Heaven's Sake,Sam Taylor,1926,Comedy,0 days 00:58:00,Somerville Theatre,2026-09-20,2:00 PM,5045155,For Heaven's Sake (1926 film),exact_year,Silent (English intertitles),English listed
The Librarians,Kim A. Snyder,2025,Documentary,0 days 01:32:00,The Brattle,2026-09-20,3:00 PM,79003235,The Librarians (2025 film),exact_year,English,English listed
Amores Perros,Alejandro González Iñárritu,2000,Drama,0 days 02:34:00,Coolidge Corner Theatre,2026-09-20,4:00 PM,,,unresolved,,Unknown
Jurassic Park,Steven Spielberg,1993,Adventure,0 days 02:07:00,The Brattle,2026-09-20,6:00 PM,68485,Jurassic Park,exact_film,English,English listed
Snow White,JoÃ£o CÃ©sar Monteiro,2000,Drama,0 days 01:15:00,Harvard Film Archive,2026-09-20,3:00 PM,,,unresolved,,Unknown
Hovering Over the Water,João César Monteiro,2013,Drama,0 days 02:17:00,Harvard Film Archive,2026-09-21,7:00 PM,81754609,Hovering Over the Water,exact_title,Portuguese; Italian; English; French,English listed
East of Eden,Elia Kazan,1955,Drama,0 days 01:55:00,Coolidge Corner Theatre,2026-09-21,7:00 PM,290970,East of Eden (film),exact_year,English,English listed
Raiders of the Lost Ark,Steven Spielberg,1981,Adventure,0 days 01:55:00,Somerville Theatre,2026-09-21,7:30 PM,,,unresolved,,Unknown
Hovering Over the Water,JoÃ£o CÃ©sar Monteiro,2013,Drama,0 days 02:17:00,Harvard Film Archive,2026-09-21,7:00 PM,81754609,Hovering Over the Water,exact_title,Portuguese; Italian; English; French,English listed
Monty Python and the Holy Grail,"Terry Jones, Terry Gilliam",1975,Adventure,0 days 01:31:00,Somerville Theatre,2026-09-22,7:30 PM,19701,Monty Python and the Holy Grail,exact_title,English,English listed
Dead Calm,Phillip Noyce,1989,Thriller,0 days 01:36:00,The Brattle,2026-09-22,8:00 PM,697868,Dead Calm (film),exact_film,English,English listed
Cemetery Cinema: The Straight Story & Wings of Desire,"David Lynch, Wim Wenders",1987,Drama,0 days 04:00:00,Mount Auburn Cemetery,2026-09-22,7:00 PM,,,unresolved,,Unknown
The Graduate,Mike Nichols,1967,Drama,0 days 01:47:00,Cinema Salem,2026-09-23,7:00 PM,29942,The Graduate,exact_film,English,English listed
Event Horizon,Paul W. S. Anderson,1997,Horror,0 days 01:36:00,The Brattle,2026-09-23,"4:45 PM, 9:15 PM",29320113,Event Horizon (film),exact_film,English,English listed
In the Mouth of Madness,John Carpenter,1995,Horror,0 days 01:35:00,The Brattle,2026-09-23,7:00 PM,343684,In the Mouth of Madness,exact_film,English,English listed
Romy and Michele's High School Reunion,David Mirkin,1997,Comedy,0 days 01:32:00,Coolidge Corner Theatre,2026-09-23,7:00 PM,201553,Romy and Michele's High School Reunion,exact_title,English,English listed
Cemetery Cinema: The Straight Story & Wings of Desire,"David Lynch, Wim Wenders",1987,Drama,0 days 04:00:00,Mount Auburn Cemetery,2026-09-23,7:00 PM,,,unresolved,,Unknown
A Goofy Movie,Kevin Lima,1995,Adventure,0 days 01:18:00,Coolidge Corner Theatre,2026-09-24,7:00 PM,155785,A Goofy Movie,exact_title,English,English listed
Down by Law,Jim Jarmusch,1986,Crime,0 days 01:46:00,Coolidge Corner Theatre,2026-09-24,9:30 PM,3375635,Down by Law (film),exact_film,English; Italian,English listed
My Brother's Wedding,Charles Burnett,1985,Drama,0 days 01:21:00,The Brattle,2026-09-25,6:00 PM,30879026,My Brother's Wedding,exact_title,English,English listed
Captain January,Edward F. Cline,1924,Drama,0 days 01:04:00,West Newton Cinema,2026-09-25,7:00 PM,8174574,Captain January (1924 film),exact_year,Silent (English intertitles),English listed
Nine to Five,Colin Higgins,1980,Comedy,0 days 01:50:00,Somerville Theatre,2026-09-25,8:00 PM,582398,9 to 5 (film),exact_film,English,English listed
Vagabond,AgnÃ¨s Varda,1985,Drama,0 days 01:45:00,The Brattle,2026-09-25,8:30 PM,897713,Vagabond (1985 film),exact_year,French,No English listed
The Beyond,Lucio Fulci,1981,Horror,0 days 01:28:00,Coolidge Corner Theatre,2026-09-25,11:59 PM,1864142,The Beyond (1981 film),exact_year,,Unknown
Recollections of the Yellow House,João César Monteiro,1989,Comedy,0 days 02:02:00,Harvard Film Archive,2026-09-25,7:00 PM,37809940,Recollections of the Yellow House,exact_title,Portuguese,No English listed
Recollections of the Yellow House,JoÃ£o CÃ©sar Monteiro,1989,Comedy,0 days 02:02:00,Harvard Film Archive,2026-09-25,7:00 PM,37809940,Recollections of the Yellow House,exact_title,Portuguese,No English listed
Vagabond,Agnès Varda,1985,Drama,0 days 01:45:00,The Brattle,2026-09-25,8:30 PM,897713,Vagabond (1985 film),exact_year,French,No English listed
God's Comedy,João César Monteiro,1996,Comedy,0 days 02:42:00,Harvard Film Archive,2026-09-26,7:00 PM,18523660,God's Comedy,exact_title,Portuguese,No English listed
Cannibal Holocaust,Ruggero Deodato,1980,Horror,0 days 01:35:00,Coolidge Corner Theatre,2026-09-26,11:59 PM,513149,Cannibal Holocaust,exact_title,"ubl|; Italian; EnglishLike most Italian productions of the time, Cannibal Holocaust was filmed MOS (without live sync-sound), with a mix of Italian and American cast. It was then dubbed into wholly-Italian and English-language versions. See casting.",English listed
The Blade,Tsui Hark,1995,Action,0 days 01:46:00,The Brattle,2026-09-26,8:30 PM,5697939,The Blade (film),exact_film,Cantonese,No English listed
High Society,Charles Walters,1956,Music,0 days 01:52:00,West Newton Cinema,2026-09-26,1:00 PM,255194,High Society (1956 film),exact_year,English,English listed
Amarcord,Federico Fellini,1973,Comedy,0 days 02:03:00,Harvard Film Archive,2026-09-26,2:00 PM,239086,Amarcord,exact_title,Italian,No English listed
My Brother's Wedding,Charles Burnett,1985,Drama,0 days 01:21:00,The Brattle,2026-09-26,2:00 PM,30879026,My Brother's Wedding,exact_title,English,English listed
Ten Dark Women,Kon Ichikawa,1961,Comedy,0 days 01:43:00,The Brattle,2026-09-26,4:00 PM,34888791,Ten Dark Women,exact_title,Japanese,No English listed
Freaks,Tod Browning,1932,Drama,0 days 01:04:00,The Brattle,2026-09-26,6:30 PM,73494,Freaks (1932 film),exact_year,English; German; French,English listed
The Rocky Horror Picture Show,Jim Sharman,1975,Comedy,0 days 01:40:00,Cinema Salem,2026-09-26,9:00 PM,,,unresolved,,Unknown
God's Comedy,JoÃ£o CÃ©sar Monteiro,1996,Comedy,0 days 02:42:00,Harvard Film Archive,2026-09-26,7:00 PM,18523660,God's Comedy,exact_title,Portuguese,No English listed
Careful,Guy Maddin,1992,Comedy,0 days 01:40:00,The Brattle,2026-09-27,12:00 PM,8136508,Careful (1992 film),exact_year,English,English listed
Smog,Franco Rossi,1962,Drama,0 days 01:32:00,The Brattle,2026-09-27,7:00 PM,81148333,Smog (film),exact_year,Italian,No English listed
He Ran All the Way,John Berry,1951,Thriller,0 days 01:17:00,The Brattle,2026-09-27,5:00 PM,3820793,He Ran All the Way,exact_title,English,English listed
The Adventures of Prince Achmed,Lotte Reiniger,1926,Animation,0 days 01:06:00,Harvard Film Archive,2026-09-27,3:00 PM,4321732,The Adventures of Prince Achmed,exact_title,Silent; German intertitles,No English listed
Bellissima,Luchino Visconti,1952,Drama,0 days 01:55:00,The Brattle,2026-09-27,2:30 PM,10748976,Bellissima (film),exact_film,Italian,No English listed
Uncle Boonmee Who Can Recall His Past Lives,Apichatpong Weerasethakul,2010,Drama,0 days 01:54:00,Coolidge Corner Theatre,2026-09-27,2:00 PM,26978753,Uncle Boonmee Who Can Recall His Past Lives,exact_title,Isan; Thai,No English listed
Strictly Ballroom,Baz Luhrmann,1992,Comedy,0 days 01:34:00,Coolidge Corner Theatre,2026-09-28,7:00 PM,542202,Strictly Ballroom,exact_title,English,English listed
Casablanca,Michael Curtiz,1943,Drama,0 days 01:42:00,Somerville Theatre,2026-09-28,7:30 PM,57585,Casablanca (film),exact_film,English,English listed
Lotte Reiniger Short Films,Lotte Reiniger,1926,Animation,0 days 01:00:00,Harvard Film Archive,2026-09-28,7:00 PM,,,unresolved,,Unknown
Pink Flamingos,John Waters,1972,Comedy,0 days 01:33:00,Somerville Theatre,2026-09-29,7:30 PM,320527,Pink Flamingos,exact_title,English,English listed
Careful,Guy Maddin,1992,Comedy,0 days 01:40:00,The Brattle,2026-09-29,9:00 PM,8136508,Careful (1992 film),exact_year,English,English listed
Häxan,Benjamin Christensen,1922,Documentary,0 days 01:45:00,Coolidge Corner Theatre,2026-09-29,7:00 PM,3644898,Häxan,exact_title,Silent film with Swedish intertitles,No English listed
Sunrise: A Song of Two Humans,F. W. Murnau,1927,Drama,0 days 01:34:00,The Brattle,2026-09-29,6:30 PM,61904,Sunrise: A Song of Two Humans,exact_title,Sound (Synchronized); (English Intertitles),English listed
HÃ¤xan,Benjamin Christensen,1922,Documentary,0 days 01:45:00,Coolidge Corner Theatre,2026-09-29,7:00 PM,,,unresolved,,Unknown
Nostalgia,Andrei Tarkovsky,1983,Drama,0 days 02:05:00,Coolidge Corner Theatre,2026-09-30,7:00 PM,,,unresolved,,Unknown
Diva,Jean-Jacques Beineix,1981,Action,0 days 01:57:00,The Brattle,2026-09-30,8:00 PM,30874145,Diva (1981 film),exact_year,Plainlist|; French; English,English listed
