film_key,title,year,wiki_id,wiki_title,match_method
Ring||1998,Ring,1998.0,180785,Ring (film),exact_year
The Taking of Pelham One Two Three||1974,The Taking of Pelham One Two Three,1974.0,955409,The Taking of Pelham One Two Three (1974 film),exact_year
Audition||1999,Audition,1999.0,587265,Audition (1999 film),exact_year
Freaky Friday||2003,Freaky Friday,2003.0,2236324,Freaky Friday (2003 film),exact_year
Martial Law||1990,Martial Law,1990.0,18791040,Martial Law (1991 film),exact_year
12 Angry Men||1957,12 Angry Men,1957.0,92605,12 Angry Men,exact_year
Get Out||2017,Get Out,2017.0,48526729,Get Out,exact_year
Poison||1991,Poison,1991.0,7444907,Poison (1991 film),exact_year
Candyman||1992,Candyman,1992.0,1256990,Candyman (1992 film),exact_year
Teenage Mutant Ninja Turtles||1990,Teenage Mutant Ninja Turtles,1990.0,2323962,Teenage Mutant Ninja Turtles (1990 film),exact_year
Dick Tracy||1990,Dick Tracy,1990.0,725984,Dick Tracy (1990 film),exact_year
Rear Window||1954,Rear Window,1954.0,74577,Rear Window,exact_year
Us||2019,Us,2019.0,57371131,Us (2019 film),exact_year
Funny Games||1997,Funny Games,1997.0,3870912,Funny Games (1997 film),exact_year
The Apple||1980,The Apple,1980.0,5461234,The Apple (1980 film),exact_year
Street of Chance||1942,Street of Chance,1942.0,3577967,Street of Chance (1942 film),exact_year
Parasite||2019,Parasite,2019.0,56746570,Parasite (2019 film),exact_year
V for Vendetta||2006,V for Vendetta,2006.0,1891886,V for Vendetta (film),exact_year
Black Tuesday||1954,Black Tuesday,1954.0,2321684,Black Tuesday (film),exact_year
Watchmen||2009,Watchmen,2009.0,5016250,Watchmen (2009 film),exact_year
Smog||1962,Smog,1962.0,81148333,Smog (film),exact_year
City of Fear||1959,City of Fear,1959.0,35107447,City of Fear (1959 film),exact_year
Signs||2002,Signs,2002.0,72453,Signs (film),exact_year
Ravenous||1999,Ravenous,1999.0,874208,Ravenous (1999 film),exact_year
Grand Prix||1966,Grand Prix,1966.0,970846,Grand Prix (1966 film),exact_year
Ben-Hur||1959,Ben-Hur,1959.0,1343342,Ben-Hur (1959 film),exact_year
Love Lies Bleeding||2024,Love Lies Bleeding,2024.0,70547951,Love Lies Bleeding (2024 film),exact_year
Immaculate||2024,Immaculate,2024.0,73069391,Immaculate (2024 film),exact_year
Invasion of the Body Snatchers||1956,Invasion of the Body Snatchers,1956.0,74394,Invasion of the Body Snatchers,exact_year
Nowhere||1997,Nowhere,1997.0,1223386,Nowhere (1997 film),exact_year
Charlie's Angels||2000,Charlie's Angels,2000.0,342692,Charlie's Angels (2000 film),exact_year
300||2007,300,2007.0,2465797,300 (film),exact_year
Sin City||2005,Sin City,2005.0,1336308,Sin City (film),exact_year
Mask||1985,Mask,1985.0,442333,Mask (1985 film),exact_year
Speed||1994,Speed,1994.0,99123,Speed (1994 film),exact_year
X||2022,X,2022.0,66437544,X (2022 film),exact_year
Godzilla||1954,Godzilla,1954.0,12004,Godzilla (1954 film),exact_year
Pearl||2022,Pearl,2022.0,70324820,Pearl (2022 film),exact_year
Jaws||1975,Jaws,1975.0,74830,Jaws (film),exact_year
Fright Night||1985,Fright Night,1985.0,1123132,Fright Night,exact_year
The Rock||1996,The Rock,1996.0,29785,The Rock (film),exact_year
Friday the 13th||1980,Friday the 13th,1980.0,168958,Friday the 13th (1980 film),exact_year
City of God||2002,City of God,2002.0,461322,City of God (2002 film),exact_year
Dirty Dancing||1987,Dirty Dancing,1987.0,680361,Dirty Dancing,exact_year
Total Recall||1990,Total Recall,1990.0,55325,Total Recall (1990 film),exact_year
Menus-Plaisirs - Les Troisgros||2023,Menus-Plaisirs - Les Troisgros,2023.0,76603481,Menus-Plaisirs – Les Troisgros,exact_year
Tommy||1975,Tommy,1975.0,1221714,Tommy (1975 film),exact_year
Let the Good Times Roll||1973,Let the Good Times Roll,1973.0,33265976,Let the Good Times Roll (film),exact_year
Election||1999,Election,1999.0,689969,Election (1999 film),exact_year
Scooby-Doo||2002,Scooby-Doo,2002.0,1072075,Scooby-Doo (film),exact_year
Somewhere||2010,Somewhere,2010.0,23734853,Somewhere (film),exact_year
Saboteur||1942,Saboteur,1942.0,1576720,Saboteur (film),exact_year
Rebecca||1940,Rebecca,1940.0,1259785,Rebecca (1940 film),exact_year
Dragonslayer||1981,Dragonslayer,1981.0,887388,Dragonslayer (1981 film),exact_year
Vertigo||1958,Vertigo,1958.0,76617,Vertigo (film),exact_year
The Church||1989,The Church,1989.0,11680456,The Church (1989 film),exact_year
La Bamba||1987,La Bamba,1987.0,307080,La Bamba (film),exact_year
No Way Out||1987,No Way Out,1987.0,886560,No Way Out (1987 film),exact_year
I'm Your Man||2021,I'm Your Man,2021.0,66717120,I'm Your Man (2021 film),exact_year
Marie Antoinette||2006,Marie Antoinette,2006.0,2701261,Marie Antoinette (2006 film),exact_year
Go||1999,Go,1999.0,585172,Go (1999 film),exact_year
Falling Down||1993,Falling Down,1993.0,19625929,Falling Down,exact_year
Bird||1988,Bird,1988.0,2378500,Bird (1988 film),exact_year
Pretty Woman||1990,Pretty Woman,1990.0,156745,Pretty Woman,exact_year
Wings||1927,Wings,1927.0,61046,Wings (1927 film),exact_year
Annie||1982,Annie,1982.0,12823099,Annie (1982 film),exact_year
Poison Ivy||1992,Poison Ivy,1992.0,555857,Poison Ivy (1992 film),exact_year
The Crush||1993,The Crush,1993.0,805037,The Crush (1993 film),exact_year
Jade||1995,Jade,1995.0,4032134,Jade (1995 film),exact_year
Mamma Mia!||2008,Mamma Mia!,2008.0,8425661,Mamma Mia! (film),exact_year
Bad Lieutenant||1992,Bad Lieutenant,1992.0,1238102,Bad Lieutenant,exact_year
Legend||1985,Legend,1985.0,922084,Legend (1985 film),exact_year
Dangerous Game||1993,Dangerous Game,1993.0,8777894,Dangerous Game (1993 film),exact_year
Inside Man||2006,Inside Man,2006.0,3592692,Inside Man,exact_year
Bound||1996,Bound,1996.0,249838,Bound (1996 film),exact_year
Crash||1996,Crash,1996.0,2077360,Crash (1996 film),exact_year
All Quiet on the Western Front||2022,All Quiet on the Western Front,2022.0,68924608,All Quiet on the Western Front (2022 film),exact_year
Magnolia||1999,Magnolia,1999.0,231829,Magnolia (film),exact_year
Lost Highway||1997,Lost Highway,1997.0,204839,Lost Highway (film),exact_year
Wild Things||1998,Wild Things,1998.0,423372,Wild Things (film),exact_year
A Knight's Tale||2001,A Knight's Tale,2001.0,65669,A Knight's Tale,exact_year
The Dark Knight||2008,The Dark Knight,2008.0,4276475,The Dark Knight,exact_year
Popeye||1980,Popeye,1980.0,1339188,Popeye (film),exact_year
Hairspray||1988,Hairspray,1988.0,1613987,Hairspray (1988 film),exact_year
The Trip||1967,The Trip,1967.0,696925,The Trip (1967 film),exact_year
The Master||2012,The Master,2012.0,31960682,The Master (2012 film),exact_year
Midnight Cowboy||1969,Midnight Cowboy,1969.0,42147,Midnight Cowboy,exact_year
King Kong||1933,King Kong,1933.0,16782,King Kong (1933 film),exact_year
Airport||1970,Airport,1970.0,99459,Airport (1970 film),exact_year
Le Deuxième Souffle||1966,Le Deuxième Souffle,1966.0,18487088,Le deuxième souffle (1966 film),exact_year
The Warriors||1979,The Warriors,1979.0,1173571,The Warriors (film),exact_year
The Big Sleep||1946,The Big Sleep,1946.0,1645598,The Big Sleep (1946 film),exact_year
Key Largo||1948,Key Largo,1948.0,1397142,Key Largo (film),exact_year
Dark Passage||1947,Dark Passage,1947.0,1668866,Dark Passage (film),exact_year
Alice in Wonderland||1951,Alice in Wonderland,1951.0,769066,Alice in Wonderland (1951 film),exact_year
Hackers||1995,Hackers,1995.0,40852758,Hackers (film),exact_year
The Lady Vanishes||1938,The Lady Vanishes,1938.0,9404578,The Lady Vanishes,exact_year
Murder on the Orient Express||1974,Murder on the Orient Express,1974.0,5028092,Murder on the Orient Express (1974 film),exact_year
The 39 Steps||1935,The 39 Steps,1935.0,3724436,The 39 Steps (1935 film),exact_year
Donnie Darko||2001,Donnie Darko,2001.0,57820,Donnie Darko,exact_year
Grease||1978,Grease,1978.0,336846,Grease (film),exact_year
The Searchers||1956,The Searchers,1956.0,76335,The Searchers,exact_year
Moving||1993,Moving,1993.0,24086703,Moving (1993 film),exact_year
Spartacus||1960,Spartacus,1960.0,166813,Spartacus (film),exact_year
Inception||2010,Inception,2010.0,23270459,Inception,exact_year
The Room||2003,The Room,2003.0,5443971,The Room,exact_year
The Sound of Music||1965,The Sound of Music,1965.0,4836239,The Sound of Music (film),exact_year
Gift||2023,Gift,2023.0,74574510,Evil Does Not Exist,exact_year
Pandora's Box||1929,Pandora's Box,1929.0,457578,Pandora's Box (1929 film),exact_year
Breathless||1960,Breathless,1960.0,339526,Breathless (1960 film),exact_year
Twilight||2008,Twilight,2008.0,14277334,Twilight (2008 film),exact_year
The Circus||1928,The Circus,1928.0,142780,The Circus (1928 film),exact_year
Training Day||2001,Training Day,2001.0,171623,Training Day,exact_year
Take Out||2004,Take Out,2004.0,21064505,Take Out (2004 film),exact_year
Macabre||1958,Macabre,1958.0,14170318,Macabre (1958 film),exact_year
Shadow of a Doubt||1943,Shadow of a Doubt,1943.0,76339,Shadow of a Doubt,exact_year
Psycho||1960,Psycho,1960.0,23880,Psycho (1960 film),exact_year
The Man Who Knew Too Much||1956,The Man Who Knew Too Much,1956.0,2345044,The Man Who Knew Too Much (1956 film),exact_year
The Craft||1996,The Craft,1996.0,86533,The Craft (film),exact_year
The Pit and the Pendulum||1961,The Pit and the Pendulum,1961.0,5422414,The Pit and the Pendulum (1961 film),exact_year
The Dark End of the Street||1981,The Dark End of the Street,1981.0,74074834,The Dark End of the Street (1981 film),exact_year
The Omen||1976,The Omen,1976.0,186856,The Omen,exact_year
Matinee||1993,Matinee,1993.0,6215998,Matinee (1993 film),exact_year
The Birds||1963,The Birds,1963.0,304428,The Birds (film),exact_year
The Little Shop of Horrors||1960,The Little Shop of Horrors,1960.0,325206,The Little Shop of Horrors,exact_year
The Raven||1963,The Raven,1963.0,518687,The Raven (1963 film),exact_year
A Bucket of Blood||1959,A Bucket of Blood,1959.0,4333681,A Bucket of Blood,exact_year
Nosferatu||1922,Nosferatu,1922.0,82423,Nosferatu,exact_year
13 Ghosts||1960,13 Ghosts,1960.0,1135297,13 Ghosts,exact_year
Frenzy||1972,Frenzy,1972.0,508044,Frenzy,exact_year
Tales of Terror||1962,Tales of Terror,1962.0,3135608,Tales of Terror,exact_year
El Topo||1970,El Topo,1970.0,1844221,El Topo,exact_year
Piranha||1978,Piranha,1978.0,3153784,Piranha (1978 film),exact_year
Suburbia||1984,Suburbia,1984.0,670267,Suburbia (film),exact_year
Monster House||2006,Monster House,2006.0,2692284,Monster House (film),exact_year
Trick or Treat||1986,Trick or Treat,1986.0,7212423,Trick or Treat (1986 film),exact_year
A Nightmare on Elm Street||1984,A Nightmare on Elm Street,1984.0,3028191,A Nightmare on Elm Street,exact_year
The Manchurian Candidate||1962,The Manchurian Candidate,1962.0,58147,The Manchurian Candidate (1962 film),exact_year
The Crow||1994,The Crow,1994.0,406339,The Crow (1994 film),exact_year
Scream||1996,Scream,1996.0,113549,Scream (1996 film),exact_year
Scream||2022,Scream,2022.0,31716869,Scream (2022 film),exact_year
The Elephant Man||1980,The Elephant Man,1980.0,106344,The Elephant Man (1980 film),exact_year
Blade Runner||1982,Blade Runner,1982.0,3746,Blade Runner,exact_year
The Killing||1956,The Killing,1956.0,282964,The Killing (film),exact_year
The Breakfast Club||1985,The Breakfast Club,1985.0,29943,The Breakfast Club,exact_year
Dune||1984,Dune,1984.0,71415,Dune (1984 film),exact_year
Niagara||1953,Niagara,1953.0,1633705,Niagara (1953 film),exact_year
The Sniper||1952,The Sniper,1952.0,2721095,The Sniper (1952 film),exact_year
The Killers||1946,The Killers,1946.0,1774116,The Killers (1946 film),exact_year
The Man Who Wasn't There||2001,The Man Who Wasn't There,2001.0,241052,The Man Who Wasn't There (2001 film),exact_year
Wild at Heart||1990,Wild at Heart,1990.0,246963,Wild at Heart (film),exact_year
The Fall||2008,The Fall,2008.0,27941350,The Fall (2008 film),exact_year
Winners||2024,Winners,2024.0,76033808,Winners (2024 film),exact_year
"Lust, Caution||2007","Lust, Caution",2007.0,5631382,"Lust, Caution",exact_year
Times Square||1980,Times Square,1980.0,2154540,Times Square (1980 film),exact_year
Hook||1991,Hook,1991.0,443972,Hook (film),exact_year
The Thief of Bagdad||1924,The Thief of Bagdad,1924.0,76385,The Thief of Bagdad (1924 film),exact_year
Nightmare Alley||1947,Nightmare Alley,1947.0,2006189,Nightmare Alley (1947 film),exact_year
Matilda||1996,Matilda,1996.0,675935,Matilda (1996 film),exact_year
Blade||1998,Blade,1998.0,471544,Blade (1998 film),exact_year
Big Time||1988,Big Time,1988.0,24105483,Big Time (1988 film),exact_year
How the Grinch Stole Christmas||2000,How the Grinch Stole Christmas,2000.0,4867859,How the Grinch Stole Christmas (2000 film),exact_year
Bram Stoker's Dracula||1992,Bram Stoker's Dracula,1992.0,337740,Bram Stoker's Dracula (1992 film),exact_year
Black Christmas||1974,Black Christmas,1974.0,1584998,Black Christmas (1974 film),exact_year
Pacific Rim||2013,Pacific Rim,2013.0,32112949,Pacific Rim (film),exact_year
Speed Racer||2008,Speed Racer,2008.0,8737659,Speed Racer (film),exact_year
Underworld||2003,Underworld,2003.0,452767,Underworld (2003 film),exact_year
Little Women||1994,Little Women,1994.0,781758,Little Women (1994 film),exact_year
Anaconda||1997,Anaconda,1997.0,703970,Anaconda (1997 film),exact_year
The Age of Innocence||1993,The Age of Innocence,1993.0,5836236,The Age of Innocence (1993 film),exact_year
Bad Boys||1995,Bad Boys,1995.0,673613,Bad Boys (1995 film),exact_year
The Sacrifice||1986,The Sacrifice,1986.0,593964,The Sacrifice (1986 film),exact_year
Starship Troopers||1997,Starship Troopers,1997.0,203841,Starship Troopers (film),exact_year
The Thing||1982,The Thing,1982.0,30809,The Thing (1982 film),exact_year
Pariah||2011,Pariah,2011.0,33025020,Pariah (2011 film),exact_year
Climax||2018,Climax,2018.0,57171624,Climax (2018 film),exact_year
Rumours||2024,Rumours,2024.0,75785008,Rumours (2024 film),exact_year
Omen||2023,Omen,2023.0,75083336,Omen (2023 film),exact_year
Fargo||1996,Fargo,1996.0,142430,Fargo (1996 film),exact_year
Challengers||2024,Challengers,2024.0,70047803,Challengers (film),exact_year
Anora||2024,Anora,2024.0,75146745,Anora,exact_year
Opera||1987,Opera,1987.0,5707225,Opera (1987 film),exact_year
Flow||2024,Flow,2024.0,76884533,Flow (2024 film),exact_year
Irreversible||2002,Irreversible,2002.0,299490,Irréversible,exact_year
Lone Star||1996,Lone Star,1996.0,1108697,Lone Star (1996 film),exact_year
Dead End||1977,Dead End,1977.0,38216944,Dead End (1977 film),exact_year
Memories of Murder||2003,Memories of Murder,2003.0,2746792,Memories of Murder,exact_year
Super Fly||1972,Super Fly,1972.0,195776,Super Fly (1972 film),exact_year
Cure||1997,Cure,1997.0,2359777,Cure (film),exact_year
Outrage||1950,Outrage,1950.0,3688065,Outrage (1950 film),exact_year
Rapid Fire||1992,Rapid Fire,1992.0,551753,Rapid Fire (1992 film),exact_year
The Vanishing||1988,The Vanishing,1988.0,350584,The Vanishing (1988 film),exact_year
Insomnia||2002,Insomnia,2002.0,4760936,Insomnia (2002 film),exact_year
Unforgiven||1992,Unforgiven,1992.0,133574,Unforgiven,exact_year
Enemy||2014,Enemy,2014.0,38850565,Enemy (2013 film),exact_year
Mädchen in Uniform||1931,Mädchen in Uniform,1931.0,1245942,Mädchen in Uniform,exact_year
High Life||2018,High Life,2018.0,54459964,High Life (2018 film),exact_year
Under the Skin||2014,Under the Skin,2014.0,39502001,Under the Skin (2013 film),exact_year
Singles||1992,Singles,1992.0,577663,Singles (1992 film),exact_year
Glory||1989,Glory,1989.0,509676,Glory (1989 film),exact_year
Little Women||2019,Little Women,2019.0,57793159,Little Women (2019 film),exact_year
The Wizard of Oz||1939,The Wizard of Oz,1939.0,561315,The Wizard of Oz,exact_year
Point Break||1991,Point Break,1991.0,483274,Point Break,exact_year
Holiday||1938,Holiday,1938.0,4070671,Holiday (1938 film),exact_year
The Return||2024,The Return,2024.0,73050420,The Return (2024 film),exact_year
The Incredibles||2004,The Incredibles,2004.0,565879,The Incredibles,exact_year
The Parent Trap||1998,The Parent Trap,1998.0,2236329,The Parent Trap (1998 film),exact_year
Rush Hour||1998,Rush Hour,1998.0,489800,Rush Hour (1998 film),exact_year
X-Men: First Class||2011,X-Men: First Class,2011.0,28648635,X-Men: First Class,exact_year
Notorious||1946,Notorious,1946.0,255198,Notorious (1946 film),exact_year
Alligator||1980,Alligator,1980.0,4946798,Alligator (film),exact_year
Hospital||1970,Hospital,1970.0,74376,Hospital (1970 film),exact_year
Liberté||2019,Liberté,2019.0,60531704,Liberté (2019 film),exact_year
Dead Ringers||1988,Dead Ringers,1988.0,826482,Dead Ringers (film),exact_year
Taxi Driver||1976,Taxi Driver,1976.0,30000,Taxi Driver,exact_year
Suspiria||1977,Suspiria,1977.0,347000,Suspiria,exact_year
Amazing Grace||2018,Amazing Grace,2018.0,60361320,Amazing Grace (2018 film),exact_year
Outbreak||1995,Outbreak,1995.0,733927,Outbreak (1995 film),exact_year
Heat||1995,Heat,1995.0,43566,Heat (1995 film),exact_year
The Verdict||1982,The Verdict,1982.0,106359,The Verdict,exact_year
The Town||2010,The Town,2010.0,24228929,The Town (2010 film),exact_year
Planet of the Apes||2001,Planet of the Apes,2001.0,20181491,Planet of the Apes (2001 film),exact_year
Spotlight||2015,Spotlight,2015.0,43842546,Spotlight (film),exact_year
Address Unknown||1944,Address Unknown,1944.0,20760084,Address Unknown (1944 film),exact_year
Model||1981,Model,1981.0,81559609,Model (film),exact_year
Valley Girl||1983,Valley Girl,1983.0,2406870,Valley Girl (1983 film),exact_year
American Gangster||2007,American Gangster,2007.0,5017604,American Gangster (film),exact_year
Harakiri||1962,Harakiri,1962.0,3137571,Harakiri (1962 film),exact_year
Racetrack||1985,Racetrack,1985.0,82443910,Racetrack (1985 film),exact_year
Fallen||1998,Fallen,1998.0,1151458,Fallen (1998 film),exact_year
The Nice Guys||2016,The Nice Guys,2016.0,43846431,The Nice Guys,exact_year
Night Moves||1975,Night Moves,1975.0,1665824,Night Moves (1975 film),exact_year
Scarface||1983,Scarface,1983.0,267848,Scarface (1983 film),exact_year
Scarecrow||1973,Scarecrow,1973.0,2232039,Scarecrow (1973 film),exact_year
The Wicker Man||1973,The Wicker Man,1973.0,42313,The Wicker Man,exact_year
Summertime||1955,Summertime,1955.0,190393,Summertime (1955 film),exact_year
Risky Business||1983,Risky Business,1983.0,561226,Risky Business,exact_year
Mother||2009,Mother,2009.0,22833707,Mother (2009 film),exact_year
Mildred Pierce||1945,Mildred Pierce,1945.0,4995581,Mildred Pierce (film),exact_year
Vampire Hunter D||1985,Vampire Hunter D,1985.0,5162931,Vampire Hunter D (1985 film),exact_year
The Adversary||1970,The Adversary,1970.0,3384689,Pratidwandi,exact_year
The Big City||1963,The Big City,1963.0,2509635,Mahanagar,exact_year
The Glory of Life||2024,The Glory of Life,2024.0,77072322,The Glory of Life (2024 film),exact_year
Happy Together||1997,Happy Together,1997.0,184987,Happy Together (1997 film),exact_year
Downfall||2004,Downfall,2004.0,993791,Downfall (2004 film),exact_year
Thief||1981,Thief,1981.0,1330774,Thief (film),exact_year
The Heartbreak Kid||1972,The Heartbreak Kid,1972.0,857298,The Heartbreak Kid (1972 film),exact_year
Firestarter||1984,Firestarter,1984.0,16182808,Firestarter (1984 film),exact_year
Before Midnight||2013,Before Midnight,2013.0,36929245,Before Midnight,exact_year
Phantom Lady||1944,Phantom Lady,1944.0,1757150,Phantom Lady (film),exact_year
The Apartment||1960,The Apartment,1960.0,43849,The Apartment,exact_year
The Long Goodbye||1973,The Long Goodbye,1973.0,3624815,The Long Goodbye (film),exact_year
Rabid||1977,Rabid,1977.0,451003,Rabid (1977 film),exact_year
Day of the Dead||1985,Day of the Dead,1985.0,63310,Day of the Dead (1985 film),exact_year
Alien||1979,Alien,1979.0,23487440,Alien (film),exact_year
The Fly||1986,The Fly,1986.0,456601,The Fly (1986 film),exact_year
Crimes of the Future||2022,Crimes of the Future,2022.0,66580777,Crimes of the Future (2022 film),exact_year
House||1977,House,1977.0,20286230,House (1977 film),exact_year
Always||1989,Always,1989.0,848218,Always (1989 film),exact_year
Sudden Rain||1956,Sudden Rain,1956.0,21167644,Sudden Rain,exact_year
Yearning||1964,Yearning,1964.0,31740169,Yearning (1964 film),exact_year
Sabrina||1954,Sabrina,1954.0,1356971,Sabrina (1954 film),exact_year
Ash Wednesday||1973,Ash Wednesday,1973.0,24689511,Ash Wednesday (1973 film),exact_year
Demon Pond||1979,Demon Pond,1979.0,78156753,Demon Pond (1979 film),exact_year
The Blob||1988,The Blob,1988.0,2521806,The Blob (1988 film),exact_year
High and Low||1963,High and Low,1963.0,867935,High and Low (1963 film),exact_year
Weekend||1967,Weekend,1967.0,2117053,Weekend (1967 film),exact_year
Ran||1985,Ran,1985.0,75984,Ran (film),exact_year
Something Different||1963,Something Different,1963.0,61231426,Something Different (1963 film),exact_year
Dazed and Confused||1993,Dazed and Confused,1993.0,503573,Dazed and Confused (film),exact_year
Breathless||1983,Breathless,1983.0,5989305,Breathless (1983 film),exact_year
The Thin Line||1966,The Thin Line,1966.0,52317782,The Stranger Within a Woman,exact_year
Mixed Blood||1984,Mixed Blood,1984.0,26085256,Mixed Blood (1984 film),exact_year
Kansas City||1996,Kansas City,1996.0,1693894,Kansas City (film),exact_year
Travelling Actors||1940,Travelling Actors,1940.0,67635297,Travelling Actors,exact_year
Cat People||1942,Cat People,1942.0,1056686,Cat People (1942 film),exact_year
Cat People||1982,Cat People,1982.0,1056696,Cat People (1982 film),exact_year
Fallen Angels||1995,Fallen Angels,1995.0,624433,Fallen Angels (1995 film),exact_year
The Girls||1968,The Girls,1968.0,32684003,The Girls (1968 film),exact_year
Loving Couples||1964,Loving Couples,1964.0,21759848,Loving Couples (1964 film),exact_year
Ghost Ship||2002,Ghost Ship,2002.0,1354688,Ghost Ship (2002 film),exact_year
Fever Pitch||2005,Fever Pitch,2005.0,1448684,Fever Pitch (2005 film),exact_year
Flowing||1956,Flowing,1956.0,17723727,Flowing (1956 film),exact_year
Night and Day||2008,Night and Day,2008.0,20425100,Night and Day (2008 film),exact_year
The Player||1992,The Player,1992.0,358263,The Player (1992 film),exact_year
Hero||2002,Hero,2002.0,318542,Hero (2002 film),exact_year
Cape Fear||1991,Cape Fear,1991.0,171026,Cape Fear (1991 film),exact_year
Cape Fear||1962,Cape Fear,1962.0,171029,Cape Fear (1962 film),exact_year
Road House||1989,Road House,1989.0,901489,Road House (1989 film),exact_year
The Women||1939,The Women,1939.0,19978736,The Women (1939 film),exact_year
Grass||2018,Grass,2018.0,56764960,Grass (2018 film),exact_year
Them||2006,Them,2006.0,9249020,Them (2006 film),exact_year
Village of the Damned||1995,Village of the Damned,1995.0,1721255,Village of the Damned (1995 film),exact_year
A Better Tomorrow||1986,A Better Tomorrow,1986.0,89541,A Better Tomorrow,exact_year
Lovers Rock||2020,Lovers Rock,2020.0,64179486,Lovers Rock (2020 film),exact_year
"Red, White and Blue||2020","Red, White and Blue",2020.0,65968147,"Red, White and Blue (2020 film)",exact_year
City on Fire||1987,City on Fire,1987.0,1640215,City on Fire (1987 film),exact_year
Beauty and the Beast||1946,Beauty and the Beast,1946.0,1226363,Beauty and the Beast (1946 film),exact_year
Roma||1972,Roma,1972.0,1721399,Roma (1972 film),exact_year
The Killer||1989,The Killer,1989.0,451877,The Killer (1989 film),exact_year
Eno||2024,Eno,2024.0,75853418,Eno (2024 film),exact_year
Ray||2004,Ray,2004.0,993226,Ray (film),exact_year
Lightning||1952,Lightning,1952.0,23208313,Lightning (1952 film),exact_year
The Sacrament||2013,The Sacrament,2013.0,41438706,The Sacrament (2013 film),exact_year
Cloverfield||2008,Cloverfield,2008.0,12064359,Cloverfield,exact_year
Opening Night||1977,Opening Night,1977.0,2581818,Opening Night (1977 film),exact_year
M||1931,M,1931.0,66322,M (1931 film),exact_year
Snow White||1916,Snow White,1916.0,2826225,Snow White (1916 film),exact_year
7th Heaven||1927,7th Heaven,1927.0,61049,7th Heaven (1927 film),exact_year
Lifeboat||1944,Lifeboat,1944.0,264869,Lifeboat (1944 film),exact_year
Heightened Scrutiny||2025,Heightened Scrutiny,2025.0,83347199,Heightened Scrutiny (film),exact_year
Rope||1948,Rope,1948.0,23477436,Rope (film),exact_year
Carrie||1976,Carrie,1976.0,4899791,Carrie (1976 film),exact_year
Greed||1924,Greed,1924.0,73930,Greed (1924 film),exact_year
Dilwale Dulhania Le Jayenge||1995,Dilwale Dulhania Le Jayenge,1995.0,274258,Dilwale Dulhania Le Jayenge,exact_year
Carnival of Souls||1962,Carnival of Souls,1962.0,1100688,Carnival of Souls,exact_year
Prom Night||1980,Prom Night,1980.0,2497347,Prom Night (1980 film),exact_year
The Prowler||1981,The Prowler,1981.0,9489391,The Prowler (1981 film),exact_year
Diabolique||1955,Diabolique,1955.0,152749,Les Diaboliques (film),exact_year
The Phantom of the Opera||1925,The Phantom of the Opera,1925.0,308930,The Phantom of the Opera (1925 film),exact_year
Possession||1981,Possession,1981.0,5542682,Possession (1981 film),exact_year
I Know What You Did Last Summer||1997,I Know What You Did Last Summer,1997.0,255049,I Know What You Did Last Summer,exact_year
Trust||1990,Trust,1990.0,4056928,Trust (1990 film),exact_year
The Fog||1980,The Fog,1980.0,1443093,The Fog,exact_year
The Crowd||1928,The Crowd,1928.0,928593,The Crowd (1928 film),exact_year
Frankenstein||1931,Frankenstein,1931.0,73488,Frankenstein (1931 film),exact_year
Hotel Transylvania||2012,Hotel Transylvania,2012.0,31327794,Hotel Transylvania (film),exact_year
Jonathan||1970,Jonathan,1970.0,38024097,Jonathan (1970 film),exact_year
Ghostbusters||1984,Ghostbusters,1984.0,205013,Ghostbusters,exact_year
Mandy||2018,Mandy,2018.0,56359151,Mandy (2018 film),exact_year
Wolf||1994,Wolf,1994.0,686022,Wolf (1994 film),exact_year
Candyman||2021,Candyman,2021.0,62150510,Candyman (2021 film),exact_year
Scary Movie||2000,Scary Movie,2000.0,277667,Scary Movie,exact_year
Copycat||1995,Copycat,1995.0,3154773,Copycat (1995 film),exact_year
Halloween||1978,Halloween,1978.0,20179415,Halloween (1978 film),exact_year
Sinners||2025,Sinners,2025.0,75895455,Sinners (2025 film),exact_year
Halloween II||2009,Halloween II,2009.0,20736730,Halloween II (2009 film),exact_year
The Thomas Crown Affair||1968,The Thomas Crown Affair,1968.0,2367145,The Thomas Crown Affair (1968 film),exact_year
Love Story||1970,Love Story,1970.0,99461,Love Story (1970 film),exact_year
Amar Akbar Anthony||1977,Amar Akbar Anthony,1977.0,1205729,Amar Akbar Anthony,exact_year
Network||1976,Network,1976.0,101935,Network (1976 film),exact_year
Aliens||1986,Aliens,1986.0,213472,Aliens (film),exact_year
The Terminator||1984,The Terminator,1984.0,30327,The Terminator,exact_year
The Gift||2000,The Gift,2000.0,1312584,The Gift (2000 film),exact_year
Freaky Friday||1976,Freaky Friday,1976.0,7533357,Freaky Friday (1976 film),exact_year
Persona||1966,Persona,1966.0,667945,Persona (1966 film),exact_year
Frankenstein||2025,Frankenstein,2025.0,73297429,Frankenstein (2025 film),exact_year
Annihilation||2018,Annihilation,2018.0,46654061,Annihilation (film),exact_year
Solaris||1972,Solaris,1972.0,20181213,Solaris (1972 film),exact_year
The Piano Teacher||2001,The Piano Teacher,2001.0,846828,The Piano Teacher (film),exact_year
The Fox and the Hound||1981,The Fox and the Hound,1981.0,1371138,The Fox and the Hound,exact_year
Miss Julie||1951,Miss Julie,1951.0,8744262,Miss Julie (1951 film),exact_year
Carny||1980,Carny,1980.0,15452919,Carny (1980 film),exact_year
Used Cars||1980,Used Cars,1980.0,1640125,Used Cars,exact_year
The Bad News Bears||1976,The Bad News Bears,1976.0,464128,The Bad News Bears,exact_year
The General||1926,The General,1926.0,68388,The General (1926 film),exact_year
Baby Boy||2001,Baby Boy,2001.0,156558,Baby Boy (film),exact_year
Native Son||1951,Native Son,1951.0,9879767,Native Son (1951 film),exact_year
Space Jam||1996,Space Jam,1996.0,265033,Space Jam,exact_year
Malcolm X||1992,Malcolm X,1992.0,300972,Malcolm X (1992 film),exact_year
Breakdown||1997,Breakdown,1997.0,1730420,Breakdown (1997 film),exact_year
The Prestige||2006,The Prestige,2006.0,2809621,The Prestige,exact_year
Django||1966,Django,1966.0,3586028,Django (1966 film),exact_year
It Chapter Two||2019,It Chapter Two,2019.0,50733124,It Chapter Two,exact_year
The Producers||1968,The Producers,1968.0,76030,The Producers (1967 film),exact_year
Catch Me If You Can||2002,Catch Me If You Can,2002.0,215873,Catch Me If You Can,exact_year
Overboard||1987,Overboard,1987.0,2209172,Overboard (1987 film),exact_year
Dunkirk||2017,Dunkirk,2017.0,48936686,Dunkirk (2017 film),exact_year
Alfie||1966,Alfie,1966.0,98503,Alfie (1966 film),exact_year
Carnage||2011,Carnage,2011.0,30885871,Carnage (2011 film),exact_year
Fly Me to the Moon||2024,Fly Me to the Moon,2024.0,70438308,Fly Me to the Moon (2024 film),exact_year
Repo Man||1984,Repo Man,1984.0,26541,Repo Man (film),exact_year
Minority Report||2002,Minority Report,2002.0,142049,Minority Report,exact_year
Tenet||2020,Tenet,2020.0,59770239,Tenet,exact_year
Christine||1983,Christine,1983.0,2071077,Christine (1983 film),exact_year
Communion||1989,Communion,1989.0,9358857,Communion (1989 film),exact_year
Invasion of the Body Snatchers||1978,Invasion of the Body Snatchers,1978.0,5735396,Invasion of the Body Snatchers (1978 film),exact_year
Gentlemen Prefer Blondes||1953,Gentlemen Prefer Blondes,1953.0,418598,Gentlemen Prefer Blondes (1953 film),exact_year
The Misfits||1961,The Misfits,1961.0,1134155,The Misfits (1961 film),exact_year
The Mask||1994,The Mask,1994.0,1485962,The Mask (1994 film),exact_year
Clash of the Titans||1981,Clash of the Titans,1981.0,948548,Clash of the Titans (1981 film),exact_year
West Side Story||1961,West Side Story,1961.0,4608223,West Side Story (1961 film),exact_year
Dark Angel||1990,Dark Angel,1990.0,9963622,I Come in Peace,exact_year
A Streetcar Named Desire||1951,A Streetcar Named Desire,1951.0,3367826,A Streetcar Named Desire (1951 film),exact_year
The Day the Earth Stood Still||1951,The Day the Earth Stood Still,1951.0,73422,The Day the Earth Stood Still,exact_year
The Goldfish||2019,The Goldfish,2019.0,78097481,The Goldfish (2019 film),exact_year
The War of the Worlds||1953,The War of the Worlds,1953.0,25045707,The War of the Worlds (1953 film),exact_year
Love in the Afternoon||1972,Love in the Afternoon,1972.0,5216578,Love in the Afternoon (1972 film),exact_year
Cabaret||1972,Cabaret,1972.0,236691,Cabaret (1972 film),exact_year
Manhunter||1986,Manhunter,1986.0,600235,Manhunter (film),exact_year
The Lord of the Rings: The Two Towers||2002,The Lord of the Rings: The Two Towers,2002.0,173944,The Lord of the Rings: The Two Towers,exact_year
Invaders from Mars||1953,Invaders from Mars,1953.0,2393932,Invaders from Mars (1953 film),exact_year
Akira||1988,Akira,1988.0,605939,Akira (1988 film),exact_year
Bicycle Thieves||1948,Bicycle Thieves,1948.0,642744,Bicycle Thieves,exact_year
Brighton Rock||1948,Brighton Rock,1948.0,10972714,Brighton Rock (1948 film),exact_year
Metropolis||2001,Metropolis,2001.0,6198415,Metropolis (2001 film),exact_year
The Fugitive||1947,The Fugitive,1947.0,2666581,The Fugitive (1947 film),exact_year
Ghost in the Shell||1995,Ghost in the Shell,1995.0,3228403,Ghost in the Shell (1995 film),exact_year
Shrek||2001,Shrek,2001.0,18717177,Shrek,exact_year
The Godfather||1972,The Godfather,1972.0,2466773,The Godfather,exact_year
Batman||1989,Batman,1989.0,4726,Batman (1989 film),exact_year
For Heaven's Sake||1926,For Heaven's Sake,1926.0,5045155,For Heaven's Sake (1926 film),exact_year
The Librarians||2025,The Librarians,2025.0,79003235,The Librarians (2025 film),exact_year
East of Eden||1955,East of Eden,1955.0,290970,East of Eden (film),exact_year
Vagabond||1985,Vagabond,1985.0,897713,Vagabond (1985 film),exact_year
The Beyond||1981,The Beyond,1981.0,1864142,The Beyond (1981 film),exact_year
Captain January||1924,Captain January,1924.0,8174574,Captain January (1924 film),exact_year
Freaks||1932,Freaks,1932.0,73494,Freaks (1932 film),exact_year
High Society||1956,High Society,1956.0,255194,High Society (1956 film),exact_year
Careful||1992,Careful,1992.0,8136508,Careful (1992 film),exact_year
Diva||1981,Diva,1981.0,30874145,Diva (1981 film),exact_year
Stray Dog||1949,Stray Dog,1949.0,867905,Stray Dog (film),exact_film
Young Frankenstein||1974,Young Frankenstein,1974.0,442647,Young Frankenstein,exact_film
Poetry||2010,Poetry,2010.0,26964199,Poetry (film),exact_film
On the Town||1949,On the Town,1949.0,12816415,On the Town (film),exact_film
"Sorry, Wrong Number||1948","Sorry, Wrong Number",1948.0,183828,"Sorry, Wrong Number",exact_film
Whisper of the Heart||1995,Whisper of the Heart,1995.0,25382451,Whisper of the Heart,exact_film
Snowpiercer||2013,Snowpiercer,2013.0,35816879,Snowpiercer,exact_film
Minari||2021,Minari,2021.0,61276724,Minari,exact_film
Opponent||2023,Opponent,2023.0,74552614,Opponent (film),exact_film
Wayne's World||1992,Wayne's World,1992.0,77744,Wayne's World (film),exact_film
Rosemary's Baby||1968,Rosemary's Baby,1968.0,9830229,Rosemary's Baby (film),exact_film
Purple Rain||1984,Purple Rain,1984.0,226331,Purple Rain (film),exact_film
Past Lives||2023,Past Lives,2023.0,72724981,Past Lives (film),exact_film
"Kim Ji-young, Born 1982||2019","Kim Ji-young, Born 1982",2019.0,64033010,"Kim Ji-young, Born 1982 (film)",exact_film
The Shining||1980,The Shining,1980.0,1186616,The Shining (film),exact_film
Selena||1997,Selena,1997.0,275547,Selena (film),exact_film
Across the Bridge||1957,Across the Bridge,1957.0,24817139,Across the Bridge (film),exact_film
Anselm||2023,Anselm,2023.0,73588916,Anselm (film),exact_film
Union Station||1950,Union Station,1950.0,4150566,Union Station (film),exact_film
Cairo Station||1958,Cairo Station,1958.0,25626519,Cairo Station,exact_film
Field of Dreams||1989,Field of Dreams,1989.0,129524,Field of Dreams,exact_film
Nope||2022,Nope,2022.0,66260186,Nope (film),exact_film
Edward II||1991,Edward II,1991.0,1306645,Edward II (film),exact_film
2001: A Space Odyssey||1968,2001: A Space Odyssey,1968.0,23941708,2001: A Space Odyssey,exact_film
Fallen Leaves||2023,Fallen Leaves,2023.0,73726755,Fallen Leaves (film),exact_film
Mystery Men||1999,Mystery Men,1999.0,295757,Mystery Men,exact_film
Scanners||1981,Scanners,1981.0,378213,Scanners,exact_film
Raintree County||1957,Raintree County,1957.0,18549292,Raintree County (film),exact_film
Tótem||2023,Tótem,2023.0,73002607,Tótem (film),exact_film
Go Fish||1994,Go Fish,1994.0,6721185,Go Fish (film),exact_film
Some Like It Hot||1959,Some Like It Hot,1959.0,76366,Some Like It Hot,exact_film
Robot Dreams||2023,Robot Dreams,2023.0,74621258,Robot Dreams (film),exact_film
Jennifer's Body||2009,Jennifer's Body,2009.0,15713038,Jennifer's Body,exact_film
If Beale Street Could Talk||2018,If Beale Street Could Talk,2018.0,54515886,If Beale Street Could Talk (film),exact_film
Reign of Fire||2002,Reign of Fire,2002.0,164698,Reign of Fire (film),exact_film
World of Tomorrow||2015,World of Tomorrow,2015.0,47257088,World of Tomorrow (film),exact_film
I Heard It Through the Grapevine||1982,I Heard It Through the Grapevine,1982.0,80145027,I Heard It Through the Grapevine (film),exact_film
The Bling Ring||2013,The Bling Ring,2013.0,36495174,The Bling Ring,exact_film
In the Heat of the Night||1967,In the Heat of the Night,1967.0,1715414,In the Heat of the Night (film),exact_film
North by Northwest||1959,North by Northwest,1959.0,73412,North by Northwest,exact_film
Knowing||2009,Knowing,2009.0,17544255,Knowing (film),exact_film
To Catch a Thief||1955,To Catch a Thief,1955.0,239009,To Catch a Thief,exact_film
Heavy Metal||1981,Heavy Metal,1981.0,155303,Heavy Metal (film),exact_film
The Insider||1999,The Insider,1999.0,142469,The Insider (film),exact_film
Basic Instinct||1992,Basic Instinct,1992.0,481649,Basic Instinct,exact_film
Sliver||1993,Sliver,1993.0,11059900,Sliver (film),exact_film
Showgirls||1995,Showgirls,1995.0,93760,Showgirls,exact_film
Apollo 13||1995,Apollo 13,1995.0,142417,Apollo 13 (film),exact_film
Lost in Translation||2003,Lost in Translation,2003.0,369682,Lost in Translation (film),exact_film
Sorcerer||1977,Sorcerer,1977.0,447139,Sorcerer (film),exact_film
Shoeshine||1946,Shoeshine,1946.0,6616873,Shoeshine (film),exact_film
Highlander||1986,Highlander,1986.0,4440277,Highlander (film),exact_film
Thieves Like Us||1974,Thieves Like Us,1974.0,4539015,Thieves Like Us (film),exact_film
Across the Universe||2007,Across the Universe,2007.0,4399897,Across the Universe (film),exact_film
The Virgin Suicides||2000,The Virgin Suicides,2000.0,3610087,The Virgin Suicides (film),exact_film
The Talented Mr. Ripley||1999,The Talented Mr. Ripley,1999.0,536009,The Talented Mr. Ripley (film),exact_film
Roxanne||1987,Roxanne,1987.0,574768,Roxanne (film),exact_film
The Portrait of a Lady||1996,The Portrait of a Lady,1996.0,887135,The Portrait of a Lady (film),exact_film
The Shooting||1966,The Shooting,1966.0,2294746,The Shooting,exact_film
3 Women||1977,3 Women,1977.0,2798805,3 Women,exact_film
Empire of the Sun||1987,Empire of the Sun,1987.0,146077,Empire of the Sun (film),exact_film
A Clockwork Orange||1971,A Clockwork Orange,1971.0,1659954,A Clockwork Orange (film),exact_film
Eraserhead||1978,Eraserhead,1978.0,36814246,Eraserhead,exact_film
To Have and Have Not||1945,To Have and Have Not,1945.0,1971307,To Have and Have Not (film),exact_film
The Outlaw Josey Wales||1976,The Outlaw Josey Wales,1976.0,75270,The Outlaw Josey Wales,exact_film
Lawrence of Arabia||1962,Lawrence of Arabia,1962.0,43452,Lawrence of Arabia (film),exact_film
Harper||1966,Harper,1966.0,6646087,Harper (film),exact_film
The Silence of the Sea||1949,The Silence of the Sea,1949.0,4074374,Le Silence de la mer (1949 film),exact_film
Drive My Car||2021,Drive My Car,2021.0,67841180,Drive My Car (film),exact_film
"Léon Morin, Priest||1961","Léon Morin, Priest",1961.0,22076195,"Léon Morin, Priest",exact_film
Strangers on a Train||1951,Strangers on a Train,1951.0,261107,Strangers on a Train (film),exact_film
8½||1963,8½,1963.0,318810,8½,exact_film
The Seventh Seal||1957,The Seventh Seal,1957.0,176545,The Seventh Seal,exact_film
Join or Die||2024,Join or Die,2024.0,74669461,Join or Die,exact_film
Easy A||2010,Easy A,2010.0,23438736,Easy A,exact_film
Out of Sight||2015,Out of Sight,2015.0,506119,Out of Sight,exact_film
The Gate of Heavenly Peace||1995,The Gate of Heavenly Peace,1995.0,8748773,The Gate of Heavenly Peace (film),exact_film
Tangerine||2015,Tangerine,2015.0,45254449,Tangerine (film),exact_film
Red Rocket||2021,Red Rocket,2021.0,66691354,Red Rocket (film),exact_film
The Florida Project||2017,The Florida Project,2017.0,53834253,The Florida Project,exact_film
Wait Until Dark||1967,Wait Until Dark,1967.0,19755481,Wait Until Dark (film),exact_film
Shaun of the Dead||2004,Shaun of the Dead,2004.0,598397,Shaun of the Dead,exact_film
One Step Away||1968,One Step Away,1968.0,43917399,One Step Away,exact_film
Pulp Fiction||1994,Pulp Fiction,1994.0,54173,Pulp Fiction,exact_film
Les Enfants Terribles||1950,Les Enfants Terribles,1950.0,13118358,Les Enfants terribles (film),exact_film
The Silence of the Lambs||1991,The Silence of the Lambs,1991.0,30006,The Silence of the Lambs (film),exact_film
Bride of the Monster||1955,Bride of the Monster,1955.0,5035,Bride of the Monster,exact_film
Ed Wood||1994,Ed Wood,1994.0,528464,Ed Wood (film),exact_film
Phantasm||1979,Phantasm,1979.0,1802400,Phantasm (film),exact_film
House of Usher||1960,House of Usher,1960.0,5421694,House of Usher (film),exact_film
Interview with the Vampire||1994,Interview with the Vampire,1994.0,3239688,Interview with the Vampire (film),exact_film
Targets||1968,Targets,1968.0,427989,Targets,exact_film
Marnie||1964,Marnie,1964.0,264851,Marnie (film),exact_film
Polyester||1981,Polyester,1981.0,1271694,Polyester (film),exact_film
Lucifer Rising||1974,Lucifer Rising,1974.0,9390971,Lucifer Rising (film),exact_film
The Exorcist||1973,The Exorcist,1973.0,725459,The Exorcist,exact_film
Eyes Without a Face||1960,Eyes Without a Face,1960.0,2491582,Eyes Without a Face (film),exact_film
Trás-os-Montes||1976,Trás-os-Montes,1976.0,36319171,Trás-os-Montes (film),exact_film
Elbow||2024,Elbow,2024.0,76004792,Elbow (film),exact_film
Kwaidan||1965,Kwaidan,1965.0,1268511,Kwaidan (film),exact_film
Eephus||2025,Eephus,2025.0,445172,Eephus,exact_film
Out of the Past||1947,Out of the Past,1947.0,75266,Out of the Past,exact_film
Zabriskie Point||1970,Zabriskie Point,1970.0,2194799,Zabriskie Point (film),exact_film
Head||1968,Head,1968.0,693163,Head (film),exact_film
Blue Velvet||1986,Blue Velvet,1986.0,3947,Blue Velvet (film),exact_film
Amadeus||1984,Amadeus,1984.0,1065214,Amadeus (film),exact_film
Daisies||1966,Daisies,1966.0,10163440,Daisies (film),exact_film
Valerie and Her Week of Wonders||1970,Valerie and Her Week of Wonders,1970.0,1868133,Valerie and Her Week of Wonders (film),exact_film
Paris Is Burning||1991,Paris Is Burning,1991.0,2406074,Paris Is Burning (film),exact_film
"Paris, Texas||1984","Paris, Texas",1984.0,237134,"Paris, Texas (film)",exact_film
Casablanca||1943,Casablanca,1943.0,57585,Casablanca (film),exact_film
Mulholland Drive||2001,Mulholland Drive,2001.0,20786,Mulholland Drive (film),exact_film
The Grandmaster||2013,The Grandmaster,2013.0,32963963,The Grandmaster (film),exact_film
Inland Empire||2006,Inland Empire,2006.0,2028217,Inland Empire (film),exact_film
Top Hat||1935,Top Hat,1935.0,61501,Top Hat,exact_film
Gattaca||1997,Gattaca,1997.0,42886,Gattaca,exact_film
It's a Wonderful Life||1946,It's a Wonderful Life,1946.0,60164,It's a Wonderful Life,exact_film
Queen of the Damned||2002,Queen of the Damned,2002.0,9088886,Queen of the Damned,exact_film
Die Hard||1988,Die Hard,1988.0,97646,Die Hard,exact_film
Aparajito||1956,Aparajito,1956.0,1267738,Aparajito,exact_film
RRR||2022,RRR,2022.0,59329596,RRR,exact_film
Love Actually||2003,Love Actually,2003.0,370064,Love Actually,exact_film
Singin' in the Rain||1952,Singin' in the Rain,1952.0,1883157,Singin' in the Rain,exact_film
Meet Me in St. Louis||1944,Meet Me in St. Louis,1944.0,74942,Meet Me in St. Louis,exact_film
Groundhog Day||1993,Groundhog Day,1993.0,142327,Groundhog Day (film),exact_film
Tap||1989,Tap,1989.0,8771437,Tap (film),exact_film
Single White Female||1992,Single White Female,1992.0,2632500,Single White Female,exact_film
Bottle Rocket||1996,Bottle Rocket,1996.0,524139,Bottle Rocket,exact_film
New Year's Evil||1980,New Year's Evil,1980.0,15589712,New Year's Evil (film),exact_film
Strange Days||1995,Strange Days,1995.0,1339563,Strange Days (film),exact_film
Double Team||1997,Double Team,1997.0,2862407,Double Team (film),exact_film
Moonage Daydream||2022,Moonage Daydream,2022.0,71440614,Moonage Daydream (film),exact_film
Caligula||1979,Caligula,1979.0,243204,Caligula (film),exact_film
Titane||2021,Titane,2021.0,66488453,Titane,exact_film
Good One||2024,Good One,2024.0,76824251,Good One (film),exact_film
His Three Daughters||2024,His Three Daughters,2024.0,74785116,His Three Daughters,exact_film
La Musica||1967,La Musica,1967.0,43582138,La Musica (film),exact_film
Megalopolis||2024,Megalopolis,2024.0,68613611,Megalopolis (film),exact_film
Fancy Dance||2024,Fancy Dance,2024.0,72842326,Fancy Dance (film),exact_film
Rustin||2023,Rustin,2023.0,66716299,Rustin (film),exact_film
Sugarcane||2024,Sugarcane,2024.0,75835628,Sugarcane (film),exact_film
They Live||1988,They Live,1988.0,342556,They Live,exact_film
The Fifth Element||1997,The Fifth Element,1997.0,143809,The Fifth Element,exact_film
Dahomey||2024,Dahomey,2024.0,75935839,Dahomey (film),exact_film
Monkey Man||2024,Monkey Man,2024.0,66481319,Monkey Man (film),exact_film
The Substance||2024,The Substance,2024.0,70519613,The Substance,exact_film
Stargate||1994,Stargate,1994.0,28327,Stargate (film),exact_film
The Wages of Fear||1953,The Wages of Fear,1953.0,447074,The Wages of Fear,exact_film
Carmen Jones||1954,Carmen Jones,1954.0,10554740,Carmen Jones (film),exact_film
Barry Lyndon||1975,Barry Lyndon,1975.0,4227,Barry Lyndon,exact_film
Armand||2024,Armand,2024.0,76881722,Armand (film),exact_film
The Ice Storm||1997,The Ice Storm,1997.0,7770667,The Ice Storm (film),exact_film
Blood and Black Lace||1964,Blood and Black Lace,1964.0,2010907,Blood and Black Lace,exact_film
Repulsion||1965,Repulsion,1965.0,1001142,Repulsion (film),exact_film
Notting Hill||1999,Notting Hill,1999.0,204019,Notting Hill (film),exact_film
The Princess Bride||1987,The Princess Bride,1987.0,31153,The Princess Bride,exact_film
Donkey Skin||1970,Donkey Skin,1970.0,3071676,Donkey Skin (film),exact_film
Fantastic Mr. Fox||2009,Fantastic Mr. Fox,2009.0,3112909,Fantastic Mr. Fox (film),exact_film
The Cell||2000,The Cell,2000.0,666948,The Cell (film),exact_film
This Woman||2023,This Woman,2023.0,56077935,This Woman (film),exact_film
Sister Act||1992,Sister Act,1992.0,920468,Sister Act,exact_film
One Flew Over the Cuckoo's Nest||1975,One Flew Over the Cuckoo's Nest,1975.0,21913863,One Flew Over the Cuckoo's Nest (film),exact_film
Shock Waves||1977,Shock Waves,1977.0,3084973,Shock Waves (film),exact_film
Aloïse||1975,Aloïse,1975.0,22586634,Aloïse (film),exact_film
The Girl with the Needle||2024,The Girl with the Needle,2024.0,76585133,The Girl with the Needle,exact_film
Edvard Munch||1974,Edvard Munch,1974.0,828348,Edvard Munch (film),exact_film
Spirited Away||2001,Spirited Away,2001.0,70091,Spirited Away,exact_film
National Gallery||2014,National Gallery,2014.0,77252576,National Gallery (film),exact_film
Divine Madness||1980,Divine Madness,1980.0,5028682,Divine Madness (film),exact_film
The Departed||2006,The Departed,2006.0,1349086,The Departed,exact_film
Stand by Me||1986,Stand by Me,1986.0,87983,Stand by Me (film),exact_film
Joy of Sex||1984,Joy of Sex,1984.0,24668194,Joy of Sex (film),exact_film
The French Connection||1971,The French Connection,1971.0,99463,The French Connection (film),exact_film
The Store||1983,The Store,1983.0,82587910,The Store (film),exact_film
Virtuosity||1995,Virtuosity,1995.0,234731,Virtuosity,exact_film
The Conversation||1974,The Conversation,1974.0,66853,The Conversation,exact_film
Brief Encounter||1945,Brief Encounter,1945.0,70508,Brief Encounter,exact_film
Hoosiers||1986,Hoosiers,1986.0,74375,Hoosiers (film),exact_film
Aspen||1991,Aspen,1991.0,82444554,Aspen (film),exact_film
Phenomena||1985,Phenomena,1985.0,3999301,Phenomena (film),exact_film
Tenebre||1982,Tenebre,1982.0,4011202,Tenebrae (film),exact_film
Absolute Power||1997,Absolute Power,1997.0,3123893,Absolute Power (film),exact_film
Midsommar||2019,Midsommar,2019.0,58032225,Midsommar,exact_film
Pineapple Express||2008,Pineapple Express,2008.0,9264341,Pineapple Express (film),exact_film
Nine to Five||1980,Nine to Five,1980.0,582398,9 to 5 (film),exact_film
Kamikaze 1989||1982,Kamikaze 1989,1982.0,23095277,Kamikaze 1989,exact_film
Real Genius||1985,Real Genius,1985.0,483745,Real Genius,exact_film
Buena Vista Social Club||1999,Buena Vista Social Club,1999.0,267633,Buena Vista Social Club (film),exact_film
The Namesake||2006,The Namesake,2006.0,2973132,The Namesake (film),exact_film
Alice Doesn't Live Here Anymore||1974,Alice Doesn't Live Here Anymore,1974.0,225481,Alice Doesn't Live Here Anymore,exact_film
The Tale of The Princess Kaguya||2013,The Tale of The Princess Kaguya,2013.0,37471874,The Tale of the Princess Kaguya (film),exact_film
The Big Chill||1983,The Big Chill,1983.0,545795,The Big Chill (film),exact_film
Days and Nights in the Forest||1970,Days and Nights in the Forest,1970.0,2679338,Days and Nights in the Forest,exact_film
Miracle Mile||1988,Miracle Mile,1988.0,936429,Miracle Mile (film),exact_film
The Music Room||1958,The Music Room,1958.0,2508699,Jalsaghar,exact_film
Picnic at Hanging Rock||1975,Picnic at Hanging Rock,1975.0,5878044,Picnic at Hanging Rock (film),exact_film
Public Housing||1997,Public Housing,1997.0,54570979,Public Housing (film),exact_film
10 Things I Hate About You||1999,10 Things I Hate About You,1999.0,398934,10 Things I Hate About You,exact_film
The Social Network||2010,The Social Network,2010.0,24319139,The Social Network,exact_film
The Keep||1983,The Keep,1983.0,1401046,The Keep (film),exact_film
The Great Escape||1963,The Great Escape,1963.0,181229,The Great Escape (film),exact_film
Vision Quest||1985,Vision Quest,1985.0,678599,Vision Quest (film),exact_film
Good Burger||1997,Good Burger,1997.0,230536,Good Burger,exact_film
The Miseducation of Cameron Post||2018,The Miseducation of Cameron Post,2018.0,52316133,The Miseducation of Cameron Post (film),exact_film
Pecker||1998,Pecker,1998.0,1799076,Pecker (film),exact_film
The Brood||1979,The Brood,1979.0,451023,The Brood,exact_film
Naked Lunch||1991,Naked Lunch,1991.0,307690,Naked Lunch (film),exact_film
National Treasure||2004,National Treasure,2004.0,699208,National Treasure (film),exact_film
The Celluloid Closet||1996,The Celluloid Closet,1996.0,2069950,The Celluloid Closet (film),exact_film
The Living End||1992,The Living End,1992.0,6074576,The Living End (film),exact_film
The Hunt for Red October||1990,The Hunt for Red October,1990.0,3557540,The Hunt for Red October (film),exact_film
Ugetsu||1953,Ugetsu,1953.0,1975933,Ugetsu,exact_film
Mommie Dearest||1981,Mommie Dearest,1981.0,2079686,Mommie Dearest (film),exact_film
Drop Dead Gorgeous||1999,Drop Dead Gorgeous,1999.0,871658,Drop Dead Gorgeous (film),exact_film
Green Room||2016,Green Room,2016.0,44256011,Green Room (film),exact_film
The Outsiders||1983,The Outsiders,1983.0,3186725,The Outsiders (film),exact_film
The Exterminating Angel||1962,The Exterminating Angel,1962.0,2642594,The Exterminating Angel,exact_film
In Another Country||2012,In Another Country,2012.0,35562670,In Another Country (film),exact_film
A New Leaf||1971,A New Leaf,1971.0,4932099,A New Leaf (film),exact_film
Modern Times||1936,Modern Times,1936.0,74962,Modern Times (film),exact_film
Short Cuts||1993,Short Cuts,1993.0,676038,Short Cuts,exact_film
All About Eve||1950,All About Eve,1950.0,41881,All About Eve,exact_film
"One, Two, Three||1961","One, Two, Three",1961.0,17440633,One Two Three,exact_film
Death & Taxes||2024,Death & Taxes,2024.0,4844776,Death & Taxes (film),exact_film
Dogtooth||2009,Dogtooth,2009.0,22832896,Dogtooth (film),exact_film
2046||2004,2046,2004.0,213462,2046 (film),exact_film
Watermelon Man||1970,Watermelon Man,1970.0,2735755,Watermelon Man (film),exact_film
The Sting||1973,The Sting,1973.0,62440,The Sting,exact_film
The Lovers on the Bridge||1991,The Lovers on the Bridge,1991.0,3329045,Les Amants du Pont-Neuf,exact_film
Michael Clayton||2007,Michael Clayton,2007.0,5968326,Michael Clayton,exact_film
Clueless||1995,Clueless,1995.0,105872,Clueless,exact_film
Beuys||2017,Beuys,2017.0,52994727,Beuys (film),exact_film
Castle in the Sky||1986,Castle in the Sky,1986.0,147697,Castle in the Sky,exact_film
Postcards from the Edge||1990,Postcards from the Edge,1990.0,21675573,Postcards from the Edge (film),exact_film
Hello Beautiful||2025,Hello Beautiful,2025.0,80112149,Hello Beautiful (film),exact_film
Willow Creek||2013,Willow Creek,2013.0,39530705,Willow Creek (film),exact_film
Lake Mungo||2009,Lake Mungo,2009.0,21652388,Lake Mungo (film),exact_film
M*A*S*H||1970,M*A*S*H,1970.0,23784006,M*A*S*H (film),exact_film
Midnight Run||1988,Midnight Run,1988.0,1122030,Midnight Run,exact_film
Hard Boiled||1992,Hard Boiled,1992.0,577618,Hard Boiled,exact_film
Wife||1953,Wife,1953.0,43865754,Wife (film),exact_film
Shane||1953,Shane,1953.0,76351,Shane (film),exact_film
Repast||1951,Repast,1951.0,6584492,Repast (film),exact_film
Shanghai Express||1932,Shanghai Express,1932.0,61061,Shanghai Express (film),exact_film
The Gold Rush||1925,The Gold Rush,1925.0,73882,The Gold Rush,exact_film
Mangrove||2020,Mangrove,2020.0,64179488,Mangrove (film),exact_film
The Day a Pig Fell Into the Well||1996,The Day a Pig Fell Into the Well,1996.0,3603641,The Day a Pig Fell into the Well,exact_film
"Suddenly, Last Summer||1959","Suddenly, Last Summer",1959.0,7771844,"Suddenly, Last Summer (film)",exact_film
The Lost Boys||1987,The Lost Boys,1987.0,673472,The Lost Boys,exact_film
The Unbelievable Truth||1990,The Unbelievable Truth,1990.0,7760868,The Unbelievable Truth (film),exact_film
Gods and Monsters||1998,Gods and Monsters,1998.0,171555,Gods and Monsters (film),exact_film
Days of Wine and Roses||1963,Days of Wine and Roses,1963.0,161866,Days of Wine and Roses (film),exact_film
The Tender Bar||2021,The Tender Bar,2021.0,66061508,The Tender Bar (film),exact_film
The Odd Couple||1968,The Odd Couple,1968.0,6492614,The Odd Couple (film),exact_film
Oddity||2024,Oddity,2024.0,76591225,Oddity (film),exact_film
The Witches of Eastwick||1987,The Witches of Eastwick,1987.0,5526366,The Witches of Eastwick (film),exact_film
Tigers Are Not Afraid||2017,Tigers Are Not Afraid,2017.0,61595904,Tigers Are Not Afraid,exact_film
Elvira: Mistress of the Dark||1988,Elvira: Mistress of the Dark,1988.0,4227273,Elvira: Mistress of the Dark (film),exact_film
Arsenic and Old Lace||1944,Arsenic and Old Lace,1944.0,787704,Arsenic and Old Lace (film),exact_film
A Hard Day's Night||1964,A Hard Day's Night,1964.0,248601,A Hard Day's Night (film),exact_film
Fairyland||2023,Fairyland,2023.0,71693627,Fairyland (film),exact_film
Washington Merry-Go-Round||1932,Washington Merry-Go-Round,1932.0,39674347,Washington Merry-Go-Round (film),exact_film
The Brave Bulls||1951,The Brave Bulls,1951.0,48139564,The Brave Bulls (film),exact_film
The Grapes of Wrath||1940,The Grapes of Wrath,1940.0,4350811,The Grapes of Wrath (film),exact_film
You've Got Mail||1998,You've Got Mail,1998.0,158982,You've Got Mail,exact_film
Thunderhoof||1948,Thunderhoof,1948.0,63526212,Thunderhoof (film),exact_film
Barfly||1987,Barfly,1987.0,1722535,Barfly (film),exact_film
A Simple Plan||1998,A Simple Plan,1998.0,6233638,A Simple Plan (film),exact_film
The Princess Diaries||2001,The Princess Diaries,2001.0,564986,The Princess Diaries (film),exact_film
Black Swan||2010,Black Swan,2010.0,24480838,Black Swan (film),exact_film
Ghost World||2001,Ghost World,2001.0,20179720,Ghost World (film),exact_film
Body Slam||1986,Body Slam,1986.0,24160921,Body Slam (film),exact_film
An American in Paris||1951,An American in Paris,1951.0,1587300,An American in Paris (film),exact_film
Jurassic Park||1993,Jurassic Park,1993.0,68485,Jurassic Park,exact_film
Before Sunrise||1995,Before Sunrise,1995.0,63401571,Before Sunrise (1989 film),exact_film
Before Sunset||2004,Before Sunset,2004.0,805120,Before Sunset,exact_film
From Dusk Till Dawn||1996,From Dusk Till Dawn,1996.0,447299,From Dusk till Dawn,exact_film
Major League||1989,Major League,1989.0,685987,Major League (film),exact_film
Flightplan||2005,Flightplan,2005.0,2008863,Flightplan,exact_film
Beautiful Thing||1996,Beautiful Thing,1996.0,34043061,Beautiful Thing (film),exact_film
Macho Dancer||1989,Macho Dancer,1989.0,6772810,Macho Dancer,exact_film
Xanadu||1980,Xanadu,1980.0,317873,Xanadu (film),exact_film
Hedwig and the Angry Inch||2001,Hedwig and the Angry Inch,2001.0,15782460,Hedwig and the Angry Inch (film),exact_film
The Wiz||1978,The Wiz,1978.0,8711666,The Wiz (film),exact_film
Spaceballs||1987,Spaceballs,1987.0,75222,Spaceballs,exact_film
Coming to America||1988,Coming to America,1988.0,54540,Coming to America,exact_film
American Psycho||2000,American Psycho,2000.0,4846576,American Psycho (film),exact_film
Miss Congeniality||2000,Miss Congeniality,2000.0,19715,Miss Congeniality (film),exact_film
Superbad||2007,Superbad,2007.0,6254878,Superbad,exact_film
Alien³||1992,Alien³,1992.0,213251,Alien 3,exact_film
Take Me Out to the Ball Game||1949,Take Me Out to the Ball Game,1949.0,17519548,Take Me Out to the Ball Game (film),exact_film
Terminator 2: Judgment Day||1991,Terminator 2: Judgment Day,1991.0,34344124,Terminator 2: Judgment Day,exact_film
The Seven Year Itch||1955,The Seven Year Itch,1955.0,763753,The Seven Year Itch,exact_film
Ask E. Jean||2026,Ask E. Jean,2026.0,80914286,Ask E. Jean (film),exact_film
The Last Temptation of Christ||1988,The Last Temptation of Christ,1988.0,7832768,The Last Temptation of Christ (film),exact_film
The Dark Crystal||1982,The Dark Crystal,1982.0,348292,The Dark Crystal,exact_film
The Faculty||1998,The Faculty,1998.0,308430,The Faculty,exact_film
Pretty in Pink||1986,Pretty in Pink,1986.0,454223,Pretty in Pink,exact_film
State of Firsts||2026,State of Firsts,2026.0,80743768,State of Firsts,exact_film
Howard the Duck||1986,Howard the Duck,1986.0,6551171,Howard the Duck (film),exact_film
Straight to Hell||1987,Straight to Hell,1987.0,590598,Straight to Hell (film),exact_film
The Doors||1991,The Doors,1991.0,604150,The Doors (film),exact_film
First Blood||1982,First Blood,1982.0,872441,First Blood,exact_film
Chicken Run||2000,Chicken Run,2000.0,284525,Chicken Run,exact_film
Funny Girl||1968,Funny Girl,1968.0,12064241,Funny Girl (film),exact_film
Heavyweights||1995,Heavyweights,1995.0,1039561,Heavyweights,exact_film
Broadcast News||1987,Broadcast News,1987.0,129278,Broadcast News (film),exact_film
Angel Heart||1987,Angel Heart,1987.0,673682,Angel Heart,exact_film
Danger: Diabolik||1968,Danger: Diabolik,1968.0,2952273,Danger: Diabolik,exact_film
Midnight in the Garden of Good and Evil||1997,Midnight in the Garden of Good and Evil,1997.0,14307697,Midnight in the Garden of Good and Evil (film),exact_film
The Piano||1993,The Piano,1993.0,133688,The Piano,exact_film
The Heart of the Matter||1953,The Heart of the Matter,1953.0,7739227,The Heart of the Matter (film),exact_film
Our Man in Havana||1960,Our Man in Havana,1960.0,11588549,Our Man in Havana (film),exact_film
The Fallen Idol||1948,The Fallen Idol,1948.0,2221107,The Fallen Idol (film),exact_film
The Third Man||1949,The Third Man,1949.0,71473,The Third Man,exact_film
The Lord of the Rings: The Return of the King||2003,The Lord of the Rings: The Return of the King,2003.0,174251,The Lord of the Rings: The Return of the King,exact_film
Persepolis||2007,Persepolis,2007.0,11347793,Persepolis (film),exact_film
True Stories||1986,True Stories,1986.0,1138831,True Stories (film),exact_film
Welcome to the Dollhouse||1996,Welcome to the Dollhouse,1996.0,2298338,Welcome to the Dollhouse,exact_film
Silvestre||1982,Silvestre,1982.0,48435044,Silvestre (film),exact_film
The Jerk||1979,The Jerk,1979.0,179044,The Jerk,exact_film
Lenny||1974,Lenny,1974.0,64291,Lenny (film),exact_film
All the President's Men||1976,All the President's Men,1976.0,3876620,All the President's Men (film),exact_film
Travels with My Aunt||1972,Travels with My Aunt,1972.0,20867795,Travels with My Aunt (film),exact_film
Dead Calm||1989,Dead Calm,1989.0,697868,Dead Calm (film),exact_film
Event Horizon||1997,Event Horizon,1997.0,29320113,Event Horizon (film),exact_film
In the Mouth of Madness||1995,In the Mouth of Madness,1995.0,343684,In the Mouth of Madness,exact_film
The Graduate||1967,The Graduate,1967.0,29942,The Graduate,exact_film
Down by Law||1986,Down by Law,1986.0,3375635,Down by Law (film),exact_film
The Blade||1995,The Blade,1995.0,5697939,The Blade (film),exact_film
Bellissima||1952,Bellissima,1952.0,10748976,Bellissima (film),exact_film
Ghost Dog: The Way of the Samurai||1999,Ghost Dog: The Way of the Samurai,1999.0,471352,Ghost Dog: The Way of the Samurai,exact_title
Big Trouble in Little China||1986,Big Trouble in Little China,1986.0,697113,Big Trouble in Little China,exact_title
In a Lonely Place||1950,In a Lonely Place,1950.0,812818,In a Lonely Place,exact_title
Heathers||1989,Heathers,1989.0,13901,Heathers,exact_title
All About My Mother||1999,All About My Mother,1999.0,61664,All About My Mother,exact_title
Female Trouble||1974,Female Trouble,1974.0,1328186,Female Trouble,exact_title
Beau Travail||2000,Beau Travail,2000.0,415881,Beau Travail,exact_title
A Woman Under the Influence||1974,A Woman Under the Influence,1974.0,76643,A Woman Under the Influence,exact_title
But I'm a Cheerleader||2000,But I'm a Cheerleader,2000.0,770156,But I'm a Cheerleader,exact_title
Black Tight Killers||1966,Black Tight Killers,1966.0,26249449,Black Tight Killers,exact_title
Darkman||1990,Darkman,1990.0,1839695,Darkman,exact_title
Hardly a Criminal||1949,Hardly a Criminal,1949.0,8959508,Hardly a Criminal,exact_title
Elevator to the Gallows||1958,Elevator to the Gallows,1958.0,3837141,Elevator to the Gallows,exact_title
Buck and the Preacher||1972,Buck and the Preacher,1972.0,18764211,Buck and the Preacher,exact_title
Cool World||1992,Cool World,1992.0,600194,Cool World,exact_title
Drive-Away Dolls||2024,Drive-Away Dolls,2024.0,70448628,Drive-Away Dolls,exact_title
From Here to Eternity||1953,From Here to Eternity,1953.0,42293,From Here to Eternity,exact_title
How to Have Sex||2023,How to Have Sex,2023.0,73659676,How to Have Sex,exact_title
Cléo from 5 to 7||1962,Cléo from 5 to 7,1962.0,3644380,Cléo from 5 to 7,exact_title
Dracula vs. Frankenstein||1971,Dracula vs. Frankenstein,1971.0,9267531,Dracula vs. Frankenstein,exact_title
Blow Out||1981,Blow Out,1981.0,1317987,Blow Out,exact_title
Destroy All Monsters||1968,Destroy All Monsters,1968.0,11994,Destroy All Monsters,exact_title
Cruel Intentions||1999,Cruel Intentions,1999.0,93559,Cruel Intentions,exact_title
Desperately Seeking Susan||1985,Desperately Seeking Susan,1985.0,2019025,Desperately Seeking Susan,exact_title
All About Evil||2010,All About Evil,2010.0,27649189,All About Evil,exact_title
Godzilla vs. Hedorah||1971,Godzilla vs. Hedorah,1971.0,570231,Godzilla vs. Hedorah,exact_title
Bride of Chucky||1998,Bride of Chucky,1998.0,30865068,Bride of Chucky,exact_title
I Am Not Your Negro||2017,I Am Not Your Negro,2017.0,51708233,I Am Not Your Negro,exact_title
Klute||1971,Klute,1971.0,223902,Klute,exact_title
Being John Malkovich||1999,Being John Malkovich,1999.0,349941,Being John Malkovich,exact_title
Dog Day Afternoon||1975,Dog Day Afternoon,1975.0,101914,Dog Day Afternoon,exact_title
American Pop||1981,American Pop,1981.0,2040976,American Pop,exact_title
Do the Right Thing||1989,Do the Right Thing,1989.0,73428,Do the Right Thing,exact_title
Knightriders||1981,Knightriders,1981.0,2846126,Knightriders,exact_title
Monty Python and the Holy Grail||1975,Monty Python and the Holy Grail,1975.0,19701,Monty Python and the Holy Grail,exact_title
Last Embrace||1979,Last Embrace,1979.0,6715066,Last Embrace,exact_title
Bringing Out the Dead||1999,Bringing Out the Dead,1999.0,348356,Bringing Out the Dead,exact_title
Boxing Helena||1993,Boxing Helena,1993.0,77460,Boxing Helena,exact_title
Eyes Wide Shut||1999,Eyes Wide Shut,1999.0,9979,Eyes Wide Shut,exact_title
Brewster McCloud||1970,Brewster McCloud,1970.0,1436649,Brewster McCloud,exact_title
Hundreds of Beavers||2024,Hundreds of Beavers,2024.0,76208655,Hundreds of Beavers,exact_title
Mac and Me||1988,Mac and Me,1988.0,2525385,Mac and Me,exact_title
A Man Escaped||1956,A Man Escaped,1956.0,2819346,A Man Escaped,exact_title
Ms .45||1981,Ms .45,1981.0,2255173,Ms .45,exact_title
Jason X||2001,Jason X,2001.0,2269465,Jason X,exact_title
Friday the 13th: The Final Chapter||1984,Friday the 13th: The Final Chapter,1984.0,2546429,Friday the 13th: The Final Chapter,exact_title
Glen or Glenda||1953,Glen or Glenda,1953.0,13154,Glen or Glenda,exact_title
Fresh Kill||1996,Fresh Kill,1996.0,64275988,Fresh Kill,exact_title
Miami Connection||1987,Miami Connection,1987.0,37471880,Miami Connection,exact_title
Le Doulos||1962,Le Doulos,1962.0,5092969,Le Doulos,exact_title
How to Marry a Millionaire||1953,How to Marry a Millionaire,1953.0,911882,How to Marry a Millionaire,exact_title
Le Cercle Rouge||1970,Le Cercle Rouge,1970.0,2498993,Le Cercle Rouge,exact_title
Dogville||2003,Dogville,2003.0,397310,Dogville,exact_title
Army of Shadows||1969,Army of Shadows,1969.0,3723140,Army of Shadows,exact_title
Bill & Ted's Bogus Journey||1991,Bill & Ted's Bogus Journey,1991.0,254269,Bill & Ted's Bogus Journey,exact_title
Dial M for Murder||1954,Dial M for Murder,1954.0,77223,Dial M for Murder,exact_title
Le Samouraï||1967,Le Samouraï,1967.0,2046252,Le Samouraï,exact_title
La Roue||1923,La Roue,1923.0,17155163,La Roue,exact_title
Birdemic: Shock and Terror||2010,Birdemic: Shock and Terror,2010.0,25581548,Birdemic: Shock and Terror,exact_title
Carmen Comes Home||1951,Carmen Comes Home,1951.0,15672543,Carmen Comes Home,exact_title
House on Haunted Hill||1959,House on Haunted Hill,1959.0,628843,House on Haunted Hill,exact_title
I Saw the TV Glow||2024,I Saw the TV Glow,2024.0,71614849,I Saw the TV Glow,exact_title
Don't Let the Riverbeast Get You!||2012,Don't Let the Riverbeast Get You!,2012.0,78900252,Don't Let the Riverbeast Get You!,exact_title
Cockfighter||1974,Cockfighter,1974.0,4173939,Cockfighter,exact_title
Le Trou||1960,Le Trou,1960.0,3644789,The Hole (1960 film),exact_title
Dementia 13||1963,Dementia 13,1963.0,3815899,Dementia 13,exact_title
Boxcar Bertha||1972,Boxcar Bertha,1972.0,1873017,Boxcar Bertha,exact_title
I Married a Witch||1942,I Married a Witch,1942.0,2100379,I Married a Witch,exact_title
It Follows||2015,It Follows,2015.0,44202021,It Follows,exact_title
Caged Heat||1974,Caged Heat,1974.0,2631972,Caged Heat,exact_title
Chopping Mall||1986,Chopping Mall,1986.0,3834588,Chopping Mall,exact_title
Invisible Nation||2024,Invisible Nation,2024.0,76800244,Invisible Nation,exact_title
Autumn Sonata||1978,Autumn Sonata,1978.0,225554,Autumn Sonata,exact_title
Galaxy of Terror||1981,Galaxy of Terror,1981.0,14864488,Galaxy of Terror,exact_title
Battle Beyond the Stars||1980,Battle Beyond the Stars,1980.0,1152328,Battle Beyond the Stars,exact_title
Death Race 2000||1975,Death Race 2000,1975.0,1017650,Death Race 2000,exact_title
Brandos Costumes||1975,Brandos Costumes,1975.0,24386035,Brandos Costumes,exact_title
Frankenhooker||1990,Frankenhooker,1990.0,2259073,Frankenhooker,exact_title
Evil Dead II||1987,Evil Dead II,1987.0,10487,Evil Dead II,exact_title
Practical Magic||1998,Practical Magic,1998.0,89445,Practical Magic,exact_title
Koyaanisqatsi||1983,Koyaanisqatsi,1983.0,18932654,Koyaanisqatsi,exact_title
Experiment in Terror||1962,Experiment in Terror,1962.0,5501567,Experiment in Terror,exact_title
My Name Is Julia Ross||1945,My Name Is Julia Ross,1945.0,3624149,My Name Is Julia Ross,exact_title
The Big Heat||1953,The Big Heat,1953.0,1564113,The Big Heat,exact_title
Human Desire||1954,Human Desire,1954.0,2346581,Human Desire,exact_title
Siberian Lady Macbeth||1962,Siberian Lady Macbeth,1962.0,839067,Siberian Lady Macbeth,exact_title
Over-Exposed||1956,Over-Exposed,1956.0,5993535,Over-Exposed,exact_title
The Crimson Kimono||1959,The Crimson Kimono,1959.0,19164879,The Crimson Kimono,exact_title
Dallas Doll||1994,Dallas Doll,1994.0,24716019,Dallas Doll,exact_title
The Joy of Life||2005,The Joy of Life,2005.0,2615732,The Joy of Life,exact_title
Leave Her to Heaven||1945,Leave Her to Heaven,1945.0,181353,Leave Her to Heaven,exact_title
Kokomo City||2023,Kokomo City,2023.0,73448047,Kokomo City,exact_title
A Report on the Party and the Guests||1966,A Report on the Party and the Guests,1966.0,22279167,A Report on the Party and the Guests,exact_title
Shrek 2||2004,Shrek 2,2004.0,525314,Shrek 2,exact_title
Inglourious Basterds||2009,Inglourious Basterds,2009.0,633052,Inglourious Basterds,exact_title
Sans Soleil||1983,Sans Soleil,1983.0,5263869,Sans Soleil,exact_title
Seven Samurai||1954,Seven Samurai,1954.0,31371,Seven Samurai,exact_title
Close Encounters of the Third Kind||1977,Close Encounters of the Third Kind,1977.0,146236,Close Encounters of the Third Kind,exact_title
Edward Scissorhands||1990,Edward Scissorhands,1990.0,302970,Edward Scissorhands,exact_title
Die Hard 2||1990,Die Hard 2,1990.0,433824,Die Hard 2,exact_title
A League of Their Own||1992,A League of Their Own,1992.0,543433,A League of Their Own,exact_title
Dracula 2000||2000,Dracula 2000,2000.0,1219214,Dracula 2000,exact_title
El Mariachi||1993,El Mariachi,1993.0,326446,El Mariachi,exact_title
Boyz n the Hood||1991,Boyz n the Hood,1991.0,155997,Boyz n the Hood,exact_title
Fantastic Planet||1973,Fantastic Planet,1973.0,2322506,Fantastic Planet,exact_title
A Fish Called Wanda||1988,A Fish Called Wanda,1988.0,308898,A Fish Called Wanda,exact_title
"Aguirre, the Wrath of God||1972","Aguirre, the Wrath of God",1972.0,158052,"Aguirre, the Wrath of God",exact_title
Godzilla Minus One||2023,Godzilla Minus One,2023.0,72171031,Godzilla Minus One,exact_title
Emilia Pérez||2024,Emilia Pérez,2024.0,75607941,Emilia Pérez,exact_title
Beasts of the Southern Wild||2012,Beasts of the Southern Wild,2012.0,35581515,Beasts of the Southern Wild,exact_title
"Baxter, Vera Baxter||1977","Baxter, Vera Baxter",1977.0,42074586,"Baxter, Vera Baxter",exact_title
A Different Man||2024,A Different Man,2024.0,71828618,A Different Man,exact_title
Evil Does Not Exist||2023,Evil Does Not Exist,2023.0,74574510,Evil Does Not Exist,exact_title
Daughters of Darkness||1971,Daughters of Darkness,1971.0,14259399,Daughters of Darkness,exact_title
Chez Jolie Coiffure||2019,Chez Jolie Coiffure,2019.0,83845501,Chez Jolie Coiffure,exact_title
Hard Target||1993,Hard Target,1993.0,1631497,Hard Target,exact_title
Different from the Others||1919,Different from the Others,1919.0,1887155,Different from the Others,exact_title
His Girl Friday||1940,His Girl Friday,1940.0,74018,His Girl Friday,exact_title
No Other Land||2024,No Other Land,2024.0,76180709,No Other Land,exact_title
Black Belt Jones||1974,Black Belt Jones,1974.0,1853942,Black Belt Jones,exact_title
A Fistful of Dollars||1964,A Fistful of Dollars,1964.0,441926,A Fistful of Dollars,exact_title
An Affair to Remember||1957,An Affair to Remember,1957.0,884742,An Affair to Remember,exact_title
Cocote||2017,Cocote,2017.0,58474254,Cocote,exact_title
Enter the Dragon||1973,Enter the Dragon,1973.0,10193,Enter the Dragon,exact_title
Muppet Treasure Island||1996,Muppet Treasure Island,1996.0,1458752,Muppet Treasure Island,exact_title
Judas and the Black Messiah||2021,Judas and the Black Messiah,2021.0,62113200,Judas and the Black Messiah,exact_title
Golden Eighties||1986,Golden Eighties,1986.0,64325894,Golden Eighties,exact_title
Hatari!||1962,Hatari!,1962.0,1955767,Hatari!,exact_title
"It Is Not the Homosexual Who Is Perverse, But the Society in Which He Lives||1971","It Is Not the Homosexual Who Is Perverse, But the Society in Which He Lives",1971.0,25326806,"It Is Not the Homosexual Who Is Perverse, But the Society in Which He Lives",exact_title
Porcelain War||2024,Porcelain War,2024.0,75931881,Porcelain War,exact_title
Eastern Condors||1987,Eastern Condors,1987.0,12085775,Eastern Condors,exact_title
It Happened One Night||1934,It Happened One Night,1934.0,44696,It Happened One Night,exact_title
Bogancloch||2024,Bogancloch,2024.0,77506270,Bogancloch,exact_title
Kubo and the Two Strings||2016,Kubo and the Two Strings,2016.0,45062970,Kubo and the Two Strings,exact_title
Aimée & Jaguar||1999,Aimée & Jaguar,1999.0,451791,Aimée & Jaguar,exact_title
Female Perversions||1997,Female Perversions,1997.0,30306989,Female Perversions,exact_title
Dead Men Don't Wear Plaid||1982,Dead Men Don't Wear Plaid,1982.0,103088,Dead Men Don't Wear Plaid,exact_title
Good Will Hunting||1997,Good Will Hunting,1997.0,142456,Good Will Hunting,exact_title
Afternoons of Solitude||2025,Afternoons of Solitude,2025.0,77946692,Afternoons of Solitude,exact_title
It's the Old Army Game||1926,It's the Old Army Game,1926.0,33839298,It's the Old Army Game,exact_title
I'm Not There||2007,I'm Not There,2007.0,5388717,I'm Not There,exact_title
A Serious Man||2009,A Serious Man,2009.0,19226290,A Serious Man,exact_title
Mississippi Burning||1988,Mississippi Burning,1988.0,129410,Mississippi Burning,exact_title
Chungking Express||1994,Chungking Express,1994.0,213471,Chungking Express,exact_title
Boxing Gym||2010,Boxing Gym,2010.0,56456888,Boxing Gym,exact_title
Millennium Actress||2002,Millennium Actress,2002.0,829780,Millennium Actress,exact_title
A Woman Is a Woman||1961,A Woman Is a Woman,1961.0,1644858,A Woman Is a Woman,exact_title
News from Home||1977,News from Home,1977.0,29932707,News from Home,exact_title
Everything Everywhere All at Once||2022,Everything Everywhere All at Once,2022.0,58342225,Everything Everywhere All at Once,exact_title
Mamma Roma||1962,Mamma Roma,1962.0,3653844,Mamma Roma,exact_title
Indiana Jones and the Last Crusade||1989,Indiana Jones and the Last Crusade,1989.0,51888,Indiana Jones and the Last Crusade,exact_title
Charulata||1964,Charulata,1964.0,1773524,Charulata,exact_title
Near Dark||1987,Near Dark,1987.0,1637470,Near Dark,exact_title
Bedknobs and Broomsticks||1971,Bedknobs and Broomsticks,1971.0,357525,Bedknobs and Broomsticks,exact_title
Belladonna of Sadness||1973,Belladonna of Sadness,1973.0,9974948,Belladonna of Sadness,exact_title
Inu-Oh||2022,Inu-Oh,2022.0,68616843,Inu-Oh,exact_title
Daughters of the Dust||1991,Daughters of the Dust,1991.0,2014023,Daughters of the Dust,exact_title
28 Weeks Later||2007,28 Weeks Later,2007.0,5971538,28 Weeks Later,exact_title
Funeral Parade of Roses||1969,Funeral Parade of Roses,1969.0,6620825,Funeral Parade of Roses,exact_title
Beyond the Valley of the Dolls||1970,Beyond the Valley of the Dolls,1970.0,921865,Beyond the Valley of the Dolls,exact_title
Killer's Kiss||1955,Killer's Kiss,1955.0,1102966,Killer's Kiss,exact_title
Bride of Re-Animator||1990,Bride of Re-Animator,1990.0,1336108,Bride of Re-Animator,exact_title
The Little Girl Who Conquered Time||1983,The Little Girl Who Conquered Time,1983.0,21079738,The Girl Who Leapt Through Time (1983 film),exact_title
"His Motorbike, Her Island||1986","His Motorbike, Her Island",1986.0,26778372,"His Motorbike, Her Island",exact_title
Far and Away||1992,Far and Away,1992.0,705925,Far and Away,exact_title
How to Survive a Plague||2012,How to Survive a Plague,2012.0,37922084,How to Survive a Plague,exact_title
Jackass: The Movie||2002,Jackass: The Movie,2002.0,1161730,Jackass: The Movie,exact_title
Floating Clouds||1955,Floating Clouds,1955.0,15242021,Floating Clouds,exact_title
Kuroneko||1968,Kuroneko,1968.0,6289269,Kuroneko,exact_title
A Wife's Heart||1956,A Wife's Heart,1956.0,16342092,A Wife's Heart,exact_title
Untamed Woman||1957,Untamed Woman,1957.0,18066013,Untamed (1957 film),exact_title
Johnny Guitar||1954,Johnny Guitar,1954.0,1352995,Johnny Guitar,exact_title
He Got Game||1998,He Got Game,1998.0,1644364,He Got Game,exact_title
Days of Being Wild||1990,Days of Being Wild,1990.0,430419,Days of Being Wild,exact_title
Freddy Got Fingered||2001,Freddy Got Fingered,2001.0,518018,Freddy Got Fingered,exact_title
Bloody Birthday||1981,Bloody Birthday,1981.0,4343515,Bloody Birthday,exact_title
Bullitt||1968,Bullitt,1968.0,433285,Bullitt,exact_title
Like You Know It All||2009,Like You Know It All,2009.0,20442820,Like You Know It All,exact_title
Swimming to Cambodia||1987,Swimming to Cambodia,1987.0,1624783,Swimming to Cambodia,exact_title
Ashes of Time||1994,Ashes of Time,1994.0,221858,Ashes of Time,exact_title
"Alice, Sweet Alice||1976","Alice, Sweet Alice",1976.0,2009947,"Alice, Sweet Alice",exact_title
In Our Day||2023,In Our Day,2023.0,75600131,In Our Day,exact_title
Goodnight Mommy||2015,Goodnight Mommy,2015.0,47543704,Goodnight Mommy,exact_title
In the Mood for Love||2000,In the Mood for Love,2000.0,213413,In the Mood for Love,exact_title
Gosford Park||2001,Gosford Park,2001.0,142476,Gosford Park,exact_title
Putney Swope||1969,Putney Swope,1969.0,3692025,Putney Swope,exact_title
The Big Cube||1969,The Big Cube,1969.0,18802880,The Big Cube,exact_title
The Brady Bunch Movie||1995,The Brady Bunch Movie,1995.0,2158983,The Brady Bunch Movie,exact_title
Hill of Freedom||2014,Hill of Freedom,2014.0,44253359,Hill of Freedom,exact_title
Inside Llewyn Davis||2013,Inside Llewyn Davis,2013.0,34604057,Inside Llewyn Davis,exact_title
On the Occasion of Remembering the Turning Gate||2002,On the Occasion of Remembering the Turning Gate,2002.0,7362626,On the Occasion of Remembering the Turning Gate,exact_title
Caught by the Tides||2024,Caught by the Tides,2024.0,76585127,Caught by the Tides,exact_title
A Traveler's Needs||2024,A Traveler's Needs,2024.0,75929437,A Traveler's Needs,exact_title
A Better Tomorrow II||1987,A Better Tomorrow II,1987.0,3365741,A Better Tomorrow II,exact_title
The Catered Affair||1956,The Catered Affair,1956.0,7885996,The Catered Affair,exact_title
Dude Bro Party Massacre III||2015,Dude Bro Party Massacre III,2015.0,53255086,Dude Bro Party Massacre III,exact_title
Hell House LLC||2015,Hell House LLC,2015.0,52965398,Hell House LLC,exact_title
A Chinese Ghost Story||1987,A Chinese Ghost Story,1987.0,204809,A Chinese Ghost Story,exact_title
Eat Drink Man Woman||1994,Eat Drink Man Woman,1994.0,881249,Eat Drink Man Woman,exact_title
Ghostwatch||1992,Ghostwatch,1992.0,931331,Ghostwatch,exact_title
A Wanderer's Notebook||1962,A Wanderer's Notebook,1962.0,31750495,A Wanderer's Notebook,exact_title
Europa Report||2013,Europa Report,2013.0,34707165,Europa Report,exact_title
Magic Mike XXL||2015,Magic Mike XXL,2015.0,43719778,Magic Mike XXL,exact_title
Don't Torture a Duckling||1972,Don't Torture a Duckling,1972.0,11510742,Don't Torture a Duckling,exact_title
Late Chrysanthemums||1954,Late Chrysanthemums,1954.0,18587615,Late Chrysanthemums,exact_title
Bullet in the Head||1990,Bullet in the Head,1990.0,1862671,Bullet in the Head,exact_title
Four Nights of a Dreamer||1972,Four Nights of a Dreamer,1972.0,18555807,Four Nights of a Dreamer,exact_title
Christopher Strong||1933,Christopher Strong,1933.0,1958815,Christopher Strong,exact_title
Hour of the Wolf||1968,Hour of the Wolf,1968.0,1724742,Hour of the Wolf,exact_title
Linda Linda Linda||2005,Linda Linda Linda,2005.0,7587190,Linda Linda Linda,exact_title
Every-Night Dreams||1933,Every-Night Dreams,1933.0,37554282,Every-Night Dreams,exact_title
Jane Austen Wrecked My Life||2025,Jane Austen Wrecked My Life,2025.0,77791089,Jane Austen Wrecked My Life,exact_title
Madonna: Truth or Dare||1991,Madonna: Truth or Dare,1991.0,5461236,Madonna: Truth or Dare,exact_title
By the Stream||2024,By the Stream,2024.0,77327003,By the Stream,exact_title
I Accuse!||1958,I Accuse!,1958.0,22811714,I Accuse!,exact_title
Mad Monster Party?||1967,Mad Monster Party?,1967.0,7392111,Mad Monster Party?,exact_title
The Devil's Backbone||2001,The Devil's Backbone,2001.0,5523710,The Devil's Backbone,exact_title
Child's Play 2||1990,Child's Play 2,1990.0,534812,Child's Play 2,exact_title
E.T. the Extra-Terrestrial||1982,E.T. the Extra-Terrestrial,1982.0,73441,E.T. the Extra-Terrestrial,exact_title
A Girl Walks Home Alone at Night||2014,A Girl Walks Home Alone at Night,2014.0,41301968,A Girl Walks Home Alone at Night,exact_title
Lady Dracula||1977,Lady Dracula,1977.0,62067684,Lady Dracula,exact_title
A Nightmare on Elm Street 3: Dream Warriors||1987,A Nightmare on Elm Street 3: Dream Warriors,1987.0,3037946,A Nightmare on Elm Street 3: Dream Warriors,exact_title
Ginza Cosmetics||1951,Ginza Cosmetics,1951.0,31731713,Ginza Cosmetics,exact_title
Let Us Live||1939,Let Us Live,1939.0,33000092,Let Us Live,exact_title
Saturday Night Fever||1977,Saturday Night Fever,1977.0,54175,Saturday Night Fever,exact_title
Mysterious Intruder||1946,Mysterious Intruder,1946.0,39976667,Mysterious Intruder,exact_title
Ladies in Retirement||1941,Ladies in Retirement,1941.0,10872789,Ladies in Retirement,exact_title
Gunman's Walk||1958,Gunman's Walk,1958.0,32812378,Gunman's Walk,exact_title
Hollywood Shuffle||1987,Hollywood Shuffle,1987.0,2973523,Hollywood Shuffle,exact_title
The Computer Wore Tennis Shoes||1969,The Computer Wore Tennis Shoes,1969.0,5453739,The Computer Wore Tennis Shoes,exact_title
Escape from New York||1981,Escape from New York,1981.0,9835,Escape from New York,exact_title
The Blair Witch Project||1999,The Blair Witch Project,1999.0,18841979,The Blair Witch Project,exact_title
Cecil B. Demented||2000,Cecil B. Demented,2000.0,1039414,Cecil B. Demented,exact_title
Angel's Egg||1985,Angel's Egg,1985.0,1023955,Angel's Egg,exact_title
Doctor Strange in the Multiverse of Madness||2022,Doctor Strange in the Multiverse of Madness,2022.0,59353603,Doctor Strange in the Multiverse of Madness,exact_title
Kings of the Road||1976,Kings of the Road,1976.0,8862350,Kings of the Road,exact_title
Bugsy Malone||1976,Bugsy Malone,1976.0,307158,Bugsy Malone,exact_title
Irma Vep||1996,Irma Vep,1996.0,326124,Irma Vep,exact_title
Drag Me to Hell||2009,Drag Me to Hell,2009.0,20469278,Drag Me to Hell,exact_title
Bitter Rice||1949,Bitter Rice,1949.0,2461103,Bitter Rice,exact_title
Killer Klowns from Outer Space||1988,Killer Klowns from Outer Space,1988.0,1249019,Killer Klowns from Outer Space,exact_title
Desert Hearts||1985,Desert Hearts,1985.0,7313414,Desert Hearts,exact_title
Bull Durham||1988,Bull Durham,1988.0,670386,Bull Durham,exact_title
House of 1000 Corpses||2003,House of 1000 Corpses,2003.0,307789,House of 1000 Corpses,exact_title
John Wick: Chapter 4||2023,John Wick: Chapter 4,2023.0,61747554,John Wick: Chapter 4,exact_title
Drunken Tai Chi||1984,Drunken Tai Chi,1984.0,11038654,Drunken Tai Chi,exact_title
Fire in the Sky||1993,Fire in the Sky,1993.0,722551,Fire in the Sky,exact_title
Invasion of the Saucer Men||1957,Invasion of the Saucer Men,1957.0,8731626,Invasion of the Saucer Men,exact_title
Cool Hand Luke||1967,Cool Hand Luke,1967.0,161897,Cool Hand Luke,exact_title
Cisco Pike||1972,Cisco Pike,1972.0,15203301,Cisco Pike,exact_title
Death Watch||1980,Death Watch,1980.0,2414949,Death Watch,exact_title
Fear Strikes Out||1957,Fear Strikes Out,1957.0,6048532,Fear Strikes Out,exact_title
Chang: A Drama of the Wilderness||1927,Chang: A Drama of the Wilderness,1927.0,42861,Chang: A Drama of the Wilderness,exact_title
In a Violent Nature||2024,In a Violent Nature,2024.0,75907604,In a Violent Nature,exact_title
Anchorman: The Legend of Ron Burgundy||2004,Anchorman: The Legend of Ron Burgundy,2004.0,709490,Anchorman: The Legend of Ron Burgundy,exact_title
24 Hour Party People||2002,24 Hour Party People,2002.0,360138,24 Hour Party People,exact_title
La Collectionneuse||1967,La Collectionneuse,1967.0,5216381,La Collectionneuse,exact_title
I Shot Andy Warhol||1996,I Shot Andy Warhol,1996.0,435566,I Shot Andy Warhol,exact_title
Citizen Kane||1941,Citizen Kane,1941.0,5224,Citizen Kane,exact_title
My Night at Maud's||1969,My Night at Maud's,1969.0,3342049,My Night at Maud's,exact_title
Dragon Inn||1967,Dragon Inn,1967.0,2533663,Dragon Inn,exact_title
Family Plot||1976,Family Plot,1976.0,1573600,Family Plot,exact_title
Ministry of Fear||1944,Ministry of Fear,1944.0,2522946,Ministry of Fear,exact_title
Allegro non troppo||1976,Allegro non troppo,1976.0,4562372,Allegro non troppo,exact_title
Desperate Living||1977,Desperate Living,1977.0,1328188,Desperate Living,exact_title
Killer of Sheep||1978,Killer of Sheep,1978.0,74848,Killer of Sheep,exact_title
Harold and Maude||1971,Harold and Maude,1971.0,13290,Harold and Maude,exact_title
Night of the Creeps||1986,Night of the Creeps,1986.0,2534857,Night of the Creeps,exact_title
Hunt for the Wilderpeople||2016,Hunt for the Wilderpeople,2016.0,49200910,Hunt for the Wilderpeople,exact_title
Hovering Over the Water||2013,Hovering Over the Water,2013.0,81754609,Hovering Over the Water,exact_title
Romy and Michele's High School Reunion||1997,Romy and Michele's High School Reunion,1997.0,201553,Romy and Michele's High School Reunion,exact_title
A Goofy Movie||1995,A Goofy Movie,1995.0,155785,A Goofy Movie,exact_title
Recollections of the Yellow House||1989,Recollections of the Yellow House,1989.0,37809940,Recollections of the Yellow House,exact_title
My Brother's Wedding||1985,My Brother's Wedding,1985.0,30879026,My Brother's Wedding,exact_title
Ten Dark Women||1961,Ten Dark Women,1961.0,34888791,Ten Dark Women,exact_title
God's Comedy||1996,God's Comedy,1996.0,18523660,God's Comedy,exact_title
Cannibal Holocaust||1980,Cannibal Holocaust,1980.0,513149,Cannibal Holocaust,exact_title
Amarcord||1973,Amarcord,1973.0,239086,Amarcord,exact_title
The Adventures of Prince Achmed||1926,The Adventures of Prince Achmed,1926.0,4321732,The Adventures of Prince Achmed,exact_title
Uncle Boonmee Who Can Recall His Past Lives||2010,Uncle Boonmee Who Can Recall His Past Lives,2010.0,26978753,Uncle Boonmee Who Can Recall His Past Lives,exact_title
He Ran All the Way||1951,He Ran All the Way,1951.0,3820793,He Ran All the Way,exact_title
Strictly Ballroom||1992,Strictly Ballroom,1992.0,542202,Strictly Ballroom,exact_title
Häxan||1922,Häxan,1922.0,3644898,Häxan,exact_title
Pink Flamingos||1972,Pink Flamingos,1972.0,320527,Pink Flamingos,exact_title
Sunrise: A Song of Two Humans||1927,Sunrise: A Song of Two Humans,1927.0,61904,Sunrise: A Song of Two Humans,exact_title
Blue Giant||,Blue Giant,,,,unresolved
Perfect Days||,Perfect Days,,,,unresolved
Kind Hearts and Coronets||1949,Kind Hearts and Coronets,1949.0,,,unresolved
Jour de Fête||1949,Jour de Fête,1949.0,,,unresolved
Thomasine & Bushrod||1974,Thomasine & Bushrod,1974.0,,,unresolved
Stop Making Sense||1984,Stop Making Sense,1984.0,,,unresolved
Black Rain||1989,Black Rain,1989.0,,,unresolved
Spider-Man: Far From Home||2019,Spider-Man: Far From Home,2019.0,,,unresolved
Late Spring||1949,Late Spring,1949.0,,,unresolved
The Wind Rises||2013,The Wind Rises,2013.0,,,unresolved
Train to Busan||2016,Train to Busan,2016.0,,,unresolved
Return to Reason: Four Films by Man Ray||2024,Return to Reason: Four Films by Man Ray,2024.0,,,unresolved
Nam June Paik: Moon Is the Oldest TV||2023,Nam June Paik: Moon Is the Oldest TV,2023.0,,,unresolved
Spider-Man: No Way Home||2021,Spider-Man: No Way Home,2021.0,,,unresolved
Prince: Sign O' the Times||1987,Prince: Sign O' the Times,1987.0,,,unresolved
School Daze||1988,School Daze,1988.0,,,unresolved
Nostalgia||1983,Nostalgia,1983.0,,,unresolved
Road to Boston||2023,Road to Boston,2023.0,,,unresolved
My Own Private Idaho||1991,My Own Private Idaho,1991.0,,,unresolved
Young Soul Rebels||1991,Young Soul Rebels,1991.0,,,unresolved
Spa Night||2016,Spa Night,2016.0,,,unresolved
Never Open That Door||1952,Never Open That Door,1952.0,,,unresolved
Zero Focus||1961,Zero Focus,1961.0,,,unresolved
Neon Genesis Evangelion: The End of Evangelion||1997,Neon Genesis Evangelion: The End of Evangelion,1997.0,,,unresolved
Inside the Yellow Cocoon Shell||2023,Inside the Yellow Cocoon Shell,2023.0,,,unresolved
Perfect Days||2023,Perfect Days,2023.0,,,unresolved
In the Line of Fire||1993,In the Line of Fire,1993.0,,,unresolved
8 Days in August||2024,8 Days in August,2024.0,,,unresolved
Late Night with the Devil||2024,Late Night with the Devil,2024.0,,,unresolved
Sometimes I Think About Dying||2024,Sometimes I Think About Dying,2024.0,,,unresolved
La Chimera||2023,La Chimera,2023.0,,,unresolved
The Beast||2024,The Beast,2024.0,,,unresolved
Re-Animator||1985,Re-Animator,1985.0,,,unresolved
The Brain That Wouldn't Die||1962,The Brain That Wouldn't Die,1962.0,,,unresolved
Serial Mom||1994,Serial Mom,1994.0,,,unresolved
The Honeymoon Killers||1970,The Honeymoon Killers,1970.0,,,unresolved
Mothra vs. Godzilla||1964,Mothra vs. Godzilla,1964.0,,,unresolved
Rock 'n' Roll High School||1979,Rock 'n' Roll High School,1979.0,,,unresolved
Strait-Jacket||1964,Strait-Jacket,1964.0,,,unresolved
Office Killer||1997,Office Killer,1997.0,,,unresolved
Terror of Mechagodzilla||1975,Terror of Mechagodzilla,1975.0,,,unresolved
"Jeanne Dielman, 23, quai du Commerce, 1080 Bruxelles||1976","Jeanne Dielman, 23, quai du Commerce, 1080 Bruxelles",1976.0,,,unresolved
Wattstax||1973,Wattstax,1973.0,,,unresolved
Toni Erdmann||2016,Toni Erdmann,2016.0,,,unresolved
Wet Hot American Summer||2001,Wet Hot American Summer,2001.0,,,unresolved
Our Hospitality||1923,Our Hospitality,1923.0,,,unresolved
Sherlock Jr.||1924,Sherlock Jr.,1924.0,,,unresolved
The Buddy Holly Story||1978,The Buddy Holly Story,1978.0,,,unresolved
The Big Lebowski||1998,The Big Lebowski,1998.0,,,unresolved
"sex, lies, and videotape||1989","sex, lies, and videotape",1989.0,,,unresolved
Moonrise Kingdom||2012,Moonrise Kingdom,2012.0,,,unresolved
Caligula: The Ultimate Cut||2023,Caligula: The Ultimate Cut,2023.0,,,unresolved
Thelma & Louise||1991,Thelma & Louise,1991.0,,,unresolved
"The 5,000 Fingers of Dr. T.||1953","The 5,000 Fingers of Dr. T.",1953.0,,,unresolved
The Last Seduction||1994,The Last Seduction,1994.0,,,unresolved
You Don't Nomi||2019,You Don't Nomi,2019.0,,,unresolved
Run Lola Run||1998,Run Lola Run,1998.0,,,unresolved
The Texas Chain Saw Massacre||1974,The Texas Chain Saw Massacre,1974.0,,,unresolved
Walk Hard: The Dewey Cox Story||2007,Walk Hard: The Dewey Cox Story,2007.0,,,unresolved
Pee-wee's Big Adventure||1985,Pee-wee's Big Adventure,1985.0,,,unresolved
Purple Noon||1960,Purple Noon,1960.0,,,unresolved
Pirates of the Caribbean: The Curse of the Black Pearl||2003,Pirates of the Caribbean: The Curse of the Black Pearl,2003.0,,,unresolved
Napoleon Dynamite||2004,Napoleon Dynamite,2004.0,,,unresolved
The Last Movie||1971,The Last Movie,1971.0,,,unresolved
Withnail & I||1987,Withnail & I,1987.0,,,unresolved
The Loveless||1984,The Loveless,1984.0,,,unresolved
The Old Oak||2023,The Old Oak,2023.0,,,unresolved
Troll 2||1990,Troll 2,1990.0,,,unresolved
Touchez Pas au Grisbi||1954,Touchez Pas au Grisbi,1954.0,,,unresolved
Bob le Flambeur||1956,Bob le Flambeur,1956.0,,,unresolved
Once Upon a Time... in Hollywood||2019,Once Upon a Time... in Hollywood,2019.0,,,unresolved
Un Flic||1972,Un Flic,1972.0,,,unresolved
Written on the Wind||1956,Written on the Wind,1956.0,,,unresolved
The Straight Story||1999,The Straight Story,1999.0,,,unresolved
Wheel of Fortune and Fantasy||2021,Wheel of Fortune and Fantasy,2021.0,,,unresolved
The Rose King||1986,The Rose King,1986.0,,,unresolved
Naked Acts||1996,Naked Acts,1996.0,,,unresolved
Beyond the Blue Border||2024,Beyond the Blue Border,2024.0,,,unresolved
Spotlight Newton Filmmakers||2024,Spotlight Newton Filmmakers,2024.0,,,unresolved
Samurai Cop||1991,Samurai Cop,1991.0,,,unresolved
The Sicilian Clan||1969,The Sicilian Clan,1969.0,,,unresolved
"Rebel: Loreta Velazquez, Secret Soldier of the American Civil War||2013","Rebel: Loreta Velazquez, Secret Soldier of the American Civil War",2013.0,,,unresolved
Two Men in Manhattan||1959,Two Men in Manhattan,1959.0,,,unresolved
Bonnie Blue: James Cotton's Life in the Blues||2022,Bonnie Blue: James Cotton's Life in the Blues,2022.0,,,unresolved
La Cocina||2024,La Cocina,2024.0,,,unresolved
They Came from Beyond Space||1967,They Came from Beyond Space,1967.0,,,unresolved
Double Feature: A Father's Kaddish/Why We Dance||2024,Double Feature: A Father's Kaddish/Why We Dance,2024.0,,,unresolved
RPM Fest Presents: Karel Doing||1998,RPM Fest Presents: Karel Doing,1998.0,,,unresolved
Double Feature - Wild Innovators/A Reckoning in Boston||2024,Double Feature - Wild Innovators/A Reckoning in Boston,2024.0,,,unresolved
Zontar: The Thing from Venus||1967,Zontar: The Thing from Venus,1967.0,,,unresolved
"Harry Smith Films Nos. 1 – 5, 7 & 10, 11 & 16||1946","Harry Smith Films Nos. 1 – 5, 7 & 10, 11 & 16",1946.0,,,unresolved
The Big Risk||1960,The Big Risk,1960.0,,,unresolved
Billy in the Lowlands||1979,Billy in the Lowlands,1979.0,,,unresolved
Rififi||1955,Rififi,1955.0,,,unresolved
The Tender Age||1986,The Tender Age,1986.0,,,unresolved
The Blue Diner||2001,The Blue Diner,2001.0,,,unresolved
The Boy and the Heron||2023,The Boy and the Heron,2023.0,,,unresolved
Big Time||1989,Big Time,1989.0,,,unresolved
Lemon Sky||1988,Lemon Sky,1988.0,,,unresolved
The Babadook||2014,The Babadook,2014.0,,,unresolved
Where Spring Comes Late||1970,Where Spring Comes Late,1970.0,,,unresolved
T Blockers||2023,T Blockers,2023.0,,,unresolved
Sleepaway Camp||1983,Sleepaway Camp,1983.0,,,unresolved
Magnet of Doom||1963,Magnet of Doom,1963.0,,,unresolved
X: The Man with the X-Ray Eyes||1963,X: The Man with the X-Ray Eyes,1963.0,,,unresolved
Gas! -Or- It Became Necessary to Destroy the World in Order to Save It.||1970,Gas! -Or- It Became Necessary to Destroy the World in Order to Save It.,1970.0,,,unresolved
The Wild Angels||1966,The Wild Angels,1966.0,,,unresolved
Ride in the Whirlwind||1966,Ride in the Whirlwind,1966.0,,,unresolved
Hangdog||2023,Hangdog,2023.0,,,unresolved
The Student Nurses||1970,The Student Nurses,1970.0,,,unresolved
Change of Life||1967,Change of Life,1967.0,,,unresolved
Belarmino||1964,Belarmino,1964.0,,,unresolved
Trails||1978,Trails,1978.0,,,unresolved
Holding Back the Tide||2024,Holding Back the Tide,2024.0,,,unresolved
Vilarinho das Furnas||1971,Vilarinho das Furnas,1971.0,,,unresolved
Falamos de Rio de Onor||1974,Falamos de Rio de Onor,1974.0,,,unresolved
The Tingler||1959,The Tingler,1959.0,,,unresolved
Stripped to Kill||1987,Stripped to Kill,1987.0,,,unresolved
The Slumber Party Massacre||1982,The Slumber Party Massacre,1982.0,,,unresolved
Slumber Party Massacre II||1987,Slumber Party Massacre II,1987.0,,,unresolved
The Tomb of Ligeia||1964,The Tomb of Ligeia,1964.0,,,unresolved
Max and the Junkmen||1971,Max and the Junkmen,1971.0,,,unresolved
23rd Halloween Horror Marathon||2024,23rd Halloween Horror Marathon,2024.0,,,unresolved
The Vows||1973,The Vows,1973.0,,,unresolved
Harry Smith - Film No. 12 / Film No. 16||1957,Harry Smith - Film No. 12 / Film No. 16,1957.0,,,unresolved
Scream Halloween House Party||2024,Scream Halloween House Party,2024.0,,,unresolved
The Rocky Horror Picture Show||1975,The Rocky Horror Picture Show,1975.0,,,unresolved
O Mal-Amado||1974,O Mal-Amado,1974.0,,,unresolved
What Shall I Do With This Sword?||1975,What Shall I Do With This Sword?,1975.0,,,unresolved
Histórias Selvagens||1978,Histórias Selvagens,1978.0,,,unresolved
Harry Smith - Film No. 18 (Mahagonny)||1970,Harry Smith - Film No. 18 (Mahagonny),1970.0,,,unresolved
The Muppet Movie||1979,The Muppet Movie,1979.0,,,unresolved
Boston Punk Unbound/Rewound||1976,Boston Punk Unbound/Rewound,1976.0,,,unresolved
Futility in Frames: The Hypnoses of Vlatko Gilic||1968,Futility in Frames: The Hypnoses of Vlatko Gilic,1968.0,,,unresolved
The Way Steel Was Tempered||1988,The Way Steel Was Tempered,1988.0,,,unresolved
Neo Homo Promo||1994,Neo Homo Promo,1994.0,,,unresolved
The Night Watchman||2011,The Night Watchman,2011.0,,,unresolved
When Harry Met Sally...||1989,When Harry Met Sally...,1989.0,,,unresolved
Underworld U.S.A.||1961,Underworld U.S.A.,1961.0,,,unresolved
Twin Peaks: Fire Walk with Me||1992,Twin Peaks: Fire Walk with Me,1992.0,,,unresolved
Willy/Milly||1986,Willy/Milly,1986.0,,,unresolved
Afro Promo||1997,Afro Promo,1997.0,,,unresolved
The Royal Road||2015,The Royal Road,2015.0,,,unresolved
Murdering the Devil||1970,Murdering the Devil,1970.0,,,unresolved
Wings of a Serf||1926,Wings of a Serf,1926.0,,,unresolved
The Lady from Shanghai||1947,The Lady from Shanghai,1947.0,,,unresolved
"Salad Days: A Decade of Punk in Washington, DC (1980-90)||2015","Salad Days: A Decade of Punk in Washington, DC (1980-90)",2015.0,,,unresolved
The Sugarland Express||1974,The Sugarland Express,1974.0,,,unresolved
Where to After the Rain?||1967,Where to After the Rain?,1967.0,,,unresolved
Carol for Another Christmas||1964,Carol for Another Christmas,1964.0,,,unresolved
Song of the Little Road||1955,Song of the Little Road,1955.0,,,unresolved
The World of Apu||1959,The World of Apu,1959.0,,,unresolved
Woodland||2023,Woodland,2023.0,,,unresolved
The Shop Around the Corner||1940,The Shop Around the Corner,1940.0,,,unresolved
Only Lovers Left Alive||2013,Only Lovers Left Alive,2013.0,,,unresolved
The Muppet Christmas Carol||1992,The Muppet Christmas Carol,1992.0,,,unresolved
The Cable Guy||1996,The Cable Guy,1996.0,,,unresolved
The Bird with the Crystal Plumage||1970,The Bird with the Crystal Plumage,1970.0,,,unresolved
Turning Tables||2025,Turning Tables,2025.0,,,unresolved
Last Year at Marienbad||1961,Last Year at Marienbad,1961.0,,,unresolved
The People's Joker||2024,The People's Joker,2024.0,,,unresolved
Nothing Underneath||1985,Nothing Underneath,1985.0,,,unresolved
India Song||1975,India Song,1975.0,,,unresolved
Star Trek: First Contact||1996,Star Trek: First Contact,1996.0,,,unresolved
The Discreet Charm of the Bourgeoisie||1972,The Discreet Charm of the Bourgeoisie,1972.0,,,unresolved
Twilight of the Warriors: Walled In||2024,Twilight of the Warriors: Walled In,2024.0,,,unresolved
"Muriel, or the Time of Return||1963","Muriel, or the Time of Return",1963.0,,,unresolved
Revenge||2018,Revenge,2018.0,,,unresolved
Maso and Miso Go Boating||1976,Maso and Miso Go Boating,1976.0,,,unresolved
March of the Penguins||2005,March of the Penguins,2005.0,,,unresolved
Be Pretty and Shut Up!||1981,Be Pretty and Shut Up!,1981.0,,,unresolved
Denis Villeneuve's Dune||2021,Denis Villeneuve's Dune,2021.0,,,unresolved
Problemista||2024,Problemista,2024.0,,,unresolved
Journey to Italy||1954,Journey to Italy,1954.0,,,unresolved
The Two Faces of a Bamileke Woman||2018,The Two Faces of a Bamileke Woman,2018.0,,,unresolved
Humanist Vampire Seeking Consenting Suicidal Person||2023,Humanist Vampire Seeking Consenting Suicidal Person,2023.0,,,unresolved
Longlegs||2024,Longlegs,2024.0,,,unresolved
Prism||2021,Prism,2021.0,,,unresolved
The Optical Tricks of a Cinemagician||1896,The Optical Tricks of a Cinemagician,1896.0,,,unresolved
Jumanji: Welcome to the Jungle||2017,Jumanji: Welcome to the Jungle,2017.0,,,unresolved
The Flying Ace||1926,The Flying Ace,1926.0,,,unresolved
Only in Dreams: The Evils that Lurk||1896,Only in Dreams: The Evils that Lurk,1896.0,,,unresolved
Sanggyedong Olympic / Graeae: A Stationed Idea||1988,Sanggyedong Olympic / Graeae: A Stationed Idea,1988.0,,,unresolved
The Teachers' Lounge||2023,The Teachers' Lounge,2023.0,,,unresolved
The Facts of Murder||1959,The Facts of Murder,1959.0,,,unresolved
Santa Teresa & Other Stories||2015,Santa Teresa & Other Stories,2015.0,,,unresolved
You Look Like a Carriage That Not Even the Oxen Can Stop||2013,You Look Like a Carriage That Not Even the Oxen Can Stop,2013.0,,,unresolved
Mambar Pierrette||2024,Mambar Pierrette,2024.0,,,unresolved
Delphine’s Prayers||2021,Delphine’s Prayers,2021.0,,,unresolved
From Hilde with Love||2024,From Hilde with Love,2024.0,,,unresolved
"Voyages through Earth, Sea and Space||1896","Voyages through Earth, Sea and Space",1896.0,,,unresolved
The Double||2014,The Double,2014.0,,,unresolved
The Garden That Tilts||1975,The Garden That Tilts,1975.0,,,unresolved
The Killing of a Sacred Deer||2017,The Killing of a Sacred Deer,2017.0,,,unresolved
Girl Talk||2022,Girl Talk,2022.0,,,unresolved
Pepe||2025,Pepe,2025.0,,,unresolved
Barb & Star Go to Vista Del Mar||2021,Barb & Star Go to Vista Del Mar,2021.0,,,unresolved
Romeo Must Die||2000,Romeo Must Die,2000.0,,,unresolved
The Bugs Bunny Film Festival||1950,The Bugs Bunny Film Festival,1950.0,,,unresolved
Labor News No. 1 / melting icecream||1989,Labor News No. 1 / melting icecream,1989.0,,,unresolved
Boston Sci-Fi Film Festival Marathon||2025,Boston Sci-Fi Film Festival Marathon,2025.0,,,unresolved
Victor and Victoria||1933,Victor and Victoria,1933.0,,,unresolved
Rumble in the Bronx||1995,Rumble in the Bronx,1995.0,,,unresolved
Two Years at Sea||2011,Two Years at Sea,2011.0,,,unresolved
Punch-Drunk Love / Ali: Fear Eats the Soul||1974,Punch-Drunk Love / Ali: Fear Eats the Soul,1974.0,,,unresolved
RPM Fest Presents Mountains Meet the Sea: Kathy Rugh||2007,RPM Fest Presents Mountains Meet the Sea: Kathy Rugh,2007.0,,,unresolved
Hear Her With Your Eyes||2023,Hear Her With Your Eyes,2023.0,,,unresolved
Collective Monologue||2024,Collective Monologue,2024.0,,,unresolved
Titicut Follies||1967,Titicut Follies,1967.0,,,unresolved
The Funhouse||1981,The Funhouse,1981.0,,,unresolved
Dorian Gray in the Mirror of the Yellow Press||1984,Dorian Gray in the Mirror of the Yellow Press,1984.0,,,unresolved
Essene||1972,Essene,1972.0,,,unresolved
The Bitter Tears of Petra von Kant||1972,The Bitter Tears of Petra von Kant,1972.0,,,unresolved
The Death of Louis XIV||2016,The Death of Louis XIV,2016.0,,,unresolved
Beau travail / Brief Encounter||1945,Beau travail / Brief Encounter,1945.0,,,unresolved
"Now, at Last!||2018","Now, at Last!",2018.0,,,unresolved
The Annihilation of Fish||1999,The Annihilation of Fish,1999.0,,,unresolved
GoodFellas||1990,GoodFellas,1990.0,,,unresolved
Pacifiction||2022,Pacifiction,2022.0,,,unresolved
Story of My Death||2013,Story of My Death,2013.0,,,unresolved
The Friends of Eddie Coyle||1973,The Friends of Eddie Coyle,1973.0,,,unresolved
High School||1969,High School,1969.0,,,unresolved
Youth (Spring)||2023,Youth (Spring),2023.0,,,unresolved
La Jetée / In the Mood for Love||1962,La Jetée / In the Mood for Love,1962.0,,,unresolved
Princess Mononoke||1997,Princess Mononoke,1997.0,,,unresolved
Youth (Hard Times)||2024,Youth (Hard Times),2024.0,,,unresolved
"RPM Presents: Time, a Substance: Janie Geiser||2020","RPM Presents: Time, a Substance: Janie Geiser",2020.0,,,unresolved
Youth (Homecoming)||2024,Youth (Homecoming),2024.0,,,unresolved
"Prewar and Wartime Animation, Part One||1931","Prewar and Wartime Animation, Part One",1931.0,,,unresolved
To the Japs: South Korean A-Bomb Survivors Speak Out||1971,To the Japs: South Korean A-Bomb Survivors Speak Out,1971.0,,,unresolved
Sea Palace / The Sea Demon on Land||1930,Sea Palace / The Sea Demon on Land,1930.0,,,unresolved
Game Changers||2024,Game Changers,2024.0,,,unresolved
Underground and in the Air: Musical Experiments in Yugoslavia||1962,Underground and in the Air: Musical Experiments in Yugoslavia,1962.0,,,unresolved
Alpe-Adria Underground!||2024,Alpe-Adria Underground!,2024.0,,,unresolved
Subject to Review||2019,Subject to Review,2019.0,,,unresolved
Shakespeare in Love||1998,Shakespeare in Love,1998.0,,,unresolved
Asia is One||1973,Asia is One,1973.0,,,unresolved
The Royal Tenenbaums||2001,The Royal Tenenbaums,2001.0,,,unresolved
The Lord of the Rings Trilogy||2001,The Lord of the Rings Trilogy,2001.0,,,unresolved
Top Secret!||1984,Top Secret!,1984.0,,,unresolved
Raiders of the Lost Ark||1981,Raiders of the Lost Ark,1981.0,,,unresolved
Document of Collision: The Whiplashed Ones (Dokyumento Rinka: Muchiutareru Mono)||1969,Document of Collision: The Whiplashed Ones (Dokyumento Rinka: Muchiutareru Mono),1969.0,,,unresolved
The Secret of NIMH||1982,The Secret of NIMH,1982.0,,,unresolved
2 or 3 Things I Know About Her||1967,2 or 3 Things I Know About Her,1967.0,,,unresolved
Weathering with You||2019,Weathering with You,2019.0,,,unresolved
Ghost in the Shell Double Feature||1995,Ghost in the Shell Double Feature,1995.0,,,unresolved
The Mortal Storm||1940,The Mortal Storm,1940.0,,,unresolved
The Watermelon Woman||1997,The Watermelon Woman,1997.0,,,unresolved
The Times of Harvey Milk||1984,The Times of Harvey Milk,1984.0,,,unresolved
Don Q Son of Zorro||1925,Don Q Son of Zorro,1925.0,,,unresolved
The Company of Strangers||1990,The Company of Strangers,1990.0,,,unresolved
Nightbreed||1990,Nightbreed,1990.0,,,unresolved
The World Before Your Feet||2018,The World Before Your Feet,2018.0,,,unresolved
Videodrome||1983,Videodrome,1983.0,,,unresolved
Two to One||2024,Two to One,2024.0,,,unresolved
eXistenZ||1999,eXistenZ,1999.0,,,unresolved
Battalion to My Beat||2016,Battalion to My Beat,2016.0,,,unresolved
The Sword of Doom||1966,The Sword of Doom,1966.0,,,unresolved
School in the Crosshairs||1981,School in the Crosshairs,1981.0,,,unresolved
Return of the Living Dead III||1993,Return of the Living Dead III,1993.0,,,unresolved
The Island Closest to Heaven||1984,The Island Closest to Heaven,1984.0,,,unresolved
Querelle||1982,Querelle,1982.0,,,unresolved
Scott Pilgrim vs. the World||2010,Scott Pilgrim vs. the World,2010.0,,,unresolved
Sound of the Mountain||1954,Sound of the Mountain,1954.0,,,unresolved
Kill Bill: Vol. 1||2003,Kill Bill: Vol. 1,2003.0,,,unresolved
"The Ecstatic Square: Karpo Godina’s Experimental Shorts, 1965-1972||1965","The Ecstatic Square: Karpo Godina’s Experimental Shorts, 1965-1972",1965.0,,,unresolved
Life of a Shock Force Worker||2023,Life of a Shock Force Worker,2023.0,,,unresolved
Kill Bill: Vol. 2||2004,Kill Bill: Vol. 2,2004.0,,,unresolved
Sabbath Queen||2024,Sabbath Queen,2024.0,,,unresolved
"Frame for a Few Poses, Episodes 1 - 3||1976","Frame for a Few Poses, Episodes 1 - 3",1976.0,,,unresolved
Shin Godzilla||2016,Shin Godzilla,2016.0,,,unresolved
Sweet Sweetback's Baadasssss Song||1971,Sweet Sweetback's Baadasssss Song,1971.0,,,unresolved
Yourself and Yours||2016,Yourself and Yours,2016.0,,,unresolved
The Devil and Daniel Johnston||2006,The Devil and Daniel Johnston,2006.0,,,unresolved
Wallace & Gromit: The Curse of the Were-Rabbit||2005,Wallace & Gromit: The Curse of the Were-Rabbit,2005.0,,,unresolved
Other Side||2025,Other Side,2025.0,,,unresolved
When a Woman Ascends the Stairs||1960,When a Woman Ascends the Stairs,1960.0,,,unresolved
Videoheaven||2025,Videoheaven,2025.0,,,unresolved
Walk Up||2022,Walk Up,2022.0,,,unresolved
Franky Five Star||2023,Franky Five Star,2023.0,,,unresolved
Dr. Strangelove or: How I Learned to Stop Worrying and Love the Bomb||1964,Dr. Strangelove or: How I Learned to Stop Worrying and Love the Bomb,1964.0,,,unresolved
The Fast and the Furious: Tokyo Drift||2006,The Fast and the Furious: Tokyo Drift,2006.0,,,unresolved
Two in the Shadow||1967,Two in the Shadow,1967.0,,,unresolved
Wife! Be Like a Rose!||1935,Wife! Be Like a Rose!,1935.0,,,unresolved
Double Feature: The Sweet Hereafter and Gates of Heaven||1980,Double Feature: The Sweet Hereafter and Gates of Heaven,1980.0,,,unresolved
The Power of Kangwon Province||1998,The Power of Kangwon Province,1998.0,,,unresolved
Ha Ha Ha||2010,Ha Ha Ha,2010.0,,,unresolved
The Last Class||2025,The Last Class,2025.0,,,unresolved
When the Cat Comes||1963,When the Cat Comes,1963.0,,,unresolved
Shanghai Blues||1984,Shanghai Blues,1984.0,,,unresolved
Twin Peaks: The Return (Part 1 & 2)||2017,Twin Peaks: The Return (Part 1 & 2),2017.0,,,unresolved
The Palm Beach Story||1942,The Palm Beach Story,1942.0,,,unresolved
Twin Peaks: The Return (Part 3 & 4)||2017,Twin Peaks: The Return (Part 3 & 4),2017.0,,,unresolved
The Darjeeling Limited||2007,The Darjeeling Limited,2007.0,,,unresolved
The Left Handed Gun||1958,The Left Handed Gun,1958.0,,,unresolved
I like America and America likes Me||1974,I like America and America likes Me,1974.0,,,unresolved
"I Was Born, But… / Pixote||1932","I Was Born, But… / Pixote",1932.0,,,unresolved
Sticker Movie||2023,Sticker Movie,2023.0,,,unresolved
Harald Naegeli - Der Sprayer von Zürich||2021,Harald Naegeli - Der Sprayer von Zürich,2021.0,,,unresolved
Twin Peaks: The Return (Part 7 & 8)||2017,Twin Peaks: The Return (Part 7 & 8),2017.0,,,unresolved
Art War||2014,Art War,2014.0,,,unresolved
Alex Wheatle/Education||2020,Alex Wheatle/Education,2020.0,,,unresolved
Twin Peaks: The Return (Part 9 & 10)||2017,Twin Peaks: The Return (Part 9 & 10),2017.0,,,unresolved
Twin Peaks: The Return (Part 5 & 6)||2017,Twin Peaks: The Return (Part 5 & 6),2017.0,,,unresolved
Twin Peaks: The Return (Part 11 & 12)||2017,Twin Peaks: The Return (Part 11 & 12),2017.0,,,unresolved
FOUND FOOTAGE FEST: Porcelain VHS Treasures||2025,FOUND FOOTAGE FEST: Porcelain VHS Treasures,2025.0,,,unresolved
Twin Peaks: The Return (Part 13 & 14)||2017,Twin Peaks: The Return (Part 13 & 14),2017.0,,,unresolved
Twin Peaks: The Return (Part 15 & 16)||2017,Twin Peaks: The Return (Part 15 & 16),2017.0,,,unresolved
Twin Peaks: The Return (Part 17 & 18)||2017,Twin Peaks: The Return (Part 17 & 18),2017.0,,,unresolved
One Cut of the Dead||2017,One Cut of the Dead,2017.0,,,unresolved
Peking Opera Blues||1986,Peking Opera Blues,1986.0,,,unresolved
Noroi: The Curse||2005,Noroi: The Curse,2005.0,,,unresolved
Troll Hunter||2010,Troll Hunter,2010.0,,,unresolved
The Midnight Swim||2015,The Midnight Swim,2015.0,,,unresolved
"RPM Fest Presents Crossing Lines, Films by Raymond Rea||1982","RPM Fest Presents Crossing Lines, Films by Raymond Rea",1982.0,,,unresolved
Impatience of the Heart||2025,Impatience of the Heart,2025.0,,,unresolved
The McPherson Tape||1989,The McPherson Tape,1989.0,,,unresolved
The Devil's Doorway||2018,The Devil's Doorway,2018.0,,,unresolved
Salli||2024,Salli,2024.0,,,unresolved
WALL·E||2008,WALL·E,2008.0,,,unresolved
The Last Exorcism||2010,The Last Exorcism,2010.0,,,unresolved
V/H/S/2||2013,V/H/S/2,2013.0,,,unresolved
Yen and Ai-Lee||2024,Yen and Ai-Lee,2024.0,,,unresolved
The Trouble with Harry||1955,The Trouble with Harry,1955.0,,,unresolved
The Muppets Take Manhattan||1984,The Muppets Take Manhattan,1984.0,,,unresolved
Fleischer Fairy Tales||1931,Fleischer Fairy Tales,1931.0,,,unresolved
Pink Narcissus||1971,Pink Narcissus,1971.0,,,unresolved
The Sealed Soil||1977,The Sealed Soil,1977.0,,,unresolved
Pat Garrett & Billy the Kid||1973,Pat Garrett & Billy the Kid,1973.0,,,unresolved
Amores Perros||2000,Amores Perros,2000.0,,,unresolved
A Terra! The Cinema of Marta Mateus Program I||1974,A Terra! The Cinema of Marta Mateus Program I,1974.0,,,unresolved
Street Without End||1934,Street Without End,1934.0,,,unresolved
The Spirit of the Beehive||1973,The Spirit of the Beehive,1973.0,,,unresolved
Our Sunhi||2013,Our Sunhi,2013.0,,,unresolved
A Terra! The Cinema of Marta Mateus Program III||1962,A Terra! The Cinema of Marta Mateus Program III,1962.0,,,unresolved
Simple Men||1992,Simple Men,1992.0,,,unresolved
Brother and Sister||1953,Brother and Sister,1953.0,,,unresolved
Moment of Terror||1966,Moment of Terror,1966.0,,,unresolved
Fire of Wind||2024,Fire of Wind,2024.0,,,unresolved
24th Halloween Horror Marathon||2025,24th Halloween Horror Marathon,2025.0,,,unresolved
The Woman Who Ran||2020,The Woman Who Ran,2020.0,,,unresolved
"Farpões, baldios / O Pão||1963","Farpões, baldios / O Pão",1963.0,,,unresolved
Tenderness of the Wolves||1973,Tenderness of the Wolves,1973.0,,,unresolved
The Song Lantern||1943,The Song Lantern,1943.0,,,unresolved
"Learn from Experience, Part One||1937","Learn from Experience, Part One",1937.0,,,unresolved
"Learn from Experience, Part Two||1937","Learn from Experience, Part Two",1937.0,,,unresolved
6-A Akash Ganga||2023,6-A Akash Ganga,2023.0,,,unresolved
The Road I Travel With You / Avalanche||1936,The Road I Travel With You / Avalanche,1936.0,,,unresolved
The Girl in the Rumor||1935,The Girl in the Rumor,1935.0,,,unresolved
The Wiser Age||1962,The Wiser Age,1962.0,,,unresolved
No! YOU'RE WRONG. or: Spooky Action at a Distance||2025,No! YOU'RE WRONG. or: Spooky Action at a Distance,2025.0,,,unresolved
Au Hasard Balthazar||1966,Au Hasard Balthazar,1966.0,,,unresolved
"There Was, There Was Not||2025","There Was, There Was Not",2025.0,,,unresolved
Miracle in Milan / Killer of Sheep||1951,Miracle in Milan / Killer of Sheep,1951.0,,,unresolved
GODZILLATHON||1954,GODZILLATHON,1954.0,,,unresolved
Under Age / Girls Under 21||1940,Under Age / Girls Under 21,1940.0,,,unresolved
Jordan Belson by Raymond Foye - Program i||1951,Jordan Belson by Raymond Foye - Program i,1951.0,,,unresolved
The Passion of Joan of Arc||1928,The Passion of Joan of Arc,1928.0,,,unresolved
The Double Life of Véronique||1991,The Double Life of Véronique,1991.0,,,unresolved
Double Feature: Chime / Serpent’s Path||1998,Double Feature: Chime / Serpent’s Path,1998.0,,,unresolved
Slowburn Shoot: An Indie Wrestling Story||2026,Slowburn Shoot: An Indie Wrestling Story,2026.0,,,unresolved
Santo vs. Doctor Death||1973,Santo vs. Doctor Death,1973.0,,,unresolved
The Taste of Tea||2004,The Taste of Tea,2004.0,,,unresolved
Eyes of the Spider||1998,Eyes of the Spider,1998.0,,,unresolved
Double Feature: Chime + Serpent’s Path||1998,Double Feature: Chime + Serpent’s Path,1998.0,,,unresolved
Double Feature: Ed Wood / Plan 9 from Outer Space||1957,Double Feature: Ed Wood / Plan 9 from Outer Space,1957.0,,,unresolved
Trees Lounge||1996,Trees Lounge,1996.0,,,unresolved
Double Feature: Evil Dead (2013) / Evil Dead Rise||2013,Double Feature: Evil Dead (2013) / Evil Dead Rise,2013.0,,,unresolved
Ready to Rumble||2000,Ready to Rumble,2000.0,,,unresolved
Massacre at Central High||1976,Massacre at Central High,1976.0,,,unresolved
Zindagi Na Milegi Dobara||2011,Zindagi Na Milegi Dobara,2011.0,,,unresolved
"Double Feature: Adaptation / Synecdoche, New York||2002","Double Feature: Adaptation / Synecdoche, New York",2002.0,,,unresolved
The Stunt Man||1980,The Stunt Man,1980.0,,,unresolved
The Lavender Hill Mob||1951,The Lavender Hill Mob,1951.0,,,unresolved
Move Ya Body: The Birth of House||2025,Move Ya Body: The Birth of House,2025.0,,,unresolved
Babystar||2026,Babystar,2026.0,,,unresolved
Double Feature: Nouvelle Vague / Contempt||1963,Double Feature: Nouvelle Vague / Contempt,1963.0,,,unresolved
Terrifier 2||2022,Terrifier 2,2022.0,,,unresolved
"The Adventures of Priscilla, Queen of the Desert||1994","The Adventures of Priscilla, Queen of the Desert",1994.0,,,unresolved
Mare’s Nest||2026,Mare’s Nest,2026.0,,,unresolved
Rose of Nevada||2026,Rose of Nevada,2026.0,,,unresolved
History of the World: Part I||1981,History of the World: Part I,1981.0,,,unresolved
Red Stars Upon the Field||2025,Red Stars Upon the Field,2025.0,,,unresolved
Contact||1997,Contact,1997.0,,,unresolved
Sommersby||1993,Sommersby,1993.0,,,unresolved
Saving Private Ryan||1998,Saving Private Ryan,1998.0,,,unresolved
"Summer of Soul (...Or, When the Revolution Could Not Be Televised)||2021","Summer of Soul (...Or, When the Revolution Could Not Be Televised)",2021.0,,,unresolved
SPL: Kill Zone||2005,SPL: Kill Zone,2005.0,,,unresolved
The Hateful Eight||2015,The Hateful Eight,2015.0,,,unresolved
The Man Who Shot Liberty Valance||1962,The Man Who Shot Liberty Valance,1962.0,,,unresolved
UFOria||1984,UFOria,1984.0,,,unresolved
Lucky||2017,Lucky,2017.0,,,unresolved
Mars Attacks!||1996,Mars Attacks!,1996.0,,,unresolved
Double Feature: Sleepaway Camp / Teenage Sex and Death at Camp Miasma||2026,Double Feature: Sleepaway Camp / Teenage Sex and Death at Camp Miasma,2026.0,,,unresolved
The Asphalt Jungle||1950,The Asphalt Jungle,1950.0,,,unresolved
The Prince and the Showgirl||1957,The Prince and the Showgirl,1957.0,,,unresolved
Sherman's March||1985,Sherman's March,1985.0,,,unresolved
Mikey and Nicky||1976,Mikey and Nicky,1976.0,,,unresolved
Fiddlehead presents Baby I’ll Change with Good Will Hunting||1997,Fiddlehead presents Baby I’ll Change with Good Will Hunting,1997.0,,,unresolved
The Thing from Another World||1951,The Thing from Another World,1951.0,,,unresolved
Double Feature: The Bakery Girl of Monceau / Suzanne’s Career||1963,Double Feature: The Bakery Girl of Monceau / Suzanne’s Career,1963.0,,,unresolved
The Final Girls||2015,The Final Girls,2015.0,,,unresolved
"Tally Brown, New York||1979","Tally Brown, New York",1979.0,,,unresolved
The Great Muppet Caper||1981,The Great Muppet Caper,1981.0,,,unresolved
Earth vs. the Flying Saucers||1956,Earth vs. the Flying Saucers,1956.0,,,unresolved
My Son||2021,My Son,2021.0,,,unresolved
Wicked VHS presents: A Secret Summer Camp Slasher||6666,Wicked VHS presents: A Secret Summer Camp Slasher,6666.0,,,unresolved
Zardoz||1974,Zardoz,1974.0,,,unresolved
Wicked VHS presents: A Secret Summer Camp Slasher Part 2||6666,Wicked VHS presents: A Secret Summer Camp Slasher Part 2,6666.0,,,unresolved
The Band Wagon||1953,The Band Wagon,1953.0,,,unresolved
The Stranger's Hand||1954,The Stranger's Hand,1954.0,,,unresolved
Sleepaway Camp II: Unhappy Campers||1988,Sleepaway Camp II: Unhappy Campers,1988.0,,,unresolved
"Triple Feature: Malkovich, Malkovich, Malkovich!||1988","Triple Feature: Malkovich, Malkovich, Malkovich!",1988.0,,,unresolved
Went the Day Well?||1942,Went the Day Well?,1942.0,,,unresolved
The Cycle of Love||2026,The Cycle of Love,2026.0,,,unresolved
Tokyo Story||1953,Tokyo Story,1953.0,,,unresolved
"Good Night, and Good Luck.||2005","Good Night, and Good Luck.",2005.0,,,unresolved
Working Girls||1987,Working Girls,1987.0,,,unresolved
Mass Mini Con presents: A Mutant Mystery Movie 3||6666,Mass Mini Con presents: A Mutant Mystery Movie 3,6666.0,,,unresolved
Marathon '77||1977,Marathon '77,1977.0,,,unresolved
8Â½||1963,8Â½,1963.0,,,unresolved
Berlin Hero||2025,Berlin Hero,2025.0,,,unresolved
Keaton and Pickford Double Feature: One Week / Stella Maris||1918,Keaton and Pickford Double Feature: One Week / Stella Maris,1918.0,,,unresolved
Snow White||2000,Snow White,2000.0,,,unresolved
ClÃ©o from 5 to 7||1962,ClÃ©o from 5 to 7,1962.0,,,unresolved
The Lives of Others||2006,The Lives of Others,2006.0,,,unresolved
The Goonies||1985,The Goonies,1985.0,,,unresolved
Sleeping Dogs||1978,Sleeping Dogs,1978.0,,,unresolved
Cemetery Cinema: The Straight Story & Wings of Desire||1987,Cemetery Cinema: The Straight Story & Wings of Desire,1987.0,,,unresolved
Lotte Reiniger Short Films||1926,Lotte Reiniger Short Films,1926.0,,,unresolved
HÃ¤xan||1922,HÃ¤xan,1922.0,,,unresolved
Child's Play||1988,Child's Play,1988.0,534792,Child's Play (1988 film),exact_year
The Fugitive||1993,The Fugitive,1993.0,1822067,The Fugitive (1993 film),exact_year
The Untouchables||1987,The Untouchables,1987.0,3842730,The Untouchables (film),exact_year
Trap||2024,Trap,2024.0,71946032,Trap (2024 film),exact_year
Boyhood||2014,Boyhood,2014.0,11055577,Boyhood (2014 film),exact_year
Love Jones||1997,Love Jones,1997.0,2812852,Love Jones (film),exact_year
Blue Moon||2025,Blue Moon,2025.0,77178873,Blue Moon (2025 film),exact_year
Carol||2015,Carol,2015.0,39562051,Carol (film),exact_year
Nimona||2023,Nimona,2023.0,70090285,Nimona (film),exact_year
Commando||1985,Commando,1985.0,230483,Commando (1985 film),exact_year
Yi Yi||2000,Yi Yi,2000.0,3710372,Yi Yi,exact_year
Resurrection||2025,Resurrection,2025.0,79910828,Resurrection (2025 film),exact_year
We're No Angels||1955,We're No Angels,1955.0,3585054,We're No Angels (1955 film),exact_year
We're No Angels||1989,We're No Angels,1989.0,10587298,We're No Angels (1989 film),exact_year
My Sister Eileen||1942,My Sister Eileen,1942.0,24067673,My Sister Eileen (1942 film),exact_year
Striptease||1996,Striptease,1996.0,18943833,Striptease (film),exact_year
Women's Prison||1955,Women's Prison,1955.0,33055398,Women's Prison (1955 film),exact_year
Pickup||1951,Pickup,1951.0,37126793,Pickup (1951 film),exact_year
Hysteria||2025,Hysteria,2025.0,78930639,Hysteria (2025 film),exact_year
Pride & Prejudice||2005,Pride & Prejudice,2005.0,2312056,Pride & Prejudice (2005 film),exact_year
Emma.||2020,Emma.,2020.0,58910666,Emma (2020 film),exact_year
Metropolitan||1990,Metropolitan,1990.0,3493786,Metropolitan (1990 film),exact_year
The Candidate||1972,The Candidate,1972.0,3232438,The Candidate (1972 film),exact_year
White Christmas||1954,White Christmas,1954.0,2817162,White Christmas (film),exact_year
Ordinary People||1980,Ordinary People,1980.0,106335,Ordinary People,exact_year
Brazil||1985,Brazil,1985.0,74537,Brazil (1985 film),exact_year
Charade||1963,Charade,1963.0,899442,Charade (1963 film),exact_year
The Mastermind||2025,The Mastermind,2025.0,78207619,The Mastermind (film),exact_year
How to Train Your Dragon||2010,How to Train Your Dragon,2010.0,18394730,How to Train Your Dragon (2010 film),exact_year
Sisters||1973,Sisters,1973.0,1519886,Sisters (1972 film),exact_year
Weapons||2025,Weapons,2025.0,73248680,Weapons (2025 film),exact_year
"Sorry, Baby||2025","Sorry, Baby",2025.0,78578409,"Sorry, Baby (2025 film)",exact_year
Stalker||1979,Stalker,1979.0,286266,Stalker (1979 film),exact_year
Misericordia||2024,Misericordia,2024.0,76603314,Misericordia (2024 film),exact_year
Teenage Wasteland||2025,Teenage Wasteland,2025.0,81747251,Teenage Wasteland (2025 film),exact_year
Nouvelle Vague||2025,Nouvelle Vague,2025.0,76269453,Nouvelle Vague (2025 film),exact_year
My Man Godfrey||1936,My Man Godfrey,1936.0,74979,My Man Godfrey,exact_year
Wake Up Dead Man: A Knives Out Mystery||2025,Wake Up Dead Man: A Knives Out Mystery,2025.0,67267207,Wake Up Dead Man,exact_year
Safe||1995,Safe,1995.0,2021218,Safe (1995 film),exact_year
The Hunger||1983,The Hunger,1983.0,1139763,The Hunger (1983 film),exact_year
Partner||1968,Partner,1968.0,39145444,Partner (1968 film),exact_year
Sholay||1975,Sholay,1975.0,648216,Sholay,exact_year
City of Hope||1991,City of Hope,1991.0,10479762,City of Hope (1991 film),exact_year
Woman of the Year||1942,Woman of the Year,1942.0,76641,Woman of the Year,exact_year
Barb Wire||1996,Barb Wire,1996.0,4506211,Barb Wire (1996 film),exact_year
Night of the Living Dead||1968,Night of the Living Dead,1968.0,30275,Night of the Living Dead,exact_year
The Car||1977,The Car,1977.0,2938431,The Car (1977 film),exact_year
Blackmail||1929,Blackmail,1929.0,1237381,Blackmail (1929 film),exact_year
The Lion in Winter||1968,The Lion in Winter,1968.0,7870124,The Lion in Winter (1968 film),exact_year
On Golden Pond||1981,On Golden Pond,1981.0,15119799,On Golden Pond (1981 film),exact_year
The Thin Blue Line||1988,The Thin Blue Line,1988.0,597576,The Thin Blue Line (1988 film),exact_year
Footloose||1984,Footloose,1984.0,877743,Footloose,exact_year
Monsoon Wedding||2001,Monsoon Wedding,2001.0,940565,Monsoon Wedding,exact_year
Double Indemnity||1944,Double Indemnity,1944.0,73438,Double Indemnity,exact_year
Paddington||2014,Paddington,2014.0,40525118,Paddington (film),exact_year
Double Suicide||1969,Double Suicide,1969.0,3644578,Double Suicide (1969 film),exact_year
The Shawshank Redemption||1994,The Shawshank Redemption,1994.0,30625,The Shawshank Redemption,exact_year
Up||2009,Up,2009.0,11659396,Up (2009 film),exact_year
Labyrinth||1986,Labyrinth,1986.0,177906,Labyrinth (1986 film),exact_year
Jackie Brown||1997,Jackie Brown,1997.0,394792,Jackie Brown,exact_year
The Right Stuff||1983,The Right Stuff,1983.0,113442,The Right Stuff (film),exact_year
Saving Face||2004,Saving Face,2004.0,2812718,Saving Face (2004 film),exact_year
Body Snatchers||1993,Body Snatchers,1993.0,5735467,Body Snatchers (1993 film),exact_year
Assassination||1964,Assassination,1964.0,8088017,Assassination (1964 film),exact_year
The Day of the Triffids||1963,The Day of the Triffids,1963.0,5832380,The Day of the Triffids (film),exact_year
Home Alone||1990,Home Alone,1990.0,216072,Home Alone,exact_film
Smoke Signals||1998,Smoke Signals,1998.0,1469880,Smoke Signals (film),exact_film
Josie and the Pussycats||2001,Josie and the Pussycats,2001.0,754323,Josie and the Pussycats (film),exact_film
Where the Wild Things Are||2009,Where the Wild Things Are,2009.0,3677015,Where the Wild Things Are (film),exact_film
Myra Breckinridge||1970,Myra Breckinridge,1970.0,6782517,Myra Breckinridge (film),exact_film
High Fidelity||2000,High Fidelity,2000.0,160047,High Fidelity (film),exact_film
Jupiter Ascending||2015,Jupiter Ascending,2015.0,37599043,Jupiter Ascending,exact_film
Demolition Man||1993,Demolition Man,1993.0,548669,Demolition Man (film),exact_film
First Reformed||2018,First Reformed,2018.0,54729955,First Reformed,exact_film
Together Again||1944,Together Again,1944.0,27533931,Together Again (film),exact_film
A Face in the Crowd||1957,A Face in the Crowd,1957.0,2019404,A Face in the Crowd (film),exact_film
The Natural||1984,The Natural,1984.0,11213660,The Natural (film),exact_film
The Hot Rock||1972,The Hot Rock,1972.0,5080099,The Hot Rock (film),exact_film
Jeremiah Johnson||1972,Jeremiah Johnson,1972.0,649482,Jeremiah Johnson (film),exact_film
After the Thin Man||1936,After the Thin Man,1936.0,144637,After the Thin Man,exact_film
The Thin Man||1934,The Thin Man,1934.0,61175,The Thin Man (film),exact_film
The Monkey||2025,The Monkey,2025.0,73762796,The Monkey (film),exact_film
Bugonia||2025,Bugonia,2025.0,76136533,Bugonia (film),exact_film
Eddington||2025,Eddington,2025.0,75843768,Eddington (film),exact_film
Amrum||2025,Amrum,2025.0,79548502,Amrum (film),exact_film
Among Neighbors||2024,Among Neighbors,2024.0,83535228,Among Neighbors,exact_film
Who Framed Roger Rabbit||1988,Who Framed Roger Rabbit,1988.0,76018,Who Framed Roger Rabbit,exact_film
Blow-Up||1966,Blow-Up,1966.0,448385,Blowup,exact_film
Certified Copy||2010,Certified Copy,2010.0,26968376,Certified Copy (film),exact_film
Cloud||2024,Cloud,2024.0,77246399,Cloud (film),exact_film
Splitsville||2025,Splitsville,2025.0,78277967,Splitsville (film),exact_film
Train Dreams||2025,Train Dreams,2025.0,76032207,Train Dreams (film),exact_film
Slap Shot||1977,Slap Shot,1977.0,1412408,Slap Shot,exact_film
The Defiant Ones||1958,The Defiant Ones,1958.0,92642,The Defiant Ones,exact_film
Red Desert||1964,Red Desert,1964.0,1833819,Red Desert (film),exact_film
Gothic||1987,Gothic,1987.0,992455,Gothic (film),exact_film
Taste of Cherry||1997,Taste of Cherry,1997.0,1873693,Taste of Cherry,exact_film
Crimson Peak||2015,Crimson Peak,2015.0,39031627,Crimson Peak,exact_film
Trolls||2016,Trolls,2016.0,37935799,Trolls (film),exact_film
The Philadelphia Story||1940,The Philadelphia Story,1940.0,62592,The Philadelphia Story (film),exact_film
Smokey and the Bandit||1977,Smokey and the Bandit,1977.0,844078,Smokey and the Bandit,exact_film
Desk Set||1957,Desk Set,1957.0,165106,Desk Set,exact_film
The Peanuts Movie||2015,The Peanuts Movie,2015.0,39367067,The Peanuts Movie,exact_film
Finding Nemo||2003,Finding Nemo,2003.0,239587,Finding Nemo,exact_film
Best in Show||2000,Best in Show,2000.0,587507,Best in Show (film),exact_film
Mudbound||2017,Mudbound,2017.0,50355187,Mudbound (film),exact_film
Tank Girl||1995,Tank Girl,1995.0,9415710,Tank Girl (film),exact_film
Nadja||1995,Nadja,1995.0,2812082,Nadja (film),exact_film
Ichi the Killer||2001,Ichi the Killer,2001.0,311179,Ichi the Killer (film),exact_film
Cronos||1993,Cronos,1993.0,3080704,Cronos (film),exact_film
Full Metal Jacket||1987,Full Metal Jacket,1987.0,11701,Full Metal Jacket,exact_film
Pavements||2025,Pavements,2025.0,72475347,Pavements (film),exact_film
Damnation||1988,Damnation,1988.0,6482317,Damnation (film),exact_film
Satantango||1994,Satantango,1994.0,4340438,Sátántangó,exact_film
Requiem for a Dream||2000,Requiem for a Dream,2000.0,23830211,Requiem for a Dream,exact_film
Call Northside 777||1948,Call Northside 777,1948.0,1611590,Call Northside 777,exact_title
Cooley High||1975,Cooley High,1975.0,1692374,Cooley High,exact_title
8 Women||2002,8 Women,2002.0,2594435,8 Women,exact_title
Kill Bill: The Whole Bloody Affair||2011,Kill Bill: The Whole Bloody Affair,2011.0,81317584,Kill Bill: The Whole Bloody Affair,exact_title
Butch Cassidy and the Sundance Kid||1969,Butch Cassidy and the Sundance Kid,1969.0,99031,Butch Cassidy and the Sundance Kid,exact_title
Charlie's Angels: Full Throttle||2003,Charlie's Angels: Full Throttle,2003.0,256337,Charlie's Angels: Full Throttle,exact_title
Elie Wiesel: Soul on Fire||2024,Elie Wiesel: Soul on Fire,2024.0,81327205,Elie Wiesel: Soul on Fire,exact_title
Downhill Racer||1969,Downhill Racer,1969.0,6168251,Downhill Racer,exact_title
Final Destination Bloodlines||2025,Final Destination Bloodlines,2025.0,68017316,Final Destination Bloodlines,exact_title
Henry: Portrait of a Serial Killer||1986,Henry: Portrait of a Serial Killer,1986.0,1141596,Henry: Portrait of a Serial Killer,exact_title
Familiar Touch||2025,Familiar Touch,2025.0,77753484,Familiar Touch,exact_title
Die My Love||2025,Die My Love,2025.0,77177879,Die My Love,exact_title
If I Had Legs I'd Kick You||2025,If I Had Legs I'd Kick You,2025.0,76020898,If I Had Legs I'd Kick You,exact_title
Crossing Delancey||1988,Crossing Delancey,1988.0,954902,Crossing Delancey,exact_title
Happyend||2025,Happyend,2025.0,77550744,Happyend,exact_title
L'Avventura||1960,L'Avventura,1960.0,330874,L'Avventura,exact_title
A Bay of Blood||1971,A Bay of Blood,1971.0,4136530,A Bay of Blood,exact_title
Fear and Desire||1953,Fear and Desire,1953.0,543517,Fear and Desire,exact_title
An Unfinished Film||2024,An Unfinished Film,2024.0,76826415,An Unfinished Film,exact_title
"Now, Voyager||1942","Now, Voyager",1942.0,180993,"Now, Voyager",exact_title
Eve's Bayou||1997,Eve's Bayou,1997.0,2159438,Eve's Bayou,exact_title
Dangerous Liaisons||1988,Dangerous Liaisons,1988.0,75933,Dangerous Liaisons,exact_title
Le Amiche||1955,Le Amiche,1955.0,12710627,Le Amiche,exact_title
A Man Named John||1965,A Man Named John,1965.0,19064014,A Man Named John,exact_title
Can She Bake a Cherry Pie?||1983,Can She Bake a Cherry Pie?,1983.0,23289657,Can She Bake a Cherry Pie?,exact_title
Meet John Doe||1941,Meet John Doe,1941.0,2462689,Meet John Doe,exact_title
Bringing Up Baby||1938,Bringing Up Baby,1938.0,73376,Bringing Up Baby,exact_title
Exorcist II: The Heretic||1977,Exorcist II: The Heretic,1977.0,571383,Exorcist II: The Heretic,exact_title
André Is an Idiot||2026,André Is an Idiot,2026.0,81977450,André Is an Idiot,exact_title
One-Eyed Jacks||1961,One-Eyed Jacks,1961.0,418252,One-Eyed Jacks,exact_title
Paddington 2||2017,Paddington 2,2017.0,52019421,Paddington 2,exact_title
Captive's Island||1966,Captive's Island,1966.0,51934666,Captive's Island,exact_title
Bending the Arc||2017,Bending the Arc,2017.0,53781076,Bending the Arc,exact_title
FernGully: The Last Rainforest||1992,FernGully: The Last Rainforest,1992.0,2108776,FernGully: The Last Rainforest,exact_title
Galaxy Quest||1999,Galaxy Quest,1999.0,13149,Galaxy Quest,exact_title
High Anxiety||1977,High Anxiety,1977.0,442675,High Anxiety,exact_title
Everyone Is Lying to You for Money||2026,Everyone Is Lying to You for Money,2026.0,82972039,Everyone Is Lying to You for Money,exact_title
A.I. Artificial Intelligence||2001,A.I. Artificial Intelligence,2001.0,142224,A.I. Artificial Intelligence,exact_title
The House with Laughing Windows||1976,The House with Laughing Windows,1976.0,7854762,The House with Laughing Windows,exact_title
A Lizard in a Woman's Skin||1971,A Lizard in a Woman's Skin,1971.0,8600276,A Lizard in a Woman's Skin,exact_title
"Steal This Story, Please!||2026","Steal This Story, Please!",2026.0,81593884,"Steal This Story, Please!",exact_title
The Wedding Singer||1998,The Wedding Singer,1998.0,454655,The Wedding Singer,exact_title
Santa Sangre||1989,Santa Sangre,1989.0,1064537,Santa Sangre,exact_title
The Visit||2015,The Visit,2015.0,,,unresolved
Poltergeist III||1988,Poltergeist III,1988.0,,,unresolved
About Last Night...||1986,About Last Night...,1986.0,,,unresolved
Master and Commander: The Far Side of the World||2003,Master and Commander: The Far Side of the World,2003.0,,,unresolved
Nirvanna the Band the Show the Movie||2026,Nirvanna the Band the Show the Movie,2026.0,,,unresolved
Don Hertzfeldt’s Animation Mixtape||2025,Don Hertzfeldt’s Animation Mixtape,2025.0,,,unresolved
Devdas||2002,Devdas,2002.0,,,unresolved
Best of RPM 2025||2025,Best of RPM 2025,2025.0,,,unresolved
None Shall Escape||1944,None Shall Escape,1944.0,,,unresolved
Tokyo Godfathers||2003,Tokyo Godfathers,2003.0,,,unresolved
Don't Open Till Christmas||1984,Don't Open Till Christmas,1984.0,,,unresolved
Rebel Without a Cause / High School||1953,Rebel Without a Cause / High School,1953.0,,,unresolved
Pumping Iron||1977,Pumping Iron,1977.0,,,unresolved
Vanity Street / Three Wise Girls||1932,Vanity Street / Three Wise Girls,1932.0,,,unresolved
The Santa Clause||1994,The Santa Clause,1994.0,,,unresolved
Three Days of the Condor||1975,Three Days of the Condor,1975.0,,,unresolved
The Electric Horseman||1979,The Electric Horseman,1979.0,,,unresolved
Rocky IV||1985,Rocky IV,1985.0,,,unresolved
Die Hard: With a Vengeance||1995,Die Hard: With a Vengeance,1995.0,,,unresolved
The Painter and the Thief||2020,The Painter and the Thief,2020.0,,,unresolved
Occupied City||2023,Occupied City,2023.0,,,unresolved
Fréwaka||2025,Fréwaka,2025.0,,,unresolved
Keaton & Chaplin Double Feature: THE GENERAL / THE IMMIGRANT||1917,Keaton & Chaplin Double Feature: THE GENERAL / THE IMMIGRANT,1917.0,,,unresolved
RPM Fest Presents Crossing Lines: Films by Raymond Rea||1985,RPM Fest Presents Crossing Lines: Films by Raymond Rea,1985.0,,,unresolved
The Conformist||1971,The Conformist,1971.0,,,unresolved
Prickly Mountain and My Design/ Build Life||2025,Prickly Mountain and My Design/ Build Life,2025.0,,,unresolved
Vulcanizadora||2025,Vulcanizadora,2025.0,,,unresolved
One of Them Days||2025,One of Them Days,2025.0,,,unresolved
Friendship||2025,Friendship,2025.0,,,unresolved
Put Your Soul on Your Hand and Walk||2025,Put Your Soul on Your Hand and Walk,2025.0,,,unresolved
The History of Sound||2025,The History of Sound,2025.0,,,unresolved
Peter Hujar's Day||2025,Peter Hujar's Day,2025.0,,,unresolved
Star Wars: Episode III - Revenge of the Sith||2005,Star Wars: Episode III - Revenge of the Sith,2005.0,,,unresolved
The Great Yawn of History||2024,The Great Yawn of History,2024.0,,,unresolved
The Spider's Stratagem||1970,The Spider's Stratagem,1970.0,,,unresolved
Trouble Sleep||2020,Trouble Sleep,2020.0,,,unresolved
The Umbrellas of Cherbourg / Hyena||1964,The Umbrellas of Cherbourg / Hyena,1964.0,,,unresolved
51st Annual Boston Science Fiction Film Marathon||2026,51st Annual Boston Science Fiction Film Marathon,2026.0,,,unresolved
The Holdovers||2023,The Holdovers,2023.0,,,unresolved
Friday the 13th Double Feature||1993,Friday the 13th Double Feature,1993.0,,,unresolved
Saturday the 14th||1981,Saturday the 14th,1981.0,,,unresolved
The Hudsucker Proxy||1994,The Hudsucker Proxy,1994.0,,,unresolved
Pat and Mike||1952,Pat and Mike,1952.0,,,unresolved
The Devil's Rejects||2005,The Devil's Rejects,2005.0,,,unresolved
The Texas Chainsaw Massacre 2||1986,The Texas Chainsaw Massacre 2,1986.0,,,unresolved
Mirrors No. 3||2025,Mirrors No. 3,2025.0,,,unresolved
Pale Flower||1964,Pale Flower,1964.0,,,unresolved
Youth in Fury||1960,Youth in Fury,1960.0,,,unresolved
Bud Abbott and Lou Costello Meet Frankenstein||1948,Bud Abbott and Lou Costello Meet Frankenstein,1948.0,,,unresolved
The Boy with Green Hair||1948,The Boy with Green Hair,1948.0,,,unresolved
RPM Presents “The Blue Rose of Forgetfulness”: Films by Lewis Klahr||2019,RPM Presents “The Blue Rose of Forgetfulness”: Films by Lewis Klahr,2019.0,,,unresolved
I Have Sinned||1936,I Have Sinned,1936.0,,,unresolved
White Material||2010,White Material,2010.0,,,unresolved
The Turin Horse||2011,The Turin Horse,2011.0,,,unresolved
Born Innocent: The Redd Kross Story||2024,Born Innocent: The Redd Kross Story,2024.0,,,unresolved
Aladdin||1992,Aladdin,1992.0,,,unresolved
The Quiet Family||1998,The Quiet Family,1998.0,,,unresolved
A Hot Roof||1995,A Hot Roof,1995.0,,,unresolved
RPM Presents “For All Audiences”: Films by Josh Weissbach||2014,RPM Presents “For All Audiences”: Films by Josh Weissbach,2014.0,,,unresolved
Werckmeister Harmonies||2001,Werckmeister Harmonies,2001.0,,,unresolved
Double Feature: Island of Lost Souls / The Leopard Man||1932,Double Feature: Island of Lost Souls / The Leopard Man,1932.0,,,unresolved
The Half of It||2020,The Half of It,2020.0,,,unresolved
Local Spotlight: Viet Nam: The Aftermath||1982,Local Spotlight: Viet Nam: The Aftermath,1982.0,,,unresolved
